"week","rank_away","rank_home","game_type","neutral","q1_home","q2_home","q3_home","q4_home","first_downs_home","fum_home","int_home","pen_num_home","pen_yards_home","possession_home","spread","home_win","Home Third Down Completion Rate","Home Pass Completion Rate","home_season","Run-Pass Ratio","Rush Yards - Total Yards"
1,26,2,"regular","True",3,17,10,3,30,0,1,7,49,37.78,10,"Win",0.5625,0.7272727272727273,"Alabama_2014",1.4848484848484849,0.5353159851301115
2,26,2,"regular","False",21,10,7,3,27,1,0,6,60,28.5,41,"Win",0.5,0.7105263157894737,"Alabama_2014",0.8421052631578947,0.3064516129032258
3,26,3,"regular","False",7,14,14,17,31,1,0,3,25,34.67,40,"Win",0.6363636363636364,0.7083333333333334,"Alabama_2014",2.0416666666666665,0.6087751371115173
4,26,3,"regular","False",14,7,14,7,28,3,1,11,80,39.27,21,"Win",0.75,0.6857142857142857,"Alabama_2014",1.4857142857142858,0.3318452380952381
8,21,7,"regular","False",10,35,7,7,30,0,0,0,0,36.52,59,"Win",0.6,0.6,"Alabama_2014",1.2857142857142858,0.4950166112956811
12,1,5,"regular","False",5,14,0,6,17,0,0,7,61,28.08,5,"Win",0.35714285714285715,0.6129032258064516,"Alabama_2014",1.032258064516129,0.3701492537313433
13,26,1,"regular","False",10,28,10,0,36,1,1,5,50,38.02,34,"Win",0.6428571428571429,0.6744186046511628,"Alabama_2014",1.0465116279069768,0.4493464052287582
14,15,1,"regular","False",14,7,13,21,24,0,3,3,30,26.1,11,"Win",0.5555555555555556,0.7407407407407407,"Alabama_2014",1.2592592592592593,0.42115027829313545
1,20,3,"regular","True",7,7,14,7,27,0,0,11,120,31.08,18,"Win",0.36363636363636365,0.7586206896551724,"Alabama_2015",1.2758620689655173,0.47410358565737054
2,26,2,"regular","False",7,16,14,0,28,0,2,5,40,32.93,27,"Win",0.3076923076923077,0.6046511627906976,"Alabama_2015",0.9069767441860465,0.41353383458646614
3,15,2,"regular","False",0,10,7,20,29,2,3,4,36,35.43,-6,"Loss",0.55,0.5423728813559322,"Alabama_2015",0.711864406779661,0.4274353876739563
4,26,12,"regular","False",7,7,10,10,17,0,1,7,72,27.47,34,"Win",0.15384615384615385,0.5625,"Alabama_2015",1.09375,0.4521452145214521
6,26,8,"regular","False",3,0,7,17,22,0,2,6,56,33.88,13,"Win",0.4375,0.7272727272727273,"Alabama_2015",1.393939393939394,0.3383838383838384
8,26,8,"regular","False",7,0,3,9,23,0,1,7,64,35.65,5,"Win",0.38461538461538464,0.7777777777777778,"Alabama_2015",1.5555555555555556,0.32142857142857145
10,2,4,"regular","False",0,13,14,3,28,1,0,9,88,39.45,14,"Win",0.4666666666666667,0.75,"Alabama_2015",2.2916666666666665,0.576036866359447
12,26,2,"regular","False",28,21,0,7,23,0,0,2,30,28.7,50,"Win",0.5555555555555556,0.76,"Alabama_2015",1.4,0.4838709677419355
14,18,2,"regular","True",2,10,10,7,25,1,0,5,35,43.48,14,"Win",0.4117647058823529,0.6923076923076923,"Alabama_2015",2.230769230769231,0.5331807780320366
17,3,2,"post","True",0,10,21,7,21,0,0,6,69,32.93,38,"Win",0.3333333333333333,0.8064516129032258,"Alabama_2015",1.1290322580645162,0.35
1,20,1,"regular","True",0,17,21,14,15,1,1,4,29,30.72,46,"Win",0.4,0.6666666666666666,"Alabama_2016",2.5,0.5204301075268817
2,26,1,"regular","False",10,7,7,14,23,1,0,12,84,35.73,28,"Win",0.5,0.5952380952380952,"Alabama_2016",0.9285714285714286,0.26105263157894737
4,26,1,"regular","False",21,20,7,0,26,0,0,2,20,33.55,48,"Win",0.42857142857142855,0.6470588235294118,"Alabama_2016",1.3529411764705883,0.5677290836653387
5,26,1,"regular","False",3,14,14,3,25,1,0,4,20,29.78,28,"Win",0.6428571428571429,0.6578947368421053,"Alabama_2016",0.9736842105263158,0.35450819672131145
8,6,1,"regular","False",6,7,13,7,28,0,2,7,44,35.83,19,"Win",0.5,0.6,"Alabama_2016",2.28,0.6363636363636364
11,26,1,"regular","False",10,20,14,7,26,1,1,3,35,27.37,48,"Win",0.5384615384615384,0.7560975609756098,"Alabama_2016",0.7560975609756098,0.3544715447154472
12,26,1,"regular","False",0,14,7,10,14,1,0,1,10,25.9,28,"Win",0.3076923076923077,0.7142857142857143,"Alabama_2016",1.7619047619047619,0.5903614457831325
13,13,1,"regular","False",10,3,14,3,26,0,2,4,28,40.48,18,"Win",0.5,0.7567567567567568,"Alabama_2016",1.1891891891891893,0.405189620758483
17,4,1,"post","True",7,10,0,7,16,0,0,11,66,30.75,17,"Win",0.2857142857142857,0.5,"Alabama_2016",3.5714285714285716,0.8251533742331288
17,2,1,"post","True",7,7,10,7,16,0,0,9,82,25.27,-4,"Loss",0.13333333333333333,0.4375,"Alabama_2016",1.0625,0.5877659574468085
1,3,1,"regular","True",3,7,11,3,13,0,0,5,30,32.78,17,"Win",0.1875,0.5555555555555556,"Alabama_2017",2.3333333333333335,0.6431226765799256
2,26,1,"regular","False",14,14,3,10,28,0,0,4,30,30.7,31,"Win",0.4,0.7407407407407407,"Alabama_2017",1.4444444444444444,0.613682092555332
3,26,1,"regular","False",17,7,14,3,23,0,0,4,45,26.12,18,"Win",0.5833333333333334,0.6190476190476191,"Alabama_2017",1.8571428571428572,0.49075975359342916
5,26,1,"regular","False",21,14,24,7,26,0,0,7,60,36.62,63,"Win",0.4666666666666667,0.625,"Alabama_2017",2.125,0.5954323001631321
7,26,1,"regular","False",17,7,7,10,23,1,1,6,66,30.45,32,"Win",0.45454545454545453,0.6190476190476191,"Alabama_2017",2.0476190476190474,0.6209677419354839
8,26,1,"regular","False",7,14,10,14,35,1,1,7,56,34.85,38,"Win",0.5384615384615384,0.6666666666666666,"Alabama_2017",1.606060606060606,0.4503311258278146
10,19,2,"regular","False",7,7,7,3,14,0,0,1,11,25.88,14,"Win",0.35714285714285715,0.4583333333333333,"Alabama_2017",1.5,0.3879598662207358
12,26,1,"regular","False",14,21,14,7,22,2,0,1,5,25.2,56,"Win",0.6666666666666666,0.7777777777777778,"Alabama_2017",2.3333333333333335,0.5
1,26,1,"regular","True",14,14,16,7,21,1,0,10,111,31.15,37,"Win",0.6666666666666666,0.6538461538461539,"Alabama_2018",1.6153846153846154,0.4277456647398844
2,26,1,"regular","False",19,21,10,7,26,1,0,4,35,31.73,50,"Win",0.6666666666666666,0.6896551724137931,"Alabama_2018",1.5172413793103448,0.46410684474123537
4,22,1,"regular","False",14,17,14,0,24,0,0,9,82,27.4,22,"Win",0.4,0.7575757575757576,"Alabama_2018",0.8484848484848485,0.20801526717557253
5,26,1,"regular","False",28,21,7,0,26,0,0,3,15,30.07,42,"Win",0.7777777777777778,0.8125,"Alabama_2018",2.875,0.4407894736842105
7,26,1,"regular","False",13,17,2,7,25,1,0,5,60,32.28,29,"Win",0.46153846153846156,0.6333333333333333,"Alabama_2018",1.5,0.3262411347517731
11,16,1,"regular","False",14,7,0,3,23,1,1,0,0,33.92,24,"Win",0.3333333333333333,0.6296296296296297,"Alabama_2018",1.6666666666666667,0.46557377049180326
12,26,1,"regular","False",7,3,27,13,21,2,0,6,68,23.62,33,"Win",0.6,0.8076923076923077,"Alabama_2018",0.8846153846153846,0.33868092691622104
13,26,1,"regular","False",7,10,21,14,23,0,0,8,82,25.38,31,"Win",0.45454545454545453,0.7878787878787878,"Alabama_2018",0.7878787878787878,0.246
17,4,1,"post","True",21,10,0,14,28,0,0,9,86,36.13,11,"Win",0.7,0.8928571428571429,"Alabama_2018",1.5,0.3787878787878788
17,2,1,"post","True",13,3,0,0,23,0,2,6,60,31.62,-28,"Loss",0.3076923076923077,0.6111111111111112,"Alabama_2018",1.0277777777777777,0.3340857787810384
1,26,2,"regular","True",0,14,21,7,30,1,0,8,88,36.62,39,"Win",0.5,0.8333333333333334,"Alabama_2019",1.1666666666666667,0.283203125
2,26,2,"regular","False",21,17,24,0,23,0,0,4,35,27.95,52,"Win",0.5,0.6363636363636364,"Alabama_2019",0.9696969696969697,0.527363184079602
4,26,2,"regular","False",14,14,14,7,24,0,1,1,15,27.08,42,"Win",0.6,0.8,"Alabama_2019",1.4,0.3424124513618677
5,26,2,"regular","False",7,31,14,7,28,1,0,10,76,29.62,28,"Win",0.5,0.7027027027027027,"Alabama_2019",0.8108108108108109,0.2705061082024433
8,26,1,"regular","False",14,7,7,7,23,0,1,8,93,28.27,22,"Win",0.6,0.75,"Alabama_2019",1.4166666666666667,0.3753351206434316
9,26,1,"regular","False",17,24,7,0,23,0,0,6,60,34.57,41,"Win",0.6153846153846154,0.8,"Alabama_2019",1.2666666666666666,0.3899782135076253
11,2,3,"regular","False",7,6,7,21,22,1,1,7,53,25.43,-5,"Loss",0.4,0.525,"Alabama_2019",0.7,0.22735674676524953
13,26,5,"regular","False",17,21,21,7,23,1,0,4,45,27.85,63,"Win",0.625,0.8,"Alabama_2019",2.8,0.4269870609981516
17,14,13,"post","True",7,7,7,14,20,0,0,5,25,25.22,19,"Win",0.4,0.64,"Alabama_2019",1.2,0.31875
5,13,2,"regular","False",14,21,7,10,22,0,1,6,40,22.3,28,"Win",0.5,0.7407407407407407,"Alabama_2020",1.037037037037037,0.20036764705882354
7,3,2,"regular","False",7,13,14,7,33,0,1,6,43,33.98,17,"Win",0.5454545454545454,0.7272727272727273,"Alabama_2020",1.303030303030303,0.26063829787234044
9,26,2,"regular","False",17,10,0,14,26,1,0,10,71,31.7,41,"Win",0.42857142857142855,0.7272727272727273,"Alabama_2020",1.2121212121212122,0.4168336673346693
12,26,1,"regular","False",7,21,21,14,29,0,1,4,30,31.08,60,"Win",0.6666666666666666,0.6923076923076923,"Alabama_2020",1.5384615384615385,0.444007858546169
13,22,1,"regular","False",7,14,14,7,20,1,0,4,30,23.5,29,"Win",0.6,0.6923076923076923,"Alabama_2020",1.0384615384615385,0.32134831460674157
17,4,1,"post","True",14,7,7,3,24,0,0,6,59,26.28,17,"Win",0.6,0.8333333333333334,"Alabama_2020",0.8333333333333334,0.32036613272311215
17,3,1,"post","True",7,28,10,7,33,1,0,6,44,37.43,28,"Win",0.5454545454545454,0.8,"Alabama_2020",0.8444444444444444,0.2528180354267311
2,26,1,"regular","False",14,17,14,3,24,0,0,9,95,29.85,34,"Win",0.38461538461538464,0.6451612903225806,"Alabama_2021",1.096774193548387,0.37264150943396224
4,26,1,"regular","False",21,21,7,14,22,0,1,7,62,28.7,49,"Win",0.6,0.8846153846153846,"Alabama_2021",1.2692307692307692,0.3481848184818482
5,12,1,"regular","False",7,21,7,7,27,0,1,5,52,37.98,21,"Win",0.46153846153846156,0.7692307692307693,"Alabama_2021",1.9230769230769231,0.4656319290465632
8,26,4,"regular","False",7,14,3,28,33,1,0,4,30,40.43,28,"Win",0.75,0.7209302325581395,"Alabama_2021",1.1395348837209303,0.35365853658536583
10,26,2,"regular","False",0,14,6,0,16,1,0,9,64,28.73,6,"Win",0.3076923076923077,0.6486486486486487,"Alabama_2021",0.7027027027027027,0.01948051948051948
11,26,2,"regular","False",14,35,0,10,30,1,0,4,37,30.55,56,"Win",0.6666666666666666,0.8108108108108109,"Alabama_2021",1.1081081081081081,0.42078364565587734
12,21,2,"regular","False",3,21,10,8,29,1,0,5,45,30.5,7,"Win",0.5454545454545454,0.775,"Alabama_2021",0.9,0.16691505216095381
14,1,3,"regular","True",0,24,7,10,25,0,0,7,85,25.78,17,"Win",0.5,0.5909090909090909,"Alabama_2021",0.5909090909090909,0.21455223880597016
17,4,1,"post","True",7,10,0,10,27,0,1,6,36,33.68,21,"Win",0.38461538461538464,0.6071428571428571,"Alabama_2021",1.6785714285714286,0.6244813278008299
17,3,1,"post","True",3,6,0,9,22,0,2,6,42,31.53,-15,"Loss",0.45,0.6140350877192983,"Alabama_2021",0.49122807017543857,0.07518796992481203
1,26,1,"regular","False",17,24,14,0,30,0,1,6,40,31.85,55,"Win",0.6,0.675,"Alabama_2022",0.8,0.49731663685152055
3,26,2,"regular","False",28,7,14,14,23,0,2,6,60,23.62,56,"Win",0.16666666666666666,0.65,"Alabama_2022",1.95,0.5363457760314342
4,26,2,"regular","False",14,17,10,14,34,1,0,6,55,32.28,52,"Win",0.5833333333333334,0.6976744186046512,"Alabama_2022",0.7906976744186046,0.3630573248407643
6,26,1,"regular","False",0,17,7,0,24,3,1,6,73,29.93,4,"Win",0.35714285714285715,0.631578947368421,"Alabama_2022",2.6842105263157894,0.7204030226700252
8,24,6,"regular","False",7,17,0,6,21,0,0,3,20,29.52,24,"Win",0.47058823529411764,0.5945945945945946,"Alabama_2022",0.7297297297297297,0.1
12,26,8,"regular","False",7,10,10,7,27,2,1,4,30,35.68,34,"Win",0.4166666666666667,0.7333333333333333,"Alabama_2022",1.5,0.4990512333965844
13,26,7,"regular","False",14,21,7,7,26,0,1,11,102,28.83,22,"Win",0.6666666666666666,0.6666666666666666,"Alabama_2022",1.1333333333333333,0.33527131782945735
1,26,4,"regular","False",14,14,14,14,23,0,0,2,19,29.05,49,"Win",0.7692307692307693,0.7083333333333334,"Alabama_2023",1.6666666666666667,0.4756380510440835
2,11,3,"regular","False",0,6,10,8,18,0,2,10,90,27.48,-10,"Loss",0.35714285714285715,0.5185185185185185,"Alabama_2023",1.2962962962962963,0.2955801104972376
4,15,13,"regular","False",3,3,11,7,20,0,1,6,60,34.38,14,"Win",0.46153846153846156,0.8095238095238095,"Alabama_2023",2.142857142857143,0.36797752808988765
7,26,11,"regular","False",7,14,3,0,18,0,0,5,45,29.82,3,"Win",0.42857142857142855,0.47619047619047616,"Alabama_2023",2.0,0.42650602409638555
8,17,11,"regular","False",0,7,17,10,20,1,1,1,5,32.32,14,"Win",0.38461538461538464,0.6666666666666666,"Alabama_2023",2.0,0.3854748603351955
10,14,8,"regular","False",14,7,14,7,28,0,0,6,50,33.55,14,"Win",0.7857142857142857,0.6521739130434783,"Alabama_2023",2.0,0.5680473372781065
12,26,8,"regular","False",21,17,14,14,21,0,0,3,25,26.48,56,"Win",0.6666666666666666,0.7916666666666666,"Alabama_2023",1.375,0.5487804878048781
14,1,8,"regular","True",3,14,3,7,20,0,0,3,36,31.15,3,"Win",0.23076923076923078,0.5652173913043478,"Alabama_2023",1.7826086956521738,0.37254901960784315
1,26,5,"regular","False",21,21,14,7,25,1,0,7,59,30.58,63,"Win",0.6153846153846154,0.6666666666666666,"Alabama_2024",2.611111111111111,0.5566666666666666
2,26,4,"regular","False",7,7,0,28,20,3,0,13,120,31.07,26,"Win",0.38461538461538464,0.6153846153846154,"Alabama_2024",1.6153846153846154,0.5063613231552163
5,2,4,"regular","False",21,9,3,8,21,0,1,10,90,32.57,7,"Win",0.2727272727272727,0.8181818181818182,"Alabama_2024",0.9090909090909091,0.32123411978221417
7,26,7,"regular","False",7,7,0,13,20,0,2,7,67,28.28,2,"Win",0.45454545454545453,0.6956521739130435,"Alabama_2024",1.6521739130434783,0.33226837060702874
9,21,15,"regular","False",3,10,14,7,22,0,0,7,85,29.98,34,"Win",0.2222222222222222,0.6153846153846154,"Alabama_2024",1.4230769230769231,0.5576131687242798
12,26,10,"regular","False",14,17,7,14,29,0,0,6,60,33.8,45,"Win",0.5333333333333333,0.6571428571428571,"Alabama_2024",1.2,0.3720472440944882
14,26,13,"regular","False",7,7,14,0,25,3,1,6,66,36.58,14,"Win",0.6666666666666666,0.75,"Alabama_2024",2.25,0.43982494529540483
2,26,26,"regular","False",35,21,7,10,26,0,1,7,69,25.85,66,"Win",0.5,0.5714285714285714,"Arkansas_2014",2.857142857142857,0.7236842105263158
4,26,26,"regular","False",21,7,7,17,24,0,0,4,30,34.63,38,"Win",0.7142857142857143,0.6956521739130435,"Arkansas_2014",1.9565217391304348,0.4964871194379391
7,7,26,"regular","False",0,6,7,0,18,2,1,4,28,34.22,-1,"Loss",0.47368421052631576,0.525,"Arkansas_2014",0.975,0.2656716417910448
8,10,26,"regular","False",6,0,13,13,29,2,2,7,79,34.9,-13,"Loss",0.5333333333333333,0.6222222222222222,"Arkansas_2014",0.8222222222222222,0.2985781990521327
9,26,26,"regular","False",14,21,10,0,24,1,0,2,9,35.97,28,"Win",0.46153846153846156,0.6153846153846154,"Arkansas_2014",1.7692307692307692,0.5640495867768595
12,17,26,"regular","False",3,7,0,7,17,0,0,4,43,31.9,17,"Win",0.5882352941176471,0.5925925925925926,"Arkansas_2014",1.4074074074074074,0.35984848484848486
13,8,26,"regular","False",17,0,10,3,17,1,0,6,44,34.02,30,"Win",0.26666666666666666,0.47058823529411764,"Arkansas_2014",2.9411764705882355,0.5112540192926045
1,26,18,"regular","False",14,14,17,3,18,0,0,6,68,29.32,35,"Win",0.45454545454545453,0.7,"Arkansas_2015",1.7,0.37142857142857144
2,26,18,"regular","False",0,7,0,5,30,0,1,9,85,37.92,-4,"Loss",0.38461538461538464,0.6037735849056604,"Arkansas_2015",0.5849056603773585,0.2
3,26,26,"regular","False",7,14,3,0,23,1,1,5,43,36.72,-11,"Loss",0.6363636363636364,0.7619047619047619,"Arkansas_2015",2.0476190476190474,0.5377358490566038
4,14,26,"regular","True",7,0,7,7,25,1,1,11,93,39.47,-7,"Loss",0.5,0.8,"Arkansas_2015",1.68,0.5076586433260394
8,26,26,"regular","False",7,7,7,3,29,0,1,3,25,32.85,8,"Win",0.5625,0.625,"Arkansas_2015",1.53125,0.4660831509846827
9,26,26,"regular","False",7,28,21,7,22,0,0,3,25,28.72,35,"Win",0.42857142857142855,0.75,"Arkansas_2015",1.8,0.49238578680203043
12,26,26,"regular","False",7,14,21,8,24,0,0,1,9,32.15,-1,"Loss",0.5714285714285714,0.6976744186046512,"Arkansas_2015",0.6744186046511628,0.1524008350730689
13,26,26,"regular","False",7,14,7,0,19,0,1,1,5,40.25,25,"Win",0.4,0.6470588235294118,"Arkansas_2015",3.0588235294117645,0.6709677419354839
17,26,26,"post","True",14,10,7,14,30,0,1,2,20,37.5,22,"Win",0.6,0.7692307692307693,"Arkansas_2015",1.6153846153846154,0.44639718804920914
1,26,26,"regular","False",7,7,0,7,21,0,2,4,35,36.68,1,"Win",0.25,0.6896551724137931,"Arkansas_2016",1.3793103448275863,0.3569023569023569
3,26,24,"regular","False",14,21,7,0,26,1,0,7,40,34.48,39,"Win",0.4444444444444444,0.7272727272727273,"Arkansas_2016",2.0,0.48394004282655245
5,26,20,"regular","False",24,0,14,14,25,1,0,4,45,28.08,42,"Win",0.2857142857142857,0.7222222222222222,"Arkansas_2016",2.111111111111111,0.631484794275492
6,1,16,"regular","False",7,10,7,6,25,2,3,6,60,37.12,-19,"Loss",0.5,0.5208333333333334,"Arkansas_2016",0.75,0.1543340380549683
7,12,22,"regular","False",14,6,7,7,27,0,1,6,71,40.63,4,"Win",0.3125,0.59375,"Arkansas_2016",1.59375,0.4662004662004662
10,11,26,"regular","False",14,7,0,10,22,0,1,9,97,39.35,21,"Win",0.42857142857142855,0.5769230769230769,"Arkansas_2016",1.8846153846153846,0.47854077253218885
11,24,25,"regular","False",0,7,3,0,13,1,2,7,56,24.82,-28,"Loss",0.38461538461538464,0.4838709677419355,"Arkansas_2016",0.7741935483870968,0.27835051546391754
1,26,26,"regular","True",7,14,14,14,26,0,1,2,20,34.5,42,"Win",0.7,0.7272727272727273,"Arkansas_2017",2.0454545454545454,0.5686746987951807
2,23,26,"regular","False",7,0,0,0,13,1,0,5,49,26.13,-21,"Loss",0.2857142857142857,0.391304347826087,"Arkansas_2017",1.3478260869565217,0.48314606741573035
4,26,26,"regular","True",7,14,7,15,21,0,1,9,69,32.28,-7,"Loss",0.38461538461538464,0.48148148148148145,"Arkansas_2017",1.6666666666666667,0.49452954048140046
5,26,26,"regular","False",14,14,7,7,29,0,1,3,35,41.58,18,"Win",0.6923076923076923,0.7307692307692307,"Arkansas_2017",1.9615384615384615,0.46558704453441296
8,21,26,"regular","False",3,3,7,7,19,3,0,7,50,28.83,-32,"Loss",0.3125,0.5769230769230769,"Arkansas_2017",1.6153846153846154,0.5119760479041916
10,26,26,"regular","False",7,10,8,14,21,1,0,5,52,28.97,1,"Win",0.3333333333333333,0.64,"Arkansas_2017",1.4,0.49521988527724664
12,16,26,"regular","False",14,0,7,0,12,1,0,4,35,26.48,-7,"Loss",0.2727272727272727,0.6666666666666666,"Arkansas_2017",1.8888888888888888,0.43891402714932126
13,26,26,"regular","False",21,7,7,10,19,0,1,8,76,26.65,-3,"Loss",0.38461538461538464,0.4666666666666667,"Arkansas_2017",1.0333333333333334,0.2982062780269058
1,26,26,"regular","False",10,28,10,7,18,0,0,4,40,29.17,35,"Win",0.4666666666666667,0.7241379310344828,"Arkansas_2018",1.2758620689655173,0.18475750577367206
3,26,26,"regular","False",0,10,0,7,20,0,6,10,70,29.93,-27,"Loss",0.25,0.4444444444444444,"Arkansas_2018",0.7111111111111111,0.375
6,1,26,"regular","False",7,7,3,14,22,2,1,2,20,32.93,-34,"Loss",0.5,0.65,"Arkansas_2018",0.775,0.4246913580246914
7,26,26,"regular","False",17,10,6,0,27,0,1,5,65,35.3,-4,"Loss",0.2222222222222222,0.6818181818181818,"Arkansas_2018",2.1818181818181817,0.6289308176100629
8,26,26,"regular","False",0,10,10,3,20,1,1,3,40,35.43,23,"Win",0.4,0.5789473684210527,"Arkansas_2018",2.789473684210526,0.599388379204893
9,26,26,"regular","False",7,7,3,14,21,0,2,6,46,24.47,-14,"Loss",0.5,0.6388888888888888,"Arkansas_2018",0.8055555555555556,0.46308724832214765
11,7,26,"regular","False",0,3,0,14,14,1,1,6,60,24.08,-7,"Loss",0.16666666666666666,0.48717948717948717,"Arkansas_2018",0.48717948717948717,0.07407407407407407
1,26,26,"regular","False",10,0,7,3,26,0,1,7,70,33.63,7,"Win",0.3333333333333333,0.5142857142857142,"Arkansas_2019",1.2,0.5164556962025316
3,26,26,"regular","False",24,3,7,21,23,1,0,5,49,26.07,21,"Win",0.5,0.5714285714285714,"Arkansas_2019",1.0,0.41346153846153844
4,26,26,"regular","False",7,0,3,14,26,0,5,6,62,29.1,-7,"Loss",0.4,0.56,"Arkansas_2019",0.64,0.26899383983572894
5,23,26,"regular","True",0,17,7,3,26,0,1,8,48,27.38,-4,"Loss",0.38461538461538464,0.6136363636363636,"Arkansas_2019",0.5909090909090909,0.2481012658227848
8,11,26,"regular","False",0,0,10,0,14,2,2,4,34,29.58,-41,"Loss",0.23529411764705882,0.475,"Arkansas_2019",0.7,0.2222222222222222
10,26,26,"regular","False",0,10,7,7,10,1,1,2,10,19.85,-30,"Loss",0.16666666666666666,0.375,"Arkansas_2019",1.0416666666666667,0.6456140350877193
11,26,26,"regular","False",7,0,0,12,12,0,2,3,25,23.05,-26,"Loss",0.3333333333333333,0.34615384615384615,"Arkansas_2019",1.0769230769230769,0.7441176470588236
14,26,26,"regular","False",7,0,7,0,16,0,0,7,50,28.5,-10,"Loss",0.3076923076923077,0.3548387096774194,"Arkansas_2019",1.0,0.6818181818181818
4,4,26,"regular","False",7,0,3,0,15,0,3,10,53,24.23,-27,"Loss",0.21428571428571427,0.5128205128205128,"Arkansas_2020",0.717948717948718,0.275
7,26,26,"regular","False",7,13,0,13,24,1,1,3,15,30.48,12,"Win",0.35294117647058826,0.6176470588235294,"Arkansas_2020",1.411764705882353,0.38071065989847713
10,26,26,"regular","False",0,0,24,0,21,0,0,2,20,27.02,11,"Win",0.5294117647058824,0.72,"Arkansas_2020",1.8,0.4794188861985472
12,26,26,"regular","False",7,7,7,3,14,0,1,5,42,18.28,-3,"Loss",0.0,0.6538461538461539,"Arkansas_2020",1.0384615384615385,0.23476297968397292
15,1,26,"regular","False",3,0,0,0,13,3,1,8,36,26.75,-49,"Loss",0.3333333333333333,0.5294117647058824,"Arkansas_2020",2.5294117647058822,0.425531914893617
1,26,26,"regular","False",7,0,10,21,18,0,1,13,117,26.1,21,"Win",0.2727272727272727,0.5714285714285714,"Arkansas_2021",2.0952380952380953,0.6568364611260054
2,15,26,"regular","False",3,13,17,7,21,0,1,4,40,31.05,19,"Win",0.45454545454545453,0.7368421052631579,"Arkansas_2021",2.473684210526316,0.7070063694267515
3,26,20,"regular","False",14,10,14,7,27,0,0,9,93,33.1,35,"Win",0.4666666666666667,0.56,"Arkansas_2021",1.92,0.42496050552922593
4,7,16,"regular","True",10,7,0,3,20,0,0,10,65,30.83,10,"Win",0.23076923076923078,0.47368421052631576,"Arkansas_2021",2.5789473684210527,0.44469525959367945
7,26,17,"regular","False",3,7,13,0,29,1,0,4,41,34.37,-15,"Loss",0.5263157894736842,0.6,"Arkansas_2021",1.542857142857143,0.5043478260869565
8,26,26,"regular","False",17,28,0,0,25,2,0,9,76,23.7,42,"Win",0.2222222222222222,0.5,"Arkansas_2021",1.8636363636363635,0.5773809523809523
10,17,26,"regular","False",10,3,3,15,23,0,0,11,84,27.77,3,"Win",0.46153846153846156,0.76,"Arkansas_2021",1.8,0.5139949109414759
13,26,25,"regular","False",3,7,14,10,14,1,0,6,55,24.82,17,"Win",0.36363636363636365,0.75,"Arkansas_2021",1.65,0.3835294117647059
17,26,21,"post","True",7,0,17,0,25,0,2,6,40,35.88,14,"Win",0.2857142857142857,0.7,"Arkansas_2021",2.9,0.7827050997782705
1,23,19,"regular","False",7,7,10,7,23,1,0,7,63,28.6,7,"Win",0.5,0.6923076923076923,"Arkansas_2022",1.7307692307692308,0.5011185682326622
2,26,16,"regular","False",7,14,0,23,28,0,0,10,121,34.62,14,"Win",0.5625,0.8571428571428571,"Arkansas_2022",3.0952380952380953,0.6455142231947484
3,26,10,"regular","False",0,14,3,21,22,2,1,6,58,24.15,11,"Win",0.38461538461538464,0.6129032258064516,"Arkansas_2022",1.1612903225806452,0.35510887772194305
5,2,20,"regular","False",0,7,16,3,27,1,0,6,31,33.45,-23,"Loss",0.29411764705882354,0.5,"Arkansas_2022",1.5,0.4960212201591512
10,26,26,"regular","False",0,3,2,14,22,0,2,6,36,29.37,-2,"Loss",0.25,0.6216216216216216,"Arkansas_2022",1.135135135135135,0.3364485981308411
11,7,26,"regular","False",3,0,0,7,15,2,0,2,15,27.27,-3,"Loss",0.35294117647058826,0.5454545454545454,"Arkansas_2022",2.090909090909091,0.5341365461847389
12,14,26,"regular","False",14,21,7,0,24,0,0,7,61,29.83,15,"Win",0.4166666666666667,0.7727272727272727,"Arkansas_2022",1.9545454545454546,0.6660039761431411
17,26,26,"post","True",24,7,7,0,29,1,1,7,61,29.13,2,"Win",0.5333333333333333,0.6551724137931034,"Arkansas_2022",1.793103448275862,0.57856093979442
1,26,26,"regular","False",21,14,7,14,21,0,0,7,86,29.28,43,"Win",0.46153846153846156,0.8,"Arkansas_2023",1.44,0.2770448548812665
2,26,26,"regular","False",7,7,7,7,19,0,0,4,34,32.27,22,"Win",0.6428571428571429,0.6842105263157895,"Arkansas_2023",2.3684210526315788,0.5584415584415584
3,26,26,"regular","False",14,10,7,0,21,1,1,14,125,35.17,-7,"Loss",0.15384615384615385,0.6857142857142857,"Arkansas_2023",1.1142857142857143,0.41745283018867924
5,26,26,"regular","True",3,3,10,6,10,0,1,0,0,29.45,-12,"Loss",0.3333333333333333,0.5294117647058824,"Arkansas_2023",2.2941176470588234,0.2413793103448276
8,26,26,"regular","False",3,0,0,0,12,1,1,5,60,31.42,-4,"Loss",0.29411764705882354,0.6129032258064516,"Arkansas_2023",1.1935483870967742,0.515
11,26,26,"regular","False",3,0,0,7,10,2,0,4,35,21.75,-38,"Loss",0.08333333333333333,0.6,"Arkansas_2023",1.6,0.47058823529411764
12,26,26,"regular","False",7,24,7,6,24,0,0,6,70,33.87,24,"Win",0.4,0.5517241379310345,"Arkansas_2023",1.8620689655172413,0.6333333333333333
13,9,26,"regular","False",0,0,0,14,13,5,0,7,58,28.67,-34,"Loss",0.4,0.6363636363636364,"Arkansas_2023",1.8636363636363635,0.5644444444444444
1,26,26,"regular","True",28,21,7,14,34,0,0,6,48,32.25,70,"Win",1.0,0.7567567567567568,"Arkansas_2024",0.8918918918918919,0.40611353711790393
3,26,26,"regular","False",3,17,7,10,29,0,1,6,65,27.35,10,"Win",0.5833333333333334,0.4230769230769231,"Arkansas_2024",1.4615384615384615,0.6229508196721312
6,4,26,"regular","False",3,0,7,9,23,0,0,6,45,35.48,5,"Win",0.375,0.7,"Arkansas_2024",1.4666666666666666,0.3109048723897912
8,8,26,"regular","False",0,7,3,0,15,2,1,7,78,21.12,-24,"Loss",0.4444444444444444,0.6774193548387096,"Arkansas_2024",0.6129032258064516,0.1366906474820144
10,19,26,"regular","False",3,7,14,7,24,2,0,10,95,28.57,-32,"Loss",0.4166666666666667,0.75,"Arkansas_2024",1.3214285714285714,0.258130081300813
12,3,26,"regular","False",0,0,7,3,15,1,1,2,15,29.02,-10,"Loss",0.4166666666666667,0.68,"Arkansas_2024",1.36,0.354978354978355
13,26,26,"regular","False",0,14,7,14,26,2,1,8,78,28.83,21,"Win",0.09090909090909091,0.5405405405405406,"Arkansas_2024",1.0810810810810811,0.513215859030837
17,26,26,"post","True",21,3,10,5,20,1,0,10,46,29.63,13,"Win",0.5,0.5238095238095238,"Arkansas_2024",2.142857142857143,0.38998211091234347
1,26,6,"regular","False",14,7,14,10,27,1,0,7,71,32.72,24,"Win",0.6428571428571429,0.7272727272727273,"Auburn_2014",2.1818181818181817,0.507563025210084
2,26,5,"regular","False",14,24,7,14,26,2,0,5,45,25.18,46,"Win",0.7142857142857143,0.5652173913043478,"Auburn_2014",2.1739130434782608,0.7261663286004056
5,26,5,"regular","False",7,17,0,21,23,0,0,5,51,28.18,28,"Win",0.42857142857142855,0.6363636363636364,"Auburn_2014",2.1818181818181817,0.5369978858350951
6,15,5,"regular","False",17,14,3,7,25,1,0,7,80,32.38,34,"Win",0.5,0.68,"Auburn_2014",1.96,0.5265017667844523
9,26,5,"regular","False",7,14,14,7,25,1,0,4,53,35.15,7,"Win",0.75,0.8666666666666667,"Auburn_2014",3.1333333333333333,0.7168784029038112
11,26,3,"regular","False",14,3,7,14,31,3,0,8,65,32.67,-3,"Loss",0.6363636363636364,0.7142857142857143,"Auburn_2014",2.8095238095238093,0.6237113402061856
13,26,14,"regular","False",0,17,7,7,22,0,1,8,76,29.95,24,"Win",0.5,0.5909090909090909,"Auburn_2014",2.1363636363636362,0.5181347150259067
1,26,6,"regular","True",7,10,7,7,21,0,3,8,80,29.17,7,"Win",0.4,0.5238095238095238,"Auburn_2015",1.9523809523809523,0.581039755351682
2,26,6,"regular","False",3,3,7,7,23,1,2,3,40,23.62,7,"Win",0.5833333333333334,0.65625,"Auburn_2015",1.1875,0.4114713216957606
4,26,26,"regular","False",0,0,6,3,25,0,1,6,40,36.17,-8,"Loss",0.2857142857142857,0.7142857142857143,"Auburn_2015",1.7857142857142858,0.5167095115681234
5,26,26,"regular","False",14,7,7,7,15,0,0,1,15,26.05,14,"Win",0.5454545454545454,0.6,"Auburn_2015",4.8,0.6842105263157895
9,19,26,"regular","False",3,7,3,6,18,0,1,3,20,26.5,-8,"Loss",0.13333333333333333,0.40625,"Auburn_2015",1.28125,0.2927400468384075
11,26,26,"regular","False",7,3,0,3,16,2,1,2,16,24.18,-7,"Loss",0.2857142857142857,0.5555555555555556,"Auburn_2015",1.3703703703703705,0.7745454545454545
12,26,26,"regular","False",14,21,14,7,25,0,0,11,107,27.2,22,"Win",0.5384615384615384,0.6842105263157895,"Auburn_2015",2.6842105263157894,0.6456521739130435
13,2,26,"regular","False",6,0,7,0,12,1,0,8,62,24.62,-16,"Loss",0.2,0.43478260869565216,"Auburn_2015",1.608695652173913,0.3486590038314176
1,2,26,"regular","False",0,3,0,10,17,1,2,9,60,29.52,-6,"Loss",0.17647058823529413,0.5,"Auburn_2016",1.3666666666666667,0.3320610687022901
2,26,26,"regular","False",14,24,10,3,32,1,0,5,40,35.7,37,"Win",0.7333333333333333,0.7391304347826086,"Auburn_2016",2.6956521739130435,0.6543909348441926
3,17,26,"regular","False",7,3,0,6,26,1,0,6,28,31.07,-13,"Loss",0.35294117647058826,0.6285714285714286,"Auburn_2016",1.542857142857143,0.5914786967418546
4,18,26,"regular","False",3,6,3,6,18,1,0,4,28,32.18,5,"Win",0.42105263157894735,0.7307692307692307,"Auburn_2016",1.8846153846153846,0.39690721649484534
5,26,26,"regular","False",14,14,28,2,36,1,0,3,15,33.25,51,"Win",0.8181818181818182,0.8333333333333334,"Auburn_2016",3.6666666666666665,0.5959302325581395
8,17,21,"regular","False",21,7,14,14,26,0,0,2,10,27.38,53,"Win",0.5833333333333334,0.5833333333333334,"Auburn_2016",4.75,0.8591772151898734
10,26,9,"regular","False",7,3,10,3,16,1,0,5,56,24.85,7,"Win",0.3333333333333333,0.7058823529411765,"Auburn_2016",2.6470588235294117,0.7020725388601037
12,26,15,"regular","False",14,10,24,7,28,1,0,5,50,32.52,55,"Win",0.42857142857142855,0.7,"Auburn_2016",2.95,0.754180602006689
1,26,12,"regular","False",10,14,10,7,25,2,1,4,42,30.53,34,"Win",0.375,0.5769230769230769,"Auburn_2017",2.0384615384615383,0.6560747663551402
3,26,15,"regular","False",7,3,7,7,26,4,1,6,65,27.87,14,"Win",0.7058823529411765,0.8648648648648649,"Auburn_2017",1.162162162162162,0.28627450980392155
5,24,13,"regular","False",14,7,7,21,14,2,0,1,15,25.67,39,"Win",0.5,0.8235294117647058,"Auburn_2017",2.2941176470588234,0.4774951076320939
6,26,12,"regular","False",14,21,6,3,25,0,0,3,30,32.13,21,"Win",0.5625,0.6666666666666666,"Auburn_2017",2.4285714285714284,0.5811051693404634
11,1,10,"regular","False",6,10,14,10,25,0,0,5,29,33.1,23,"Win",0.3076923076923077,0.68,"Auburn_2017",1.84,0.48565573770491804
12,26,6,"regular","False",7,7,14,14,25,1,1,5,41,28.35,28,"Win",0.5,0.75,"Auburn_2017",2.0,0.5742753623188406
13,1,6,"regular","False",7,3,10,6,25,1,0,4,40,36.03,12,"Win",0.5,0.7586206896551724,"Auburn_2017",1.6896551724137931,0.4117647058823529
14,6,2,"regular","True",7,0,0,0,18,2,0,5,39,26.97,-21,"Loss",0.3076923076923077,0.5,"Auburn_2017",0.96875,0.44015444015444016
17,12,7,"post","True",3,3,14,7,28,1,2,8,61,34.25,-7,"Loss",0.5,0.6511627906976745,"Auburn_2017",1.0232558139534884,0.21377672209026127
1,6,9,"regular","True",9,6,0,6,27,0,0,12,111,31.0,5,"Win",0.5,0.7222222222222222,"Auburn_2018",1.25,0.35
2,26,7,"regular","False",21,21,7,14,28,4,0,4,30,29.4,54,"Win",0.2,0.5714285714285714,"Auburn_2018",4.214285714285714,0.7566137566137566
3,12,7,"regular","False",0,14,7,0,19,0,2,9,111,24.93,-1,"Loss",0.3333333333333333,0.5714285714285714,"Auburn_2018",1.3571428571428572,0.39634146341463417
4,26,9,"regular","False",10,7,7,10,13,0,0,7,40,27.52,31,"Win",0.3076923076923077,0.6818181818181818,"Auburn_2018",1.6363636363636365,0.40444444444444444
5,26,10,"regular","False",7,7,7,3,17,1,0,9,78,30.65,11,"Win",0.3125,0.5757575757575758,"Auburn_2018",1.0909090909090908,0.28152492668621704
7,26,21,"regular","False",10,7,0,7,22,1,2,5,38,25.98,-6,"Loss",0.5625,0.6086956521739131,"Auburn_2018",0.7391304347826086,0.28125
10,20,26,"regular","False",7,7,0,14,13,0,0,6,39,21.32,4,"Win",0.2727272727272727,0.6333333333333333,"Auburn_2018",0.7,0.0683453237410072
12,26,26,"regular","False",15,17,21,0,29,0,0,3,25,39.22,53,"Win",0.16666666666666666,0.6666666666666666,"Auburn_2018",2.9047619047619047,0.64030131826742
17,26,26,"post","True",28,28,7,0,24,0,0,3,35,34.18,49,"Win",0.5,0.6956521739130435,"Auburn_2018",2.260869565217391,0.35494880546075086
1,11,16,"regular","True",3,3,7,14,21,0,2,7,60,27.53,6,"Win",0.4117647058823529,0.40625,"Auburn_2019",1.34375,0.5378590078328982
2,26,10,"regular","False",0,14,7,3,20,2,0,5,51,34.55,18,"Win",0.5263157894736842,0.5135135135135135,"Auburn_2019",1.2162162162162162,0.45382585751978893
3,26,8,"regular","False",14,10,14,17,32,0,0,6,59,33.38,39,"Win",0.6153846153846154,0.7647058823529411,"Auburn_2019",3.6470588235294117,0.7377567140600316
5,26,7,"regular","False",21,21,7,7,25,3,0,5,37,27.42,33,"Win",0.6,0.75,"Auburn_2019",1.875,0.3754325259515571
10,26,11,"regular","False",0,10,10,0,26,1,0,3,44,36.05,6,"Win",0.5714285714285714,0.6818181818181818,"Auburn_2019",1.0454545454545454,0.32938856015779094
12,4,12,"regular","False",0,0,0,14,22,1,0,4,35,32.28,-7,"Loss",0.2777777777777778,0.6,"Auburn_2019",0.72,0.2553191489361702
13,26,15,"regular","False",7,24,7,14,28,0,0,9,65,35.33,52,"Win",0.2727272727272727,0.6875,"Auburn_2019",1.65625,0.5386029411764706
14,5,15,"regular","False",7,20,13,8,23,1,0,9,60,24.13,3,"Win",0.38461538461538464,0.4838709677419355,"Auburn_2019",1.096774193548387,0.5112994350282486
17,18,12,"post","True",10,7,7,0,13,1,0,3,20,22.42,-7,"Loss",0.2727272727272727,0.6296296296296297,"Auburn_2019",0.9629629629629629,0.2413793103448276
4,23,8,"regular","False",8,0,7,14,15,0,0,7,55,23.52,16,"Win",0.4,0.5925925925925926,"Auburn_2020",1.1111111111111112,0.2808641975308642
6,26,13,"regular","False",10,10,0,10,24,0,0,7,52,32.3,2,"Win",0.4,0.6206896551724138,"Auburn_2020",1.4137931034482758,0.5807174887892377
9,26,26,"regular","False",0,21,21,6,23,1,0,3,13,31.48,37,"Win",0.6153846153846154,0.6923076923076923,"Auburn_2020",1.6923076923076923,0.40711462450592883
12,26,23,"regular","False",0,10,10,10,23,0,1,6,60,28.52,13,"Win",0.6,0.6538461538461539,"Auburn_2020",1.4615384615384615,0.42857142857142855
14,5,26,"regular","False",0,10,10,0,16,0,0,1,5,22.0,-11,"Loss",0.4,0.625,"Auburn_2020",1.25,0.5764705882352941
1,26,26,"regular","False",13,24,16,7,28,0,0,3,25,24.3,50,"Win",0.6666666666666666,0.8148148148148148,"Auburn_2021",1.1851851851851851,0.5154975530179445
2,26,25,"regular","False",6,14,35,7,21,1,0,10,67,27.13,62,"Win",0.5454545454545454,0.5789473684210527,"Auburn_2021",2.0526315789473686,0.6765799256505576
4,26,23,"regular","False",6,6,7,15,21,1,0,6,65,19.32,10,"Win",0.45,0.5116279069767442,"Auburn_2021",0.813953488372093,0.39618138424821003
6,2,18,"regular","False",3,0,7,0,17,0,1,5,34,26.9,-24,"Loss",0.2777777777777778,0.5581395348837209,"Auburn_2021",0.6744186046511628,0.14465408805031446
9,10,18,"regular","False",14,14,0,3,30,2,0,6,40,33.42,11,"Win",0.36363636363636365,0.7096774193548387,"Auburn_2021",1.4838709677419355,0.42857142857142855
11,26,17,"regular","False",14,14,0,6,22,1,0,9,86,24.98,-9,"Loss",0.5,0.627906976744186,"Auburn_2021",0.627906976744186,0.2194616977225673
13,3,26,"regular","False",0,7,3,0,11,0,1,7,52,30.6,-2,"Loss",0.2777777777777778,0.6538461538461539,"Auburn_2021",1.5384615384615385,0.13836477987421383
17,20,26,"post","True",0,3,10,0,15,0,0,3,35,30.17,-4,"Loss",0.26666666666666666,0.5135135135135135,"Auburn_2021",0.7837837837837838,0.35511363636363635
1,26,26,"regular","False",14,14,14,0,22,0,2,3,20,27.95,26,"Win",0.5,0.6190476190476191,"Auburn_2022",1.9523809523809523,0.5734406438631791
2,26,26,"regular","False",0,7,10,7,18,0,2,9,85,26.65,8,"Win",0.36363636363636365,0.6086956521739131,"Auburn_2022",1.6521739130434783,0.5555555555555556
3,22,26,"regular","False",3,3,0,6,23,2,2,7,61,29.63,-29,"Loss",0.3333333333333333,0.5526315789473685,"Auburn_2022",0.9473684210526315,0.28674698795180725
4,26,26,"regular","False",14,0,0,0,15,0,0,4,26,32.7,3,"Win",0.1875,0.6666666666666666,"Auburn_2022",2.142857142857143,0.3778801843317972
5,26,26,"regular","False",7,10,0,0,20,2,2,8,80,30.88,-4,"Loss",0.4,0.48717948717948717,"Auburn_2022",0.7948717948717948,0.23059360730593606
9,26,26,"regular","False",3,10,0,14,20,0,0,7,55,30.17,-14,"Loss",0.5789473684210527,0.7272727272727273,"Auburn_2022",1.1515151515151516,0.391025641025641
11,26,26,"regular","False",7,0,3,3,18,1,2,8,45,36.43,3,"Win",0.29411764705882354,0.46153846153846156,"Auburn_2022",4.230769230769231,0.8181818181818182
12,26,26,"regular","False",10,7,10,14,18,0,0,5,45,30.0,24,"Win",0.42857142857142855,0.45,"Auburn_2022",2.1,0.6737967914438503
1,26,26,"regular","False",10,21,21,7,27,0,0,4,40,30.58,45,"Win",0.6,0.56,"Auburn_2023",1.76,0.5873983739837398
3,26,26,"regular","False",0,17,14,14,26,1,2,5,45,33.47,32,"Win",0.5,0.75,"Auburn_2023",1.1944444444444444,0.39501779359430605
5,1,26,"regular","False",10,0,7,3,17,0,1,1,5,30.15,-7,"Loss",0.16666666666666666,0.55,"Auburn_2023",2.15,0.7133550488599348
8,13,26,"regular","False",7,7,0,7,10,0,2,7,57,25.92,-7,"Loss",0.2857142857142857,0.7058823529411765,"Auburn_2023",2.2941176470588234,0.5563636363636364
9,26,26,"regular","False",14,10,3,0,21,0,0,7,52,29.27,14,"Win",0.36363636363636365,0.7692307692307693,"Auburn_2023",1.3846153846153846,0.44711538461538464
12,26,26,"regular","False",0,7,0,3,12,0,0,9,75,21.17,-21,"Loss",0.2,0.7894736842105263,"Auburn_2023",1.368421052631579,0.3051643192488263
13,8,26,"regular","False",7,7,7,3,18,1,2,5,28,27.28,-3,"Loss",0.3333333333333333,0.35294117647058826,"Auburn_2023",2.4705882352941178,0.7240356083086054
1,26,26,"regular","False",28,24,14,7,18,2,0,5,60,13.43,70,"Win",0.6666666666666666,0.6428571428571429,"Auburn_2024",0.6428571428571429,0.2818471337579618
2,26,26,"regular","False",7,0,0,7,16,1,4,6,46,24.73,-7,"Loss",0.5,0.5185185185185185,"Auburn_2024",1.1111111111111112,0.4230769230769231
3,26,26,"regular","False",14,3,14,14,27,2,0,8,88,27.48,26,"Win",0.4444444444444444,0.6538461538461539,"Auburn_2024",1.5384615384615385,0.532803180914513
4,26,26,"regular","False",0,0,7,7,17,1,4,5,45,23.4,-10,"Loss",0.45454545454545453,0.5714285714285714,"Auburn_2024",0.7428571428571429,0.33874709976798145
5,21,26,"regular","False",0,14,0,7,26,0,1,7,61,35.43,-6,"Loss",0.2857142857142857,0.65625,"Auburn_2024",1.34375,0.2987551867219917
10,26,26,"regular","False",0,7,0,0,14,1,0,6,47,28.05,-10,"Loss",0.15384615384615385,0.6896551724137931,"Auburn_2024",1.0,0.2691131498470948
12,26,26,"regular","False",10,14,14,10,26,1,0,0,0,30.72,34,"Win",0.7058823529411765,0.6486486486486487,"Auburn_2024",1.027027027027027,0.40039447731755423
13,15,26,"regular","False",14,7,7,3,22,0,1,9,62,23.42,2,"Win",0.35714285714285715,0.6129032258064516,"Auburn_2024",1.3225806451612903,0.3582089552238806
2,26,26,"regular","False",17,13,21,14,27,0,0,10,100,35.72,65,"Win",0.5,0.7021276595744681,"Florida_2014",0.8297872340425532,0.39541984732824426
3,26,26,"regular","False",0,3,17,0,28,0,1,8,78,33.65,6,"Win",0.29411764705882354,0.5681818181818182,"Florida_2014",1.1363636363636365,0.44548872180451127
7,26,26,"regular","False",14,3,0,10,13,1,2,4,34,23.38,-3,"Loss",0.16666666666666666,0.56,"Florida_2014",1.28,0.4019607843137255
8,26,26,"regular","False",0,0,7,6,17,3,3,3,39,33.98,-29,"Loss",0.42105263157894735,0.4838709677419355,"Florida_2014",1.5483870967741935,0.47703180212014135
12,26,26,"regular","False",0,10,7,0,15,1,0,10,75,28.5,-3,"Loss",0.21428571428571427,0.45454545454545453,"Florida_2014",4.454545454545454,0.7841726618705036
13,26,26,"regular","False",17,14,7,14,17,1,0,5,45,27.68,49,"Win",0.46153846153846156,0.5652173913043478,"Florida_2014",1.6521739130434783,0.24186046511627907
17,26,26,"post","True",7,14,7,0,15,2,1,6,40,27.37,8,"Win",0.47058823529411764,0.4642857142857143,"Florida_2014",1.5357142857142858,0.49557522123893805
1,26,26,"regular","False",7,27,13,14,28,1,0,1,10,37.93,48,"Win",0.6666666666666666,0.8157894736842105,"Florida_2015",1.0789473684210527,0.36633663366336633
2,26,26,"regular","False",10,0,14,7,17,1,1,12,105,31.12,7,"Win",0.3076923076923077,0.6,"Florida_2015",1.52,0.450402144772118
4,26,26,"regular","False",7,0,7,14,17,0,1,4,25,28.05,1,"Win",0.2,0.5348837209302325,"Florida_2015",0.6511627906976745,0.2780612244897959
5,3,25,"regular","False",13,12,0,13,18,0,0,6,51,31.83,28,"Win",0.5,0.8275862068965517,"Florida_2015",1.1724137931034482,0.23661971830985915
9,26,11,"regular","True",6,14,0,7,15,1,0,8,74,36.85,24,"Win",0.4375,0.42105263157894735,"Florida_2015",2.526315789473684,0.6246973365617433
10,26,10,"regular","False",6,0,0,3,12,3,1,8,61,28.1,2,"Win",0.23076923076923078,0.5,"Florida_2015",1.3076923076923077,0.36046511627906974
12,26,8,"regular","False",0,0,14,0,13,1,1,5,43,30.03,6,"Win",0.15384615384615385,0.47058823529411764,"Florida_2015",2.588235294117647,0.5158730158730159
13,13,12,"regular","False",0,0,0,2,19,0,0,7,60,32.42,-25,"Loss",0.29411764705882354,0.48717948717948717,"Florida_2015",1.0256410256410255,0.48854961832061067
17,14,19,"post","True",7,0,0,0,14,0,2,7,66,21.37,-34,"Loss",0.5384615384615384,0.4,"Florida_2015",1.08,0.43223443223443225
1,26,25,"regular","False",7,3,0,14,21,0,0,8,80,31.98,17,"Win",0.5294117647058824,0.6590909090909091,"Florida_2016",0.6590909090909091,0.29476584022038566
2,26,26,"regular","False",14,10,14,7,28,0,1,6,75,37.43,38,"Win",0.7,0.5757575757575758,"Florida_2016",1.5151515151515151,0.4326241134751773
3,26,23,"regular","False",5,14,0,13,26,0,1,11,97,36.22,32,"Win",0.46153846153846156,0.5517241379310345,"Florida_2016",1.4827586206896552,0.5414012738853503
7,26,18,"regular","False",0,20,6,14,22,1,3,11,65,36.98,26,"Win",0.5,0.47368421052631576,"Florida_2016",1.0263157894736843,0.5487571701720841
11,26,26,"regular","False",7,7,6,0,18,2,1,10,80,31.08,13,"Win",0.4,0.8095238095238095,"Florida_2016",1.7619047619047619,0.4596774193548387
14,1,15,"regular","True",9,7,0,0,16,0,3,7,53,35.13,-38,"Loss",0.4375,0.6666666666666666,"Florida_2016",0.7692307692307693,0.0
1,11,17,"regular","True",3,14,0,0,9,3,0,5,45,25.78,-16,"Loss",0.15384615384615385,0.5384615384615384,"Florida_2017",1.0384615384615385,0.057291666666666664
3,23,24,"regular","False",3,3,0,20,14,2,1,8,38,27.25,6,"Win",0.5,0.6428571428571429,"Florida_2017",1.0357142857142858,0.4421052631578947
5,26,21,"regular","False",7,10,7,14,23,0,0,9,64,36.0,14,"Win",0.4375,0.6538461538461539,"Florida_2017",1.9615384615384615,0.4668094218415418
6,26,21,"regular","False",0,3,13,0,16,0,0,7,48,26.17,-1,"Loss",0.2222222222222222,0.625,"Florida_2017",2.375,0.6423841059602649
7,26,26,"regular","False",3,7,0,7,17,0,2,6,44,33.3,-2,"Loss",0.26666666666666666,0.6666666666666666,"Florida_2017",1.5185185185185186,0.6361185983827493
9,3,26,"regular","True",0,0,0,7,15,1,1,14,85,34.92,-35,"Loss",0.26666666666666666,0.4,"Florida_2017",1.64,0.7349397590361446
12,26,26,"regular","False",6,13,14,3,25,0,0,6,60,42.07,29,"Win",0.4117647058823529,0.5,"Florida_2017",1.6666666666666667,0.628361858190709
13,26,26,"regular","False",7,6,3,6,17,1,3,4,50,31.05,-16,"Loss",0.375,0.46153846153846156,"Florida_2017",0.8717948717948718,0.34285714285714286
1,26,26,"regular","False",10,28,13,2,25,0,0,3,20,27.97,47,"Win",0.2222222222222222,0.7037037037037037,"Florida_2018",1.4444444444444444,0.45964125560538116
2,26,25,"regular","False",0,10,0,6,24,1,1,6,55,28.83,-11,"Loss",0.5384615384615384,0.4473684210526316,"Florida_2018",0.7631578947368421,0.35555555555555557
3,26,26,"regular","False",6,21,0,21,14,0,1,8,75,21.45,38,"Win",0.375,0.5333333333333333,"Florida_2018",1.9333333333333333,0.6510263929618768
6,5,22,"regular","False",0,14,0,13,19,0,1,11,115,29.6,8,"Win",0.3076923076923077,0.4642857142857143,"Florida_2018",1.5357142857142858,0.5498721227621484
10,26,11,"regular","False",3,7,7,0,17,0,0,8,66,25.4,-21,"Loss",0.2,0.475,"Florida_2018",0.7,0.3498452012383901
11,26,15,"regular","False",0,14,7,14,33,1,0,7,55,35.67,4,"Win",0.625,0.7142857142857143,"Florida_2018",2.9523809523809526,0.6950757575757576
12,26,13,"regular","False",28,21,7,7,32,1,0,5,55,28.67,53,"Win",0.5,0.7209302325581395,"Florida_2018",0.8372093023255814,0.335
1,26,8,"regular","True",7,0,10,7,17,2,2,9,100,23.78,4,"Win",0.2,0.6296296296296297,"Florida_2019",1.037037037037037,0.16447368421052633
2,26,11,"regular","False",3,14,14,14,26,0,0,3,30,31.42,45,"Win",0.6923076923076923,0.8333333333333334,"Florida_2019",1.0555555555555556,0.425414364640884
4,26,9,"regular","False",7,10,7,10,25,1,2,5,44,34.23,31,"Win",0.36363636363636365,0.7058823529411765,"Florida_2019",1.088235294117647,0.29024943310657597
5,26,9,"regular","False",7,10,14,7,23,0,0,4,28,30.02,38,"Win",0.6666666666666666,0.8571428571428571,"Florida_2019",1.1428571428571428,0.3791469194312796
6,7,10,"regular","False",7,10,0,7,19,4,0,6,55,33.68,11,"Win",0.26666666666666666,0.6410256410256411,"Florida_2019",0.8461538461538461,0.3316582914572864
10,8,6,"regular","True",0,3,0,14,18,0,0,6,40,24.2,-7,"Loss",0.2222222222222222,0.6363636363636364,"Florida_2019",0.5757575757575758,0.07553956834532374
11,26,10,"regular","False",0,14,28,14,33,0,2,5,50,26.63,56,"Win",0.3333333333333333,0.675,"Florida_2019",0.725,0.26785714285714285
14,26,11,"regular","False",7,23,7,3,26,0,0,3,25,33.9,23,"Win",0.5,0.7291666666666666,"Florida_2019",0.5208333333333334,0.16488222698072805
5,26,3,"regular","False",14,10,14,0,18,1,1,4,44,23.62,14,"Win",0.4444444444444444,0.7241379310344828,"Florida_2020",0.8275862068965517,0.22988505747126436
9,26,10,"regular","False",6,14,14,7,25,1,1,8,65,33.0,24,"Win",0.3076923076923077,0.5833333333333334,"Florida_2020",0.9722222222222222,0.32879377431906615
11,26,6,"regular","False",7,28,7,21,36,0,1,3,35,38.8,28,"Win",0.75,0.7105263157894737,"Florida_2020",1.1842105263157894,0.35075885328836426
13,26,6,"regular","False",7,7,17,3,21,2,0,5,40,26.68,24,"Win",0.3333333333333333,0.8125,"Florida_2020",0.78125,0.24880382775119617
15,26,6,"regular","False",7,10,14,3,26,1,2,4,29,28.1,-3,"Loss",0.38461538461538464,0.6041666666666666,"Florida_2020",0.5416666666666666,0.22167487684729065
16,1,7,"regular","True",10,7,14,15,26,2,0,6,50,25.65,-6,"Loss",0.7272727272727273,0.65,"Florida_2020",0.65,0.11688311688311688
1,26,13,"regular","False",14,0,7,14,26,0,2,9,91,30.3,21,"Win",0.625,0.5714285714285714,"Florida_2021",1.3142857142857143,0.7233273056057866
3,1,11,"regular","False",3,6,14,6,26,0,1,7,67,31.92,-2,"Loss",0.4166666666666667,0.6428571428571429,"Florida_2021",1.5357142857142858,0.5568181818181818
4,26,11,"regular","False",10,7,14,7,25,1,0,6,45,35.48,24,"Win",0.6428571428571429,0.7857142857142857,"Florida_2021",1.4285714285714286,0.5603960396039604
6,26,20,"regular","False",14,7,21,0,18,0,2,8,80,23.83,42,"Win",0.2222222222222222,0.6428571428571429,"Florida_2021",1.2142857142857142,0.3778705636743215
9,1,26,"regular","True",0,0,0,7,20,1,2,8,50,32.33,-27,"Loss",0.3076923076923077,0.6285714285714286,"Florida_2021",1.1142857142857143,0.4535211267605634
11,26,26,"regular","False",14,21,21,14,30,0,0,12,94,31.37,18,"Win",0.6363636363636364,0.8235294117647058,"Florida_2021",1.0294117647058822,0.3528591352859135
13,26,26,"regular","False",7,0,10,7,23,0,3,13,107,32.97,3,"Win",0.5789473684210527,0.6774193548387096,"Florida_2021",1.4838709677419355,0.38935574229691877
17,26,26,"post","True",7,3,7,0,19,0,0,8,85,25.5,-12,"Loss",0.15384615384615385,0.3783783783783784,"Florida_2021",0.8108108108108109,0.5452127659574468
1,7,26,"regular","False",7,7,0,15,23,1,0,7,38,27.72,3,"Win",0.5833333333333334,0.7083333333333334,"Florida_2022",1.625,0.6274944567627494
2,20,12,"regular","False",3,13,0,0,12,0,2,3,28,26.6,-10,"Loss",0.25,0.4,"Florida_2022",0.8571428571428571,0.4874551971326165
3,26,18,"regular","False",3,21,0,7,17,0,2,6,48,23.68,3,"Win",0.375,0.5555555555555556,"Florida_2022",1.6666666666666667,0.6595744680851063
5,26,26,"regular","False",14,21,10,7,20,0,1,5,40,23.53,35,"Win",0.5,0.7272727272727273,"Florida_2022",1.2727272727272727,0.4114114114114114
6,26,26,"regular","False",10,0,7,7,13,1,1,1,5,23.85,7,"Win",0.2727272727272727,0.5714285714285714,"Florida_2022",2.2857142857142856,0.7777777777777778
7,26,26,"regular","False",14,7,0,14,19,0,0,5,50,28.22,-10,"Loss",0.5833333333333334,0.5769230769230769,"Florida_2022",1.2692307692307692,0.5316455696202531
11,26,26,"regular","False",21,3,7,7,26,1,0,7,50,36.33,32,"Win",0.6,0.52,"Florida_2022",2.16,0.7262135922330097
2,26,26,"regular","False",13,13,16,7,33,1,0,4,20,36.15,42,"Win",0.8333333333333334,0.782608695652174,"Florida_2023",2.217391304347826,0.5839285714285715
3,11,26,"regular","False",6,20,0,3,21,0,0,5,30,37.47,13,"Win",0.5,0.7916666666666666,"Florida_2023",1.7916666666666667,0.5243553008595988
4,26,25,"regular","False",10,6,3,3,21,2,0,5,35,31.58,15,"Win",0.1111111111111111,0.875,"Florida_2023",1.4583333333333333,0.2810126582278481
6,26,26,"regular","False",7,14,7,10,25,0,1,8,70,36.97,24,"Win",0.4166666666666667,0.8292682926829268,"Florida_2023",0.7317073170731707,0.43434343434343436
9,1,26,"regular","True",7,0,0,13,16,1,0,2,17,26.52,-23,"Loss",0.36363636363636365,0.7352941176470589,"Florida_2023",0.7352941176470589,0.3215339233038348
10,26,26,"regular","False",14,3,6,10,20,1,0,7,55,30.23,-3,"Loss",0.47058823529411764,0.6190476190476191,"Florida_2023",0.6666666666666666,0.28426395939086296
13,5,26,"regular","False",0,12,3,0,13,0,1,8,90,34.87,-9,"Loss",0.4375,0.5625,"Florida_2023",2.75,0.6293103448275862
1,19,26,"regular","False",3,7,0,7,17,0,2,2,25,25.5,-24,"Loss",0.1111111111111111,0.5384615384615384,"Florida_2024",1.0769230769230769,0.5325670498084292
2,26,26,"regular","False",7,7,14,17,22,1,0,7,77,26.5,38,"Win",0.45454545454545453,0.6785714285714286,"Florida_2024",1.2142857142857142,0.2626582278481013
3,26,26,"regular","False",0,0,14,6,19,0,3,7,65,22.23,-13,"Loss",0.2222222222222222,0.6206896551724138,"Florida_2024",0.8620689655172413,0.17275747508305647
6,26,26,"regular","False",7,17,0,0,18,0,0,8,64,32.27,11,"Win",0.46153846153846156,0.8214285714285714,"Florida_2024",1.1428571428571428,0.362116991643454
8,26,26,"regular","False",3,24,7,14,15,0,1,4,40,30.1,28,"Win",0.5,0.5333333333333333,"Florida_2024",2.8666666666666667,0.41386554621848737
12,22,26,"regular","False",7,3,3,14,13,0,0,7,55,18.28,11,"Win",0.3333333333333333,0.5,"Florida_2024",0.5384615384615384,0.3391812865497076
13,9,26,"regular","False",0,14,3,7,19,0,1,5,44,30.07,7,"Win",0.4666666666666667,0.5555555555555556,"Florida_2024",2.5,0.47674418604651164
17,26,26,"post","True",3,3,10,17,26,0,2,9,95,38.95,25,"Win",0.375,0.6285714285714286,"Florida_2024",1.2571428571428571,0.42344045368620037
1,16,12,"regular","False",14,7,3,21,22,1,0,8,65,30.05,24,"Win",0.38461538461538464,0.6923076923076923,"Georgia_2014",1.5769230769230769,0.7145969498910676
4,26,13,"regular","False",21,24,7,14,23,0,0,5,35,27.92,66,"Win",0.5454545454545454,0.6363636363636364,"Georgia_2014",1.7727272727272727,0.6709323583180987
5,26,12,"regular","False",7,14,0,14,25,0,2,7,57,31.78,3,"Win",0.1,0.64,"Georgia_2014",2.12,0.6628440366972477
6,26,13,"regular","False",21,6,7,10,20,0,1,2,12,24.43,27,"Win",0.4,0.6363636363636364,"Georgia_2014",1.5909090909090908,0.5460674157303371
10,26,11,"regular","True",7,0,0,13,21,1,0,4,30,27.32,-18,"Loss",0.5,0.6341463414634146,"Georgia_2014",0.7804878048780488,0.3065217391304348
12,9,15,"regular","False",7,10,10,7,27,0,0,6,51,32.37,27,"Win",0.38461538461538464,0.5263157894736842,"Georgia_2014",2.736842105263158,0.7014563106796117
13,26,10,"regular","False",24,14,17,0,28,1,1,3,30,27.63,46,"Win",0.6666666666666666,0.7692307692307693,"Georgia_2014",1.4230769230769231,0.46551724137931033
14,16,9,"regular","False",7,0,7,10,21,2,1,2,20,23.62,-6,"Loss",0.36363636363636365,0.6428571428571429,"Georgia_2014",1.3928571428571428,0.5
1,26,9,"regular","False",14,21,9,7,19,0,0,4,30,23.43,37,"Win",0.5555555555555556,0.7142857142857143,"Georgia_2015",2.7142857142857144,0.5586206896551724
3,26,7,"regular","False",3,21,21,7,32,1,0,7,74,29.37,32,"Win",0.25,0.96,"Georgia_2015",1.52,0.4270833333333333
4,26,7,"regular","False",17,3,28,0,27,1,0,2,10,24.42,42,"Win",0.2,0.8333333333333334,"Georgia_2015",1.375,0.4906015037593985
5,13,8,"regular","False",0,3,7,0,12,1,3,8,82,25.95,-28,"Loss",0.17647058823529413,0.3548387096774194,"Georgia_2015",1.2258064516129032,0.6454849498327759
7,26,26,"regular","False",0,3,3,3,19,0,1,3,30,38.92,3,"Win",0.47368421052631576,0.71875,"Georgia_2015",1.40625,0.40268456375838924
10,26,26,"regular","False",10,0,14,3,21,2,0,6,60,37.6,24,"Win",0.38461538461538464,0.5263157894736842,"Georgia_2015",2.736842105263158,0.7692307692307693
12,26,26,"regular","False",7,0,7,3,17,2,0,2,15,27.47,6,"Win",0.2,0.64,"Georgia_2015",1.2,0.41533546325878595
17,26,26,"post","True",3,14,7,0,17,0,0,5,45,28.63,7,"Win",0.2857142857142857,0.5217391304347826,"Georgia_2015",1.7826086956521738,0.5076452599388379
2,26,9,"regular","False",7,3,16,0,17,2,1,3,34,28.57,2,"Win",0.38461538461538464,0.5652173913043478,"Georgia_2016",1.6956521739130435,0.4477211796246649
5,11,25,"regular","False",7,10,7,7,24,1,1,8,44,36.12,-3,"Loss",0.35714285714285715,0.6071428571428571,"Georgia_2016",1.6428571428571428,0.461734693877551
7,26,26,"regular","False",3,3,7,3,23,0,0,8,53,35.07,-1,"Loss",0.35294117647058826,0.675,"Georgia_2016",0.875,0.17814726840855108
9,14,26,"regular","True",3,7,0,0,8,0,0,5,49,22.55,-14,"Loss",0.2857142857142857,0.45454545454545453,"Georgia_2016",0.5757575757575758,0.12804878048780488
11,9,26,"regular","False",0,0,7,6,21,0,1,5,30,39.15,6,"Win",0.4117647058823529,0.6060606060606061,"Georgia_2016",1.303030303030303,0.3935860058309038
12,26,26,"regular","False",14,7,7,7,16,1,1,2,15,28.63,14,"Win",0.5384615384615384,0.65,"Georgia_2016",1.95,0.5875
13,26,26,"regular","False",7,7,13,0,22,0,2,2,15,34.55,-1,"Loss",0.5333333333333333,0.5,"Georgia_2016",1.5,0.654228855721393
1,26,15,"regular","False",7,14,10,0,18,0,2,8,46,28.93,21,"Win",0.35714285714285715,0.55,"Georgia_2017",2.2,0.6005434782608695
3,26,13,"regular","False",14,7,21,0,22,1,0,3,25,35.18,28,"Win",0.6,0.6,"Georgia_2017",3.6,0.6187363834422658
4,17,11,"regular","False",14,0,17,0,15,1,0,4,35,31.32,28,"Win",0.45454545454545453,0.75,"Georgia_2017",3.5,0.5024752475247525
7,26,4,"regular","False",14,20,13,6,24,0,1,8,42,39.6,25,"Win",0.7222222222222222,0.6923076923076923,"Georgia_2017",1.9615384615384615,0.5316091954022989
10,26,1,"regular","False",7,7,7,3,26,1,0,5,55,38.37,14,"Win",0.6153846153846154,0.7272727272727273,"Georgia_2017",2.409090909090909,0.5525114155251142
12,26,7,"regular","False",7,14,7,14,25,0,1,7,59,30.33,29,"Win",0.5,0.6428571428571429,"Georgia_2017",3.142857142857143,0.7559523809523809
17,4,3,"post","True",0,13,7,0,22,0,2,6,65,33.72,-3,"Loss",0.42105263157894735,0.5,"Georgia_2017",1.40625,0.3643835616438356
1,26,3,"regular","False",17,21,7,0,21,1,0,3,40,26.98,45,"Win",0.4444444444444444,0.7777777777777778,"Georgia_2018",1.2222222222222223,0.5590551181102362
3,26,3,"regular","False",14,28,7,0,23,0,0,7,54,28.17,42,"Win",0.6363636363636364,0.8095238095238095,"Georgia_2018",1.6666666666666667,0.5392561983471075
5,26,2,"regular","False",7,10,7,14,26,0,0,6,40,37.45,26,"Win",0.5,0.7083333333333334,"Georgia_2018",2.0833333333333335,0.5691609977324263
6,26,2,"regular","False",7,14,17,3,28,0,0,13,115,28.95,28,"Win",0.5454545454545454,0.6774193548387096,"Georgia_2018",1.096774193548387,0.39107142857142857
9,9,7,"regular","True",10,3,10,13,20,0,0,4,53,31.4,19,"Win",0.5714285714285714,0.7083333333333334,"Georgia_2018",1.7083333333333333,0.4405594405594406
11,24,5,"regular","False",3,17,0,7,24,0,1,12,85,38.25,17,"Win",0.5714285714285714,0.6521739130434783,"Georgia_2018",2.0,0.5872093023255814
12,26,5,"regular","False",14,28,17,7,30,1,0,2,20,34.18,39,"Win",0.6666666666666666,0.8235294117647058,"Georgia_2018",2.6470588235294117,0.6077032810271041
13,26,5,"regular","False",14,24,7,0,25,1,0,2,10,30.55,24,"Win",0.3333333333333333,0.7894736842105263,"Georgia_2018",2.210526315789474,0.6375838926174496
14,1,4,"regular","True",7,14,7,0,23,0,0,6,50,35.5,-7,"Loss",0.3125,0.625,"Georgia_2018",0.975,0.3370044052863436
17,15,5,"post","True",0,7,0,14,20,1,1,3,35,25.0,-7,"Loss",0.46153846153846156,0.5882352941176471,"Georgia_2018",0.8823529411764706,0.2535211267605634
2,26,3,"regular","False",7,35,7,14,25,1,1,5,40,30.68,46,"Win",0.8,0.8,"Georgia_2019",1.6,0.47950089126559714
3,26,3,"regular","False",13,21,14,7,27,0,0,5,41,30.25,55,"Win",0.4,0.7878787878787878,"Georgia_2019",1.0,0.40853658536585363
4,7,3,"regular","False",0,7,6,10,18,1,0,6,43,34.52,6,"Win",0.36363636363636365,0.7692307692307693,"Georgia_2019",1.2692307692307692,0.44837758112094395
7,26,3,"regular","False",3,7,0,7,30,1,3,6,60,36.07,-3,"Loss",0.5,0.5384615384615384,"Georgia_2019",0.8269230769230769,0.3696581196581197
8,26,10,"regular","False",0,0,14,7,14,0,0,4,33,33.47,21,"Win",0.25,0.75,"Georgia_2019",3.5833333333333335,0.8703703703703703
11,26,6,"regular","False",7,9,3,8,17,0,0,3,15,35.45,27,"Win",0.4444444444444444,0.4482758620689655,"Georgia_2019",1.3103448275862069,0.4896755162241888
13,26,4,"regular","False",3,10,3,3,12,0,0,2,30,28.43,6,"Win",0.3333333333333333,0.4782608695652174,"Georgia_2019",1.565217391304348,0.3730769230769231
5,7,4,"regular","False",10,14,3,0,25,0,0,8,59,34.07,21,"Win",0.6428571428571429,0.6071428571428571,"Georgia_2020",1.6071428571428572,0.45701357466063347
6,14,3,"regular","False",7,10,13,14,24,2,0,6,70,36.63,23,"Win",0.5,0.5925925925925926,"Georgia_2020",1.8518518518518519,0.44779582366589327
10,8,5,"regular","True",14,7,7,0,12,0,3,3,35,22.57,-16,"Loss",0.15384615384615385,0.3103448275862069,"Georgia_2020",1.0,0.5956678700361011
12,26,13,"regular","False",0,17,7,7,18,0,0,5,60,27.88,7,"Win",0.6153846153846154,0.7368421052631579,"Georgia_2020",0.6052631578947368,0.019559902200488997
2,26,2,"regular","False",21,14,14,7,23,0,1,4,47,30.65,49,"Win",0.5454545454545454,0.6363636363636364,"Georgia_2021",1.7272727272727273,0.30241187384044527
3,26,2,"regular","False",14,12,14,0,26,1,2,7,52,28.0,27,"Win",0.75,0.6857142857142857,"Georgia_2021",0.8857142857142857,0.37474541751527496
5,8,2,"regular","False",21,3,3,10,22,0,0,6,40,36.7,37,"Win",0.3333333333333333,0.6363636363636364,"Georgia_2021",5.090909090909091,0.7913043478260869
7,11,1,"regular","False",0,14,10,6,20,0,0,5,42,22.22,17,"Win",0.2857142857142857,0.7,"Georgia_2021",1.35,0.39903846153846156
10,26,1,"regular","False",7,19,14,3,25,0,1,4,35,28.12,37,"Win",0.4444444444444444,0.6666666666666666,"Georgia_2021",1.1,0.3326732673267327
12,26,1,"regular","False",28,21,7,0,22,1,2,2,25,28.07,49,"Win",0.46153846153846156,0.5405405405405406,"Georgia_2021",0.8648648648648649,0.4774590163934426
1,11,3,"regular","True",7,21,14,7,26,0,0,7,75,31.17,46,"Win",0.9,0.8108108108108109,"Georgia_2022",0.6756756756756757,0.23117338003502627
2,26,2,"regular","False",13,17,0,3,25,0,0,4,25,40.05,33,"Win",0.38461538461538464,0.6744186046511628,"Georgia_2022",0.7441860465116279,0.2651356993736952
4,26,1,"regular","False",12,14,6,7,29,2,1,2,25,37.0,17,"Win",0.5833333333333334,0.75,"Georgia_2022",1.1388888888888888,0.48582230623818523
6,26,2,"regular","False",0,14,7,21,22,1,0,4,45,35.48,32,"Win",0.42857142857142855,0.6875,"Georgia_2022",1.21875,0.584
7,26,1,"regular","False",14,14,6,21,30,0,0,3,29,39.0,55,"Win",0.6153846153846154,0.7804878048780488,"Georgia_2022",0.926829268292683,0.3316062176165803
9,26,1,"regular","True",14,14,7,7,26,1,2,4,40,31.28,22,"Win",0.5,0.5,"Georgia_2022",1.0526315789473684,0.4306306306306306
10,1,3,"regular","False",14,10,3,0,18,2,0,6,60,31.0,14,"Win",0.5833333333333334,0.68,"Georgia_2022",1.48,0.3359173126614987
13,26,1,"regular","False",3,7,13,14,16,1,0,6,70,31.1,23,"Win",0.46153846153846156,0.55,"Georgia_2022",2.05,0.6486486486486487
14,14,1,"regular","True",14,21,7,8,27,1,0,4,33,35.97,20,"Win",0.5384615384615384,0.7931034482758621,"Georgia_2022",1.5172413793103448,0.4820415879017013
17,4,1,"post","True",7,17,0,18,22,0,1,4,45,27.4,1,"Win",0.2,0.6764705882352942,"Georgia_2022",0.7647058823529411,0.25328330206378985
17,3,1,"post","True",17,21,14,13,32,0,0,4,30,36.98,58,"Win",0.6923076923076923,0.7142857142857143,"Georgia_2022",1.5714285714285714,0.4312393887945671
1,26,1,"regular","False",7,10,14,17,27,0,0,5,42,30.42,41,"Win",0.46153846153846156,0.65,"Georgia_2023",0.75,0.2844364937388193
2,26,1,"regular","False",0,31,14,0,22,0,1,3,40,28.53,42,"Win",0.5,0.7272727272727273,"Georgia_2023",0.8484848484848485,0.25647668393782386
3,26,1,"regular","False",3,0,14,7,29,0,0,6,45,37.22,10,"Win",0.38461538461538464,0.7714285714285715,"Georgia_2023",1.2571428571428571,0.4139433551198257
4,26,1,"regular","False",7,21,14,7,31,2,1,5,40,34.42,28,"Win",0.7692307692307693,0.7,"Georgia_2023",0.9,0.3230240549828179
6,20,1,"regular","False",14,20,10,7,33,0,1,6,59,37.47,38,"Win",0.45454545454545453,0.7857142857142857,"Georgia_2023",0.7380952380952381,0.2845394736842105
10,12,2,"regular","False",3,7,14,6,21,0,0,5,55,34.3,9,"Win",0.46153846153846156,0.65625,"Georgia_2023",1.03125,0.34025974025974026
11,9,2,"regular","False",14,14,10,14,25,0,1,5,55,30.95,35,"Win",0.625,0.7307692307692307,"Georgia_2023",1.3461538461538463,0.4909983633387889
1,14,1,"regular","True",0,6,14,14,19,0,0,7,70,32.7,31,"Win",0.36363636363636365,0.696969696969697,"Georgia_2024",0.8181818181818182,0.378076062639821
2,26,1,"regular","False",14,10,21,3,27,0,0,9,85,26.42,45,"Win",0.4444444444444444,0.7567567567567568,"Georgia_2024",0.6486486486486487,0.3333333333333333
6,26,5,"regular","False",7,7,7,10,21,0,0,7,85,31.47,18,"Win",0.5384615384615384,0.7931034482758621,"Georgia_2024",1.2758620689655173,0.3700787401574803
7,26,5,"regular","False",10,17,7,7,28,0,2,5,54,33.63,10,"Win",0.45454545454545453,0.75,"Georgia_2024",0.6041666666666666,0.2413223140495868
10,26,2,"regular","True",3,3,14,14,25,0,3,5,48,33.58,14,"Win",0.36363636363636365,0.625,"Georgia_2024",0.825,0.3208791208791209
12,7,12,"regular","False",0,17,7,7,25,0,0,7,59,30.48,14,"Win",0.5714285714285714,0.625,"Georgia_2024",0.775,0.23399558498896247
13,26,10,"regular","False",7,21,17,14,34,0,0,1,5,29.93,38,"Win",0.4444444444444444,0.6571428571428571,"Georgia_2024",1.0571428571428572,0.3781818181818182
14,26,7,"regular","False",0,0,6,21,24,1,0,3,27,22.82,2,"Win",0.5,0.6511627906976745,"Georgia_2024",0.6046511627906976,0.26666666666666666
17,7,2,"post","True",0,3,7,0,16,2,0,5,36,28.22,-13,"Loss",0.16666666666666666,0.625,"Georgia_2024",0.90625,0.20945945945945946
1,26,26,"regular","False",0,7,0,21,14,1,0,7,55,19.98,11,"Win",0.5333333333333333,0.631578947368421,"Illinois_2014",0.5789473684210527,0.21487603305785125
2,26,26,"regular","False",7,7,7,21,29,2,1,9,69,35.1,8,"Win",0.7692307692307693,0.7,"Illinois_2014",0.7,0.12307692307692308
4,26,26,"regular","False",6,7,12,17,21,0,1,4,19,22.32,7,"Win",0.2857142857142857,0.6410256410256411,"Illinois_2014",0.6923076923076923,0.4515463917525773
6,26,26,"regular","False",14,0,13,0,26,1,1,2,20,27.33,-11,"Loss",0.6875,0.6792452830188679,"Illinois_2014",0.4716981132075472,0.1262135922330097
9,26,26,"regular","False",14,0,7,7,16,1,0,4,36,31.52,4,"Win",0.2857142857142857,0.6521739130434783,"Illinois_2014",1.7826086956521738,0.467680608365019
12,26,26,"regular","False",7,0,0,7,12,0,0,8,59,24.23,-16,"Loss",0.375,0.5483870967741935,"Illinois_2014",0.8064516129032258,0.37446808510638296
13,26,26,"regular","False",0,7,3,6,16,0,0,3,30,27.15,2,"Win",0.125,0.6190476190476191,"Illinois_2014",0.6428571428571429,0.24028268551236748
1,26,26,"regular","False",28,10,7,7,19,0,1,8,80,28.65,49,"Win",0.23076923076923078,0.4827586206896552,"Illinois_2015",1.2413793103448276,0.391812865497076
2,26,26,"regular","False",10,20,0,14,27,3,1,3,25,38.42,44,"Win",0.5,0.7037037037037037,"Illinois_2015",0.7407407407407407,0.294
4,26,26,"regular","False",7,10,7,3,25,0,0,6,55,29.3,2,"Win",0.42105263157894735,0.5918367346938775,"Illinois_2015",0.7959183673469388,0.37037037037037035
5,26,26,"regular","False",0,0,0,14,17,0,0,3,35,31.13,1,"Win",0.35,0.5111111111111111,"Illinois_2015",0.7111111111111111,0.34293193717277487
8,26,26,"regular","False",3,3,7,0,15,1,1,7,50,19.85,-11,"Loss",0.25,0.5116279069767442,"Illinois_2015",0.3023255813953488,0.16516516516516516
11,3,26,"regular","False",0,3,0,0,15,2,0,2,10,26.93,-25,"Loss",0.29411764705882354,0.48936170212765956,"Illinois_2015",0.5319148936170213,0.07662835249042145
13,16,26,"regular","True",7,0,7,0,16,0,1,5,55,26.57,-10,"Loss",0.3333333333333333,0.4878048780487805,"Illinois_2015",0.7560975609756098,0.2445141065830721
1,26,26,"regular","False",14,21,7,10,21,0,0,7,55,33.47,49,"Win",0.5,0.6666666666666666,"Illinois_2016",1.6666666666666667,0.5572815533980583
2,26,26,"regular","False",14,2,0,7,15,1,0,13,99,34.32,-25,"Loss",0.3888888888888889,0.4857142857142857,"Illinois_2016",1.0285714285714285,0.5889967637540453
3,26,26,"regular","False",0,7,3,0,15,1,1,7,48,25.0,-24,"Loss",0.09090909090909091,0.6904761904761905,"Illinois_2016",0.35714285714285715,0.009523809523809525
6,26,26,"regular","False",3,13,7,8,24,1,0,12,125,29.9,-3,"Loss",0.2727272727272727,0.6086956521739131,"Illinois_2016",2.0,0.6312625250501002
9,26,26,"regular","False",7,0,7,3,17,3,0,3,33,26.93,-23,"Loss",0.3333333333333333,0.47058823529411764,"Illinois_2016",1.0,0.363265306122449
10,26,26,"regular","False",0,7,10,14,14,0,0,2,10,18.4,4,"Win",0.3076923076923077,0.4482758620689655,"Illinois_2016",0.8275862068965517,0.5394736842105263
12,26,26,"regular","False",0,0,0,0,10,1,1,2,10,27.65,-28,"Loss",0.3157894736842105,0.4634146341463415,"Illinois_2016",0.5853658536585366,0.30808080808080807
1,26,26,"regular","False",6,10,0,8,14,0,1,3,30,23.45,3,"Win",0.2,0.5263157894736842,"Illinois_2017",1.5789473684210527,0.3287037037037037
2,26,26,"regular","False",3,10,7,0,19,0,1,9,95,37.9,13,"Win",0.5,0.56,"Illinois_2017",2.0,0.6433333333333333
5,26,26,"regular","False",0,3,3,0,15,0,1,5,49,28.87,-22,"Loss",0.4166666666666667,0.625,"Illinois_2017",2.3125,0.46733668341708545
7,26,26,"regular","False",3,7,0,14,18,1,2,8,68,31.75,-11,"Loss",0.29411764705882354,0.5263157894736842,"Illinois_2017",0.7631578947368421,0.2182741116751269
9,5,26,"regular","False",0,3,0,7,17,1,2,5,40,27.87,-14,"Loss",0.42857142857142855,0.2903225806451613,"Illinois_2017",1.064516129032258,0.46853146853146854
11,26,26,"regular","False",0,0,7,7,10,1,2,8,73,25.58,-10,"Loss",0.14285714285714285,0.5,"Illinois_2017",1.1538461538461537,0.11224489795918367
13,22,26,"regular","False",7,0,0,0,11,1,2,6,59,27.52,-35,"Loss",0.25,0.45161290322580644,"Illinois_2017",1.064516129032258,0.41841004184100417
1,26,26,"regular","False",3,0,21,7,22,1,0,3,25,27.95,7,"Win",0.4666666666666667,0.5416666666666666,"Illinois_2018",2.0416666666666665,0.5948827292110874
2,26,26,"regular","False",0,14,10,10,20,0,0,14,145,33.28,20,"Win",0.23076923076923078,0.6086956521739131,"Illinois_2018",2.0434782608695654,0.6329787234042553
3,26,26,"regular","True",10,6,3,0,21,1,0,6,65,32.67,-6,"Loss",0.2777777777777778,0.6451612903225806,"Illinois_2018",1.5483870967741935,0.5578947368421052
4,10,26,"regular","False",7,10,7,0,26,0,2,7,81,30.08,-39,"Loss",0.3333333333333333,0.5806451612903226,"Illinois_2018",1.4516129032258065,0.5961070559610706
7,26,26,"regular","False",7,0,0,0,14,0,1,7,57,22.22,-39,"Loss",0.23076923076923078,0.5172413793103449,"Illinois_2018",1.0689655172413792,0.276
10,26,26,"regular","False",14,10,21,10,20,2,1,7,70,27.17,24,"Win",0.4444444444444444,0.72,"Illinois_2018",1.4,0.6656346749226006
12,26,26,"regular","False",0,0,0,0,11,1,3,7,68,31.28,-63,"Loss",0.11764705882352941,0.4,"Illinois_2018",1.4333333333333333,0.6203703703703703
1,26,26,"regular","False",14,14,14,0,22,0,0,7,75,28.38,39,"Win",0.6,0.6,"Illinois_2019",1.84,0.516209476309227
3,26,26,"regular","False",17,0,0,14,24,1,1,9,80,28.22,-3,"Loss",0.4117647058823529,0.5945945945945946,"Illinois_2019",1.0810810810810811,0.3599137931034483
4,26,26,"regular","False",14,7,14,3,14,0,1,4,30,22.93,-4,"Loss",0.08333333333333333,0.375,"Illinois_2019",1.5833333333333333,0.7391304347826086
7,16,26,"regular","False",0,7,10,8,17,2,0,10,95,30.22,-17,"Loss",0.23076923076923078,0.5517241379310345,"Illinois_2019",1.4827586206896552,0.25
8,6,26,"regular","False",0,7,7,10,17,1,0,4,15,19.18,1,"Win",0.2,0.42857142857142855,"Illinois_2019",1.6666666666666667,0.44761904761904764
10,26,26,"regular","False",10,0,21,7,14,0,0,3,35,25.85,28,"Win",0.42857142857142855,0.5454545454545454,"Illinois_2019",4.0,0.6296296296296297
14,26,26,"regular","False",0,7,3,0,9,1,1,5,40,18.2,-19,"Loss",0.3333333333333333,0.4782608695652174,"Illinois_2019",1.1304347826086956,0.0875
17,26,26,"post","True",10,3,0,7,24,0,1,10,89,29.12,-15,"Loss",0.5333333333333333,0.5897435897435898,"Illinois_2019",0.9743589743589743,0.36666666666666664
9,26,26,"regular","False",0,10,0,14,27,2,2,7,75,29.37,-7,"Loss",0.2857142857142857,0.6060606060606061,"Illinois_2020",1.3333333333333333,0.375
10,26,26,"regular","False",0,7,0,7,14,0,0,12,120,22.42,-27,"Loss",0.25,0.35294117647058826,"Illinois_2020",2.1176470588235294,0.6306620209059234
14,19,26,"regular","False",7,7,0,7,20,0,0,3,30,29.57,-14,"Loss",0.5,0.4857142857142857,"Illinois_2020",1.0857142857142856,0.4281609195402299
1,26,26,"regular","False",2,14,14,0,18,1,0,3,40,34.92,8,"Win",0.46153846153846156,0.7894736842105263,"Illinois_2021",2.526315789473684,0.5122699386503068
1,26,26,"regular","False",0,14,3,13,24,1,0,7,61,29.3,-7,"Loss",0.4444444444444444,0.5116279069767442,"Illinois_2021",0.813953488372093,0.3605769230769231
3,26,26,"regular","False",0,3,7,7,19,0,1,6,44,30.85,-3,"Loss",0.47058823529411764,0.38461538461538464,"Illinois_2021",1.7307692307692308,0.49728260869565216
5,26,26,"regular","False",3,7,14,0,22,1,0,7,85,34.05,10,"Win",0.5714285714285714,0.5263157894736842,"Illinois_2021",2.6315789473684212,0.8115942028985508
6,26,26,"regular","False",0,0,0,0,9,0,0,0,0,17.28,-24,"Loss",0.08333333333333333,0.3235294117647059,"Illinois_2021",0.38235294117647056,0.27956989247311825
9,26,26,"regular","False",0,14,0,0,10,0,0,3,35,24.98,-6,"Loss",0.25,0.7368421052631579,"Illinois_2021",1.5789473684210527,0.3602693602693603
13,26,26,"regular","False",14,23,3,7,18,0,1,4,50,26.48,33,"Win",0.38461538461538464,0.6086956521739131,"Illinois_2021",1.6521739130434783,0.47276688453159044
1,26,26,"regular","False",7,10,7,14,26,0,0,7,80,36.6,32,"Win",0.4375,0.75,"Illinois_2022",1.025,0.5431578947368421
2,26,26,"regular","False",14,7,3,0,18,3,1,10,71,33.85,21,"Win",0.35714285714285715,0.68,"Illinois_2022",1.8,0.5025380710659898
4,26,26,"regular","False",10,14,7,0,21,1,0,2,25,31.78,31,"Win",0.4666666666666667,0.7428571428571429,"Illinois_2022",1.0285714285714285,0.32669322709163345
6,26,26,"regular","False",3,3,0,3,18,2,1,7,56,31.08,3,"Win",0.25,0.6333333333333333,"Illinois_2022",1.5,0.6329113924050633
7,26,24,"regular","False",7,6,7,6,27,0,0,6,56,40.07,12,"Win",0.35294117647058826,0.78125,"Illinois_2022",1.6875,0.4661016949152542
10,26,16,"regular","False",7,0,0,8,25,1,0,4,39,31.92,-8,"Loss",0.35294117647058826,0.6756756756756757,"Illinois_2022",1.2702702702702702,0.3469387755102041
11,26,21,"regular","False",7,7,7,3,18,0,1,12,121,27.75,-7,"Loss",0.38461538461538464,0.5625,"Illinois_2022",1.03125,0.33663366336633666
17,22,26,"post","True",0,7,3,0,20,1,0,3,25,31.75,-9,"Loss",0.2727272727272727,0.6764705882352942,"Illinois_2022",0.8529411764705882,0.12152777777777778
1,26,26,"regular","False",7,0,13,10,21,0,1,10,100,27.05,2,"Win",0.25,0.6923076923076923,"Illinois_2023",1.3461538461538463,0.44919786096256686
3,7,26,"regular","False",0,7,0,6,20,1,4,6,47,28.13,-17,"Loss",0.3125,0.5555555555555556,"Illinois_2023",0.6444444444444445,0.22033898305084745
4,26,26,"regular","False",0,14,9,0,26,2,0,6,72,31.45,6,"Win",0.5,0.6944444444444444,"Illinois_2023",1.1388888888888888,0.40588235294117647
6,26,26,"regular","False",0,7,0,0,16,1,1,3,30,22.88,-13,"Loss",0.26666666666666666,0.6170212765957447,"Illinois_2023",0.40425531914893614,0.06774193548387097
8,26,26,"regular","False",7,7,7,0,16,0,0,9,79,32.77,-4,"Loss",0.4375,0.6190476190476191,"Illinois_2023",2.142857142857143,0.6904024767801857
11,26,26,"regular","False",9,17,7,9,31,1,1,14,139,30.15,3,"Win",0.3,0.6666666666666666,"Illinois_2023",0.9722222222222222,0.23413897280966767
13,26,26,"regular","False",3,17,3,20,20,2,2,1,10,30.17,-2,"Loss",0.38461538461538464,0.7142857142857143,"Illinois_2023",0.9142857142857143,0.23516483516483516
1,26,26,"regular","False",14,17,7,7,27,0,0,6,45,36.02,45,"Win",0.4,0.7241379310344828,"Illinois_2024",1.4482758620689655,0.5020576131687243
2,19,26,"regular","False",3,10,0,10,14,1,0,2,20,30.63,6,"Win",0.4,0.64,"Illinois_2024",1.36,0.2915129151291513
3,26,26,"regular","False",7,6,10,7,20,0,0,10,81,30.95,21,"Win",0.36363636363636365,0.6551724137931034,"Illinois_2024",1.0,0.36147757255936674
7,26,23,"regular","False",10,14,3,16,28,1,0,5,45,33.23,1,"Win",0.6666666666666666,0.5882352941176471,"Illinois_2024",1.1470588235294117,0.3183453237410072
8,24,22,"regular","False",3,10,8,0,18,0,0,6,50,26.43,14,"Win",0.2727272727272727,0.47368421052631576,"Illinois_2024",2.0,0.700374531835206
10,26,24,"regular","False",0,10,0,7,20,2,0,2,13,25.02,-8,"Loss",0.5384615384615384,0.6060606060606061,"Illinois_2024",0.8787878787878788,0.35795454545454547
12,26,26,"regular","False",14,7,3,14,18,0,0,3,20,31.47,22,"Win",0.5333333333333333,0.59375,"Illinois_2024",0.96875,0.37398373983739835
17,15,20,"post","True",7,0,7,7,22,1,1,2,15,28.73,4,"Win",0.6666666666666666,0.5909090909090909,"Illinois_2024",1.5909090909090908,0.5126050420168067
1,26,26,"regular","False",14,7,0,7,29,1,1,4,30,36.33,18,"Win",0.6470588235294118,0.6111111111111112,"Indiana_2014",3.8333333333333335,0.803886925795053
5,26,26,"regular","False",3,6,0,6,22,0,1,9,55,28.35,-22,"Loss",0.47368421052631576,0.3783783783783784,"Indiana_2014",1.2702702702702702,0.6204819277108434
6,26,26,"regular","False",21,0,21,7,22,1,0,6,55,33.12,25,"Win",0.5333333333333333,0.7931034482758621,"Indiana_2014",1.5172413793103448,0.612141652613828
8,8,26,"regular","False",3,14,0,0,7,1,0,4,25,20.6,-39,"Loss",0.08333333333333333,0.3125,"Indiana_2014",2.0625,0.9508928571428571
11,26,26,"regular","False",0,7,0,0,13,0,2,10,82,28.92,-6,"Loss",0.17647058823529413,0.4642857142857143,"Indiana_2014",1.4285714285714286,0.6923076923076923
14,26,26,"regular","False",0,0,13,10,18,2,0,6,61,28.9,7,"Win",0.4117647058823529,0.625,"Indiana_2014",1.9166666666666667,0.6675977653631285
1,26,26,"regular","False",7,14,17,10,23,0,0,6,43,29.47,1,"Win",0.38461538461538464,0.59375,"Indiana_2015",1.3125,0.4134453781512605
2,26,26,"regular","False",0,13,6,17,25,0,1,11,110,33.17,14,"Win",0.3888888888888889,0.5757575757575758,"Indiana_2015",1.5757575757575757,0.46697038724373574
3,26,26,"regular","False",7,10,21,0,34,1,0,5,50,33.6,3,"Win",0.6153846153846154,0.7407407407407407,"Indiana_2015",2.185185185185185,0.4444444444444444
5,1,26,"regular","False",3,7,7,10,21,0,0,7,50,34.23,-7,"Loss",0.3181818181818182,0.4722222222222222,"Indiana_2015",1.5277777777777777,0.43781094527363185
7,26,26,"regular","False",10,14,28,0,28,1,2,4,19,24.97,-3,"Loss",0.2,0.7619047619047619,"Indiana_2015",0.8095238095238095,0.25996810207336524
10,9,26,"regular","False",3,14,0,10,26,0,1,3,35,25.5,-8,"Loss",0.47058823529411764,0.43243243243243246,"Indiana_2015",1.054054054054054,0.5577395577395577
11,14,26,"regular","False",6,10,10,8,32,0,0,9,79,27.45,-7,"Loss",0.35294117647058826,0.5882352941176471,"Indiana_2015",1.6176470588235294,0.5825426944971537
2,26,26,"regular","False",10,10,10,0,19,0,0,8,69,31.32,10,"Win",0.15384615384615385,0.6296296296296297,"Indiana_2016",1.6666666666666667,0.41280353200883
4,26,26,"regular","False",7,0,14,7,25,0,5,9,84,26.12,-5,"Loss",0.35714285714285715,0.5957446808510638,"Indiana_2016",0.6808510638297872,0.18821603927986907
5,17,26,"regular","False",0,0,7,14,19,0,1,7,60,26.62,3,"Win",0.5625,0.6071428571428571,"Indiana_2016",1.3928571428571428,0.35697940503432496
7,10,26,"regular","False",0,8,7,7,18,0,2,1,10,27.07,-5,"Loss",0.3333333333333333,0.6153846153846154,"Indiana_2016",0.7692307692307693,0.26426426426426425
9,26,26,"regular","False",13,3,13,13,34,0,0,6,65,27.75,6,"Win",0.6428571428571429,0.6538461538461539,"Indiana_2016",2.1923076923076925,0.6369230769230769
11,10,26,"regular","False",0,14,10,7,20,5,0,8,80,26.35,-14,"Loss",0.47058823529411764,0.5853658536585366,"Indiana_2016",1.0,0.2422907488986784
13,26,26,"regular","False",14,3,0,9,17,0,4,9,70,28.32,2,"Win",0.5,0.5,"Indiana_2016",2.4545454545454546,0.5650557620817844
1,2,26,"regular","False",7,7,7,0,25,1,2,5,33,28.17,-28,"Loss",0.45,0.6176470588235294,"Indiana_2017",0.39705882352941174,0.038901601830663615
4,26,26,"regular","False",21,10,14,7,20,0,0,5,30,25.82,35,"Win",0.35714285714285715,0.5,"Indiana_2017",2.1363636363636362,0.6038543897216274
6,26,26,"regular","False",10,14,3,0,25,2,1,7,60,30.73,27,"Win",0.47058823529411764,0.7804878048780488,"Indiana_2017",1.0975609756097562,0.3284518828451883
7,17,26,"regular","False",0,3,7,10,14,0,2,5,55,24.85,-7,"Loss",0.29411764705882354,0.4883720930232558,"Indiana_2017",0.6744186046511628,0.28776978417266186
10,9,26,"regular","False",7,3,7,0,16,1,2,10,98,20.62,-28,"Loss",0.3333333333333333,0.5882352941176471,"Indiana_2017",0.6176470588235294,0.15037593984962405
12,26,26,"regular","False",17,3,14,7,23,0,1,1,15,33.02,41,"Win",0.5882352941176471,0.6071428571428571,"Indiana_2017",1.7142857142857142,0.5308151093439364
2,26,26,"regular","False",13,7,0,0,21,0,1,6,42,29.6,4,"Win",0.5333333333333333,0.7272727272727273,"Indiana_2018",2.0,0.6124031007751938
3,26,26,"regular","False",3,21,7,7,26,1,0,5,45,32.73,28,"Win",0.46153846153846156,0.75,"Indiana_2018",1.375,0.5579868708971554
4,24,26,"regular","False",0,7,0,14,18,0,2,6,85,28.62,-14,"Loss",0.25,0.6956521739130435,"Indiana_2018",0.6956521739130435,0.09634551495016612
7,26,26,"regular","False",3,7,6,0,22,0,2,10,99,26.83,-26,"Loss",0.4166666666666667,0.7380952380952381,"Indiana_2018",0.5952380952380952,0.20303030303030303
8,18,26,"regular","False",14,0,7,7,32,2,1,7,55,33.97,-5,"Loss",0.42857142857142855,0.6363636363636364,"Indiana_2018",0.8181818181818182,0.4043321299638989
11,26,26,"regular","False",0,21,10,3,18,0,1,3,39,20.7,2,"Win",0.25,0.5714285714285714,"Indiana_2018",1.0714285714285714,0.3502673796791444
13,26,26,"regular","False",0,7,0,14,27,0,1,6,80,28.25,-7,"Loss",0.35714285714285715,0.7058823529411765,"Indiana_2018",0.5882352941176471,0.2915811088295688
2,26,26,"regular","False",21,14,7,10,26,0,0,6,45,32.58,52,"Win",0.625,0.7317073170731707,"Indiana_2019",0.8292682926829268,0.20540540540540542
3,6,26,"regular","False",3,7,0,0,15,0,1,5,54,32.17,-41,"Loss",0.17647058823529413,0.5833333333333334,"Indiana_2019",0.8611111111111112,0.16342412451361868
4,26,26,"regular","False",7,10,14,7,25,1,1,5,45,35.87,35,"Win",0.8,0.8571428571428571,"Indiana_2019",1.4285714285714286,0.413953488372093
7,26,26,"regular","False",21,0,14,0,25,1,1,7,54,36.3,35,"Win",0.5,0.6857142857142857,"Indiana_2019",1.0857142857142856,0.466786355475763
10,26,26,"regular","False",10,14,7,3,24,0,0,6,50,38.72,31,"Win",0.35714285714285715,0.68,"Indiana_2019",2.04,0.34782608695652173
13,13,26,"regular","False",7,7,0,0,19,1,1,8,86,31.9,-25,"Loss",0.4166666666666667,0.6,"Indiana_2019",1.2333333333333334,0.30218068535825543
8,8,26,"regular","False",0,17,0,11,16,1,1,4,36,19.58,1,"Win",0.3333333333333333,0.5277777777777778,"Indiana_2020",0.7222222222222222,0.1943127962085308
10,23,13,"regular","False",14,10,7,7,28,0,0,4,50,38.83,17,"Win",0.5,0.6,"Indiana_2020",0.76,0.2565217391304348
13,26,12,"regular","False",7,0,10,10,17,1,0,3,20,36.32,16,"Win",0.375,0.4583333333333333,"Indiana_2020",2.0,0.670487106017192
17,26,11,"post","True",3,0,3,14,26,1,1,5,50,35.68,-6,"Loss",0.4117647058823529,0.5777777777777777,"Indiana_2020",0.8888888888888888,0.45528455284552843
2,26,26,"regular","False",21,14,7,14,20,0,0,5,50,33.4,42,"Win",0.4666666666666667,0.65,"Indiana_2021",2.5,0.5295857988165681
3,8,26,"regular","False",7,7,10,0,20,1,3,5,45,30.38,-14,"Loss",0.375,0.425,"Indiana_2021",0.925,0.40425531914893614
7,10,26,"regular","False",3,6,0,6,23,1,2,4,35,33.5,-5,"Loss",0.4,0.5384615384615384,"Indiana_2021",0.6923076923076923,0.4161490683229814
8,5,26,"regular","False",7,0,0,0,10,0,0,1,7,27.98,-47,"Loss",0.35714285714285715,0.47058823529411764,"Indiana_2021",2.176470588235294,0.375
11,26,26,"regular","False",0,3,0,0,18,4,2,5,40,27.85,-35,"Loss",0.07142857142857142,0.42857142857142855,"Indiana_2021",0.7619047619047619,0.3166023166023166
12,26,26,"regular","False",7,0,0,7,12,0,2,4,50,23.28,-21,"Loss",0.5384615384615384,0.42105263157894735,"Indiana_2021",1.736842105263158,0.6467889908256881
1,26,26,"regular","False",3,13,0,7,20,1,1,3,35,23.45,3,"Win",0.5263157894736842,0.5384615384615384,"Indiana_2022",0.5,0.08839779005524862
2,26,26,"regular","False",0,0,23,12,21,1,1,3,25,22.03,13,"Win",0.5384615384615384,0.5517241379310345,"Indiana_2022",1.2413793103448276,0.5481651376146789
3,26,26,"regular","False",3,7,3,17,28,1,0,6,65,27.65,3,"Win",0.3888888888888889,0.6,"Indiana_2022",0.6363636363636364,0.24793388429752067
6,4,26,"regular","False",7,3,0,0,21,0,1,4,50,22.12,-21,"Loss",0.3333333333333333,0.5102040816326531,"Indiana_2022",0.5102040816326531,0.08558558558558559
7,26,26,"regular","False",3,14,3,13,23,1,2,3,14,25.27,-5,"Loss",0.3076923076923077,0.6976744186046512,"Indiana_2022",0.7441860465116279,0.10256410256410256
10,15,26,"regular","False",7,0,0,7,11,0,3,5,50,24.12,-31,"Loss",0.26666666666666666,0.5517241379310345,"Indiana_2022",1.1724137931034482,0.33163265306122447
13,26,26,"regular","False",7,0,0,9,26,0,1,3,29,37.75,-14,"Loss",0.3333333333333333,0.5813953488372093,"Indiana_2022",1.0232558139534884,0.5106888361045131
1,3,26,"regular","False",0,3,0,0,8,0,0,8,75,28.08,-20,"Loss",0.26666666666666666,0.45,"Indiana_2023",1.65,0.46405228758169936
2,26,26,"regular","False",21,3,7,10,33,1,0,7,60,36.82,34,"Win",0.75,0.7297297297297297,"Indiana_2023",1.135135135135135,0.3835125448028674
3,26,26,"regular","True",0,0,14,0,19,0,1,4,20,31.2,-7,"Loss",0.38461538461538464,0.7058823529411765,"Indiana_2023",0.7941176470588235,0.16246498599439776
4,26,26,"regular","False",0,7,7,3,14,1,1,5,50,25.6,2,"Win",0.21428571428571427,0.4230769230769231,"Indiana_2023",1.3076923076923077,0.3262411347517731
8,26,26,"regular","False",7,7,0,0,18,1,0,5,55,22.37,-17,"Loss",0.18181818181818182,0.4838709677419355,"Indiana_2023",0.9354838709677419,0.5483870967741935
10,26,26,"regular","False",7,10,0,3,20,0,0,2,30,33.42,6,"Win",0.375,0.6129032258064516,"Indiana_2023",1.3225806451612903,0.28735632183908044
12,26,26,"regular","False",0,7,7,7,23,1,0,5,55,28.93,-3,"Loss",0.47058823529411764,0.5588235294117647,"Indiana_2023",1.3529411764705883,0.5099502487562189
1,26,26,"regular","False",14,7,3,7,23,0,0,9,80,32.67,24,"Win",0.4,0.6,"Indiana_2024",1.6,0.5652173913043478
2,26,26,"regular","False",28,14,14,21,33,0,0,2,25,34.52,74,"Win",0.7777777777777778,0.9047619047619048,"Indiana_2024",2.238095238095238,0.4607703281027104
4,26,26,"regular","False",10,21,14,7,29,0,0,3,33,30.32,38,"Win",0.4,0.6666666666666666,"Indiana_2024",1.5185185185185186,0.43529411764705883
5,26,26,"regular","False",0,14,14,14,28,2,2,4,38,30.65,14,"Win",0.5384615384615384,0.6666666666666666,"Indiana_2024",1.2727272727272727,0.296078431372549
8,26,16,"regular","False",7,21,14,14,24,0,1,4,46,27.87,49,"Win",0.5555555555555556,0.8,"Indiana_2024",1.1,0.43434343434343436
9,26,13,"regular","False",7,10,7,7,20,0,1,1,5,31.4,14,"Win",0.5333333333333333,0.5789473684210527,"Indiana_2024",2.736842105263158,0.6025641025641025
11,26,8,"regular","False",7,10,0,3,14,0,1,5,54,26.87,5,"Win",0.36363636363636365,0.6071428571428571,"Indiana_2024",1.0,0.16260162601626016
14,26,10,"regular","False",7,21,17,21,30,0,0,5,45,36.62,66,"Win",0.5,0.7419354838709677,"Indiana_2024",1.4193548387096775,0.40034364261168387
1,26,26,"regular","False",7,10,7,7,26,1,0,4,35,33.23,8,"Win",0.5,0.7560975609756098,"Iowa_2014",0.8780487804878049,0.3765586034912718
2,26,26,"regular","False",0,3,0,14,27,2,0,3,30,31.12,4,"Win",0.5263157894736842,0.6363636363636364,"Iowa_2014",0.5272727272727272,0.24835164835164836
3,26,26,"regular","False",7,7,0,3,18,1,1,6,50,33.6,-3,"Loss",0.4375,0.6666666666666666,"Iowa_2014",1.8333333333333333,0.4690909090909091
7,26,26,"regular","False",28,10,0,7,22,0,0,4,30,35.33,16,"Win",0.3125,0.65625,"Iowa_2014",1.375,0.4859154929577465
10,26,26,"regular","False",24,14,0,10,24,1,0,5,35,32.95,41,"Win",0.6428571428571429,0.68,"Iowa_2014",1.84,0.4575569358178054
13,16,26,"regular","False",3,0,8,13,19,1,0,3,22,26.6,-2,"Loss",0.4166666666666667,0.6666666666666666,"Iowa_2014",0.9333333333333333,0.24514563106796117
14,26,26,"regular","False",0,10,14,7,24,3,1,3,21,37.73,-3,"Loss",0.5,0.5,"Iowa_2014",1.3157894736842106,0.3817204301075269
1,26,26,"regular","False",7,10,7,7,22,1,0,5,51,32.47,17,"Win",0.5,0.64,"Iowa_2015",1.76,0.4872389791183295
3,26,26,"regular","False",3,14,0,10,22,0,1,5,50,32.7,3,"Win",0.4666666666666667,0.675,"Iowa_2015",0.725,0.2892561983471074
4,26,26,"regular","False",14,21,13,14,23,2,0,4,24,31.75,46,"Win",0.6666666666666666,0.8636363636363636,"Iowa_2015",1.9545454545454546,0.430327868852459
6,26,22,"regular","False",6,10,7,6,23,0,0,6,80,35.85,9,"Win",0.25,0.4838709677419355,"Iowa_2015",1.6451612903225807,0.5815899581589958
9,26,10,"regular","False",7,14,0,10,18,1,0,7,53,32.87,16,"Win",0.375,0.5,"Iowa_2015",1.8333333333333333,0.37542662116040953
11,26,5,"regular","False",7,17,3,13,27,0,0,4,50,35.53,5,"Win",0.6666666666666666,0.7037037037037037,"Iowa_2015",1.7777777777777777,0.5375494071146245
12,26,5,"regular","False",14,6,7,13,21,1,0,2,20,27.1,20,"Win",0.5,0.6,"Iowa_2015",1.95,0.4496124031007752
14,5,4,"regular","True",3,3,0,7,13,2,1,5,45,23.37,-3,"Loss",0.25,0.6666666666666666,"Iowa_2015",0.8888888888888888,0.19402985074626866
17,6,5,"post","True",0,0,3,13,18,1,1,7,50,32.85,-29,"Loss",0.29411764705882354,0.6363636363636364,"Iowa_2015",1.1515151515151516,0.1672473867595819
1,26,17,"regular","False",21,7,7,10,17,0,0,3,35,23.65,24,"Win",0.4444444444444444,0.6190476190476191,"Iowa_2016",1.380952380952381,0.5247524752475248
2,26,16,"regular","False",14,14,14,0,25,0,0,5,35,32.13,39,"Win",0.4,0.6666666666666666,"Iowa_2016",1.2,0.45517241379310347
3,26,13,"regular","False",0,14,7,0,12,0,1,3,16,23.33,-2,"Loss",0.38461538461538464,0.5416666666666666,"Iowa_2016",1.0416666666666667,0.1471861471861472
5,26,26,"regular","False",7,14,3,7,15,0,1,6,70,31.65,-7,"Loss",0.375,0.7037037037037037,"Iowa_2016",1.5185185185185186,0.2791519434628975
8,10,26,"regular","False",0,6,0,3,14,0,0,5,30,22.97,-8,"Loss",0.15384615384615385,0.5151515151515151,"Iowa_2016",0.8181818181818182,0.3516949152542373
11,3,26,"regular","False",0,8,3,3,17,0,1,3,24,32.75,1,"Win",0.25,0.42105263157894735,"Iowa_2016",2.5789473684210527,0.7130434782608696
13,16,26,"regular","False",13,7,6,14,13,0,0,7,70,33.13,30,"Win",0.23076923076923078,0.6666666666666666,"Iowa_2016",3.1333333333333333,0.6470588235294118
17,17,26,"post","True",3,0,0,0,14,0,3,1,10,31.25,-27,"Loss",0.25,0.2916666666666667,"Iowa_2016",1.7083333333333333,0.7566371681415929
1,26,26,"regular","False",0,14,7,3,16,3,1,3,25,28.9,21,"Win",0.3076923076923077,0.5333333333333333,"Iowa_2017",2.7333333333333334,0.5247148288973384
3,26,26,"regular","False",7,3,7,14,28,2,0,6,63,40.75,17,"Win",0.6111111111111112,0.5925925925925926,"Iowa_2017",2.185185185185185,0.5471264367816092
4,4,26,"regular","False",0,7,0,12,11,1,0,3,25,20.35,-2,"Loss",0.2727272727272727,0.5909090909090909,"Iowa_2017",1.0454545454545454,0.30036630036630035
6,26,26,"regular","False",7,10,7,21,20,1,1,3,18,28.33,29,"Win",0.4666666666666667,0.5294117647058824,"Iowa_2017",1.1176470588235294,0.4331065759637188
9,26,26,"regular","False",7,0,7,3,15,1,1,6,50,28.78,7,"Win",0.21428571428571427,0.5555555555555556,"Iowa_2017",1.2222222222222223,0.3968253968253968
10,6,26,"regular","False",10,21,7,17,24,0,0,5,34,34.85,31,"Win",0.4166666666666667,0.65625,"Iowa_2017",1.1875,0.4989733059548255
12,26,26,"regular","False",0,9,0,6,17,1,1,6,56,33.72,-9,"Loss",0.4375,0.48484848484848486,"Iowa_2017",1.1515151515151516,0.3178294573643411
1,26,26,"regular","False",0,3,14,16,18,0,1,8,66,34.75,26,"Win",0.5,0.52,"Iowa_2018",1.92,0.59375
2,26,26,"regular","False",0,3,3,7,14,0,0,6,55,31.58,10,"Win",0.35294117647058826,0.5714285714285714,"Iowa_2018",1.2857142857142858,0.3874538745387454
3,26,26,"regular","False",7,14,17,0,27,0,2,10,88,36.57,24,"Win",0.4666666666666667,0.8064516129032258,"Iowa_2018",1.6129032258064515,0.3798165137614679
4,18,26,"regular","False",0,7,10,0,19,2,1,1,5,24.78,-11,"Loss",0.45454545454545453,0.6086956521739131,"Iowa_2018",1.3478260869565217,0.36633663366336633
8,26,19,"regular","False",3,10,10,0,22,0,1,0,0,40.92,23,"Win",0.5,0.4583333333333333,"Iowa_2018",2.1666666666666665,0.7225806451612903
11,26,21,"regular","False",0,3,7,0,16,2,0,3,35,28.9,-4,"Loss",0.23076923076923078,0.6585365853658537,"Iowa_2018",0.5365853658536586,0.1921921921921922
13,26,26,"regular","False",7,14,7,3,25,0,0,2,20,34.68,3,"Win",0.5384615384615384,0.6071428571428571,"Iowa_2018",1.6071428571428572,0.6348448687350835
17,18,26,"post","True",0,17,7,3,11,1,1,0,0,26.43,5,"Win",0.09090909090909091,0.6774193548387096,"Iowa_2018",0.6451612903225806,-0.07537688442211055
1,26,20,"regular","False",3,7,14,14,26,1,0,5,32,35.95,24,"Win",0.6428571428571429,0.7,"Iowa_2019",1.3666666666666667,0.45806451612903226
2,26,20,"regular","False",7,13,7,3,23,0,0,4,37,37.63,30,"Win",0.15384615384615385,0.5588235294117647,"Iowa_2019",1.1470588235294117,0.4429223744292237
5,26,14,"regular","False",17,7,10,14,30,0,0,3,20,35.95,45,"Win",0.625,0.6896551724137931,"Iowa_2019",1.7586206896551724,0.5450310559006211
7,10,17,"regular","False",3,3,0,6,21,1,1,1,5,27.13,-5,"Loss",0.4444444444444444,0.5813953488372093,"Iowa_2019",0.6976744186046512,0.19662921348314608
8,26,23,"regular","False",6,3,7,10,19,0,1,7,60,35.63,6,"Win",0.23076923076923078,0.696969696969697,"Iowa_2019",1.0,0.281767955801105
12,8,20,"regular","False",13,7,0,3,17,0,0,3,16,27.67,4,"Win",0.45454545454545453,0.6086956521739131,"Iowa_2019",1.3478260869565217,0.40344827586206894
13,26,17,"regular","False",7,6,0,6,16,0,1,4,29,31.82,9,"Win",0.3125,0.5142857142857142,"Iowa_2019",0.9142857142857143,0.2041343669250646
17,22,16,"post","True",7,21,7,14,20,0,0,4,23,33.4,25,"Win",0.6153846153846154,0.6428571428571429,"Iowa_2019",1.25,0.35060975609756095
9,26,26,"regular","False",17,3,0,0,20,0,3,3,20,26.45,-1,"Loss",0.35294117647058826,0.5098039215686274,"Iowa_2020",0.45098039215686275,0.2627986348122867
10,26,26,"regular","False",14,21,7,7,19,0,0,6,35,32.08,42,"Win",0.3333333333333333,0.5517241379310345,"Iowa_2020",1.4137931034482758,0.5580246913580247
13,26,24,"regular","False",10,3,7,6,22,0,1,2,20,34.4,6,"Win",0.2857142857142857,0.6,"Iowa_2020",1.5,0.40062111801242234
15,26,16,"regular","False",3,3,15,7,13,1,0,6,50,25.82,21,"Win",0.21428571428571427,0.56,"Iowa_2020",1.28,0.3757396449704142
1,17,18,"regular","False",14,17,0,3,18,2,0,2,20,27.93,28,"Win",0.3333333333333333,0.4642857142857143,"Iowa_2021",1.2857142857142858,0.5214521452145214
3,26,5,"regular","False",9,7,7,7,21,1,0,8,73,36.13,23,"Win",0.5,0.7027027027027027,"Iowa_2021",1.027027027027027,0.49282296650717705
4,26,5,"regular","False",0,7,14,3,12,0,1,2,20,28.7,10,"Win",0.3076923076923077,0.6521739130434783,"Iowa_2021",1.391304347826087,0.19424460431654678
6,4,3,"regular","False",3,7,3,10,18,0,1,4,42,35.88,3,"Win",0.3684210526315789,0.5483870967741935,"Iowa_2021",1.4516129032258065,0.36065573770491804
7,26,2,"regular","False",0,7,0,0,17,0,4,3,28,25.23,-17,"Loss",0.5384615384615384,0.53125,"Iowa_2021",0.9375,0.28044280442804426
11,26,20,"regular","False",3,7,7,10,12,1,0,3,30,19.68,5,"Win",0.3333333333333333,0.4583333333333333,"Iowa_2021",1.0416666666666667,0.2563176895306859
12,26,17,"regular","False",7,10,3,13,17,0,1,3,22,35.88,10,"Win",0.3125,0.3333333333333333,"Iowa_2021",2.888888888888889,0.6745098039215687
14,2,13,"regular","True",3,0,0,0,15,0,1,5,55,31.65,-39,"Loss",0.2631578947368421,0.5,"Iowa_2021",0.868421052631579,0.3727598566308244
1,26,26,"regular","False",3,0,2,2,10,1,1,2,15,30.18,4,"Win",0.23529411764705882,0.44,"Iowa_2022",1.44,0.3433734939759036
2,26,26,"regular","False",7,0,0,0,11,2,1,4,25,21.75,-3,"Loss",0.2727272727272727,0.4444444444444444,"Iowa_2022",0.9259259259259259,0.38666666666666666
3,26,26,"regular","False",14,3,3,7,15,0,0,5,25,29.95,27,"Win",0.4375,0.5384615384615384,"Iowa_2022",1.3461538461538463,0.4807121661721068
5,4,26,"regular","False",0,0,0,14,16,0,0,5,59,26.27,-13,"Loss",0.36363636363636365,0.6774193548387096,"Iowa_2022",0.7741935483870968,0.12455516014234876
9,26,26,"regular","False",10,10,3,10,24,0,0,2,18,31.73,20,"Win",0.45454545454545453,0.7,"Iowa_2022",1.1666666666666667,0.4472361809045226
11,26,26,"regular","False",0,14,0,10,11,1,0,3,20,33.62,14,"Win",0.3157894736842105,0.6086956521739131,"Iowa_2022",1.9565217391304348,0.3561643835616438
13,26,26,"regular","False",0,0,7,10,18,3,1,7,65,28.75,-7,"Loss",0.375,0.4358974358974359,"Iowa_2022",0.8461538461538461,0.45255474452554745
1,26,25,"regular","False",14,3,0,7,17,0,0,7,50,32.2,10,"Win",0.35294117647058826,0.5454545454545454,"Iowa_2023",1.0909090909090908,0.30985915492957744
3,26,25,"regular","False",0,14,17,10,19,0,2,1,5,33.88,31,"Win",0.3333333333333333,0.5,"Iowa_2023",1.9545454545454546,0.6563307493540051
5,26,26,"regular","False",3,7,3,13,15,1,1,3,25,26.2,10,"Win",0.15384615384615385,0.4375,"Iowa_2023",0.84375,0.2747747747747748
6,26,26,"regular","False",7,3,3,7,12,0,1,2,20,24.53,6,"Win",0.23076923076923078,0.2857142857142857,"Iowa_2023",1.6666666666666667,0.6219931271477663
8,26,24,"regular","False",3,7,0,0,9,2,1,6,53,24.58,-2,"Loss",0.26666666666666666,0.35714285714285715,"Iowa_2023",1.0,0.08661417322834646
11,26,22,"regular","False",0,3,3,16,21,0,1,0,0,38.37,22,"Win",0.5,0.6451612903225806,"Iowa_2023",1.4838709677419355,0.44527363184079605
12,26,16,"regular","False",2,7,0,6,18,0,0,6,70,33.97,2,"Win",0.375,0.6551724137931034,"Iowa_2023",1.2413793103448276,0.40569395017793597
14,2,16,"regular","True",0,0,0,0,7,3,0,7,46,23.47,-26,"Loss",0.26666666666666666,0.5625,"Iowa_2023",0.75,0.22580645161290322
1,26,25,"regular","False",3,3,13,21,23,0,0,7,50,34.8,40,"Win",0.4666666666666667,0.6774193548387096,"Iowa_2024",1.2903225806451613,0.4898373983739837
2,26,21,"regular","False",7,6,6,0,16,0,2,3,35,29.83,-1,"Loss",0.35294117647058826,0.4482758620689655,"Iowa_2024",1.3103448275862069,0.6732673267326733
3,26,26,"regular","False",0,10,14,14,25,0,0,0,0,36.32,17,"Win",0.5384615384615384,0.8333333333333334,"Iowa_2024",1.875,0.6147186147186147
7,26,26,"regular","False",7,13,3,17,20,0,0,4,55,25.02,24,"Win",0.5,0.5714285714285714,"Iowa_2024",2.642857142857143,0.6707317073170732
9,26,26,"regular","False",3,9,28,0,14,0,1,3,45,34.4,26,"Win",0.35294117647058826,0.5925925925925926,"Iowa_2024",1.4444444444444444,0.5690140845070423
10,26,26,"regular","False",0,14,14,14,23,0,0,7,47,33.43,32,"Win",0.5454545454545454,0.7,"Iowa_2024",5.4,0.7796208530805687
14,26,26,"regular","False",0,0,3,10,5,0,0,1,15,20.98,3,"Win",0.0,0.5333333333333333,"Iowa_2024",1.7333333333333334,0.29878048780487804
1,26,26,"regular","False",14,21,17,7,23,0,0,6,59,23.7,45,"Win",0.5714285714285714,0.6666666666666666,"Kentucky_2014",0.8484848484848485,0.3567073170731707
2,26,26,"regular","False",14,3,3,0,24,0,0,4,45,38.43,17,"Win",0.45,0.5483870967741935,"Kentucky_2014",1.6774193548387097,0.5771144278606966
5,26,26,"regular","False",7,10,0,0,23,2,1,5,55,47.27,10,"Win",0.4,0.7666666666666667,"Kentucky_2014",1.6666666666666667,0.4765625
6,26,26,"regular","False",0,17,7,21,22,1,0,8,80,25.25,7,"Win",0.45454545454545453,0.6666666666666666,"Kentucky_2014",1.2,0.5346756152125279
7,26,26,"regular","False",3,21,21,3,15,0,1,6,54,24.87,34,"Win",0.08333333333333333,0.5333333333333333,"Kentucky_2014",0.9666666666666667,0.38636363636363635
9,1,26,"regular","False",7,3,14,7,23,1,0,3,25,25.13,-14,"Loss",0.35714285714285715,0.5681818181818182,"Kentucky_2014",0.7272727272727273,0.20436507936507936
11,20,26,"regular","False",0,24,0,7,22,0,1,3,25,33.63,-32,"Loss",0.5,0.5161290322580645,"Kentucky_2014",1.5161290322580645,0.6062322946175638
1,26,26,"regular","False",14,10,9,7,18,0,1,4,54,22.92,7,"Win",0.35714285714285715,0.47058823529411764,"Kentucky_2015",0.7647058823529411,0.4091954022988506
3,26,26,"regular","False",3,0,0,6,14,0,2,5,37,28.12,-5,"Loss",0.3333333333333333,0.3333333333333333,"Kentucky_2015",1.7083333333333333,0.47717842323651455
4,25,26,"regular","False",0,7,7,7,18,0,0,8,91,31.03,8,"Win",0.6428571428571429,0.8148148148148148,"Kentucky_2015",1.4074074074074074,0.3252032520325203
5,26,26,"regular","False",7,0,6,14,24,1,2,6,46,28.75,7,"Win",0.4375,0.6904761904761905,"Kentucky_2015",0.8571428571428571,0.14322916666666666
7,26,26,"regular","False",7,3,10,7,25,0,1,5,37,30.55,-3,"Loss",0.38461538461538464,0.6136363636363636,"Kentucky_2015",0.75,0.2776659959758551
9,26,26,"regular","False",7,7,7,0,18,1,1,9,93,30.28,-31,"Loss",0.15384615384615385,0.48484848484848486,"Kentucky_2015",0.9696969696969697,0.47277936962750716
12,26,26,"regular","False",10,10,17,21,22,1,0,2,30,32.2,48,"Win",0.4375,0.5517241379310345,"Kentucky_2015",1.5172413793103448,0.7628676470588235
13,26,26,"regular","False",21,3,0,0,14,1,1,9,95,31.4,-14,"Loss",0.4117647058823529,0.34615384615384615,"Kentucky_2015",1.4230769230769231,0.3161512027491409
1,26,26,"regular","False",21,14,0,0,14,2,1,6,75,19.47,-9,"Loss",0.3333333333333333,0.64,"Kentucky_2016",1.0,0.23471882640586797
3,26,26,"regular","False",14,21,14,13,28,2,1,11,87,34.2,20,"Win",0.5,0.75,"Kentucky_2016",2.125,0.5505780346820809
4,26,26,"regular","False",0,3,7,7,23,1,1,4,30,32.67,7,"Win",0.3076923076923077,0.5789473684210527,"Kentucky_2016",2.6315789473684212,0.6153846153846154
6,26,26,"regular","False",7,10,0,3,20,1,1,5,42,32.73,7,"Win",0.26666666666666666,0.4166666666666667,"Kentucky_2016",2.1666666666666665,0.8403908794788274
8,26,26,"regular","False",0,6,21,13,26,2,0,2,20,32.88,2,"Win",0.4,0.5151515151515151,"Kentucky_2016",1.3333333333333333,0.4729241877256318
10,26,26,"regular","False",7,7,7,3,16,1,1,5,40,26.02,-3,"Loss",0.23076923076923078,0.5238095238095238,"Kentucky_2016",1.9047619047619047,0.6038961038961039
12,26,26,"regular","False",0,21,21,7,14,0,1,10,85,22.27,36,"Win",0.45454545454545453,0.5714285714285714,"Kentucky_2016",2.5,0.6853658536585366
17,26,26,"post","True",0,3,0,15,20,1,0,5,51,27.63,-15,"Loss",0.375,0.5588235294117647,"Kentucky_2016",1.0588235294117647,0.45987654320987653
2,26,26,"regular","False",3,7,7,10,22,0,0,6,60,31.47,11,"Win",0.46153846153846156,0.6666666666666666,"Kentucky_2017",1.625,0.47477064220183485
4,20,26,"regular","False",7,7,10,3,21,0,0,7,55,29.92,-1,"Loss",0.1,0.6666666666666666,"Kentucky_2017",1.1851851851851851,0.35294117647058826
5,26,26,"regular","False",7,7,3,7,16,1,0,5,40,30.08,4,"Win",0.4117647058823529,0.6666666666666666,"Kentucky_2017",1.3703703703703705,0.2324561403508772
6,26,26,"regular","False",10,10,7,13,22,0,1,6,34,36.15,6,"Win",0.47058823529411764,0.5945945945945946,"Kentucky_2017",1.054054054054054,0.3868312757201646
9,26,26,"regular","False",7,14,0,8,17,4,0,4,44,21.58,3,"Win",0.42857142857142855,0.4375,"Kentucky_2017",2.25,0.7789757412398922
10,26,26,"regular","False",3,17,7,7,23,0,0,4,40,36.33,-3,"Loss",0.5384615384615384,0.8,"Kentucky_2017",1.8,0.48131868131868133
13,26,26,"regular","False",7,3,0,7,20,0,0,7,86,30.52,-27,"Loss",0.46153846153846156,0.42105263157894735,"Kentucky_2017",2.263157894736842,0.6745562130177515
1,26,26,"regular","False",7,14,7,7,27,2,2,3,40,28.13,15,"Win",0.5384615384615384,0.5555555555555556,"Kentucky_2018",1.5925925925925926,0.7002341920374707
3,26,26,"regular","False",7,10,17,14,28,0,0,7,67,35.92,38,"Win",0.5,0.7741935483870968,"Kentucky_2018",1.3870967741935485,0.4640151515151515
4,14,26,"regular","False",0,7,7,14,18,0,1,5,42,30.95,21,"Win",0.2727272727272727,0.5714285714285714,"Kentucky_2018",3.357142857142857,0.7633333333333333
5,26,17,"regular","False",3,21,0,0,19,0,1,11,115,34.73,14,"Win",0.25,0.65,"Kentucky_2018",2.3,0.5963302752293578
8,26,14,"regular","False",0,7,0,7,17,2,0,4,35,31.12,7,"Win",0.5384615384615384,0.3333333333333333,"Kentucky_2018",5.888888888888889,0.9395973154362416
10,6,9,"regular","False",0,3,7,7,21,2,0,6,64,28.58,-17,"Loss",0.5384615384615384,0.7931034482758621,"Kentucky_2018",1.206896551724138,0.2709677419354839
12,26,17,"regular","False",17,7,7,3,15,0,0,6,51,26.63,11,"Win",0.4,0.7142857142857143,"Kentucky_2018",2.857142857142857,0.6265432098765432
1,26,26,"regular","False",0,14,10,14,20,2,0,7,61,30.75,14,"Win",0.2727272727272727,0.7307692307692307,"Kentucky_2019",1.5,0.41706161137440756
2,26,26,"regular","False",14,3,7,14,26,1,0,7,84,33.02,21,"Win",0.6428571428571429,0.5555555555555556,"Kentucky_2019",1.0833333333333333,0.5184381778741866
3,9,26,"regular","False",0,14,7,0,26,1,3,9,79,34.92,-8,"Loss",0.5333333333333333,0.6571428571428571,"Kentucky_2019",1.1714285714285715,0.343980343980344
7,26,26,"regular","False",0,7,10,7,21,1,0,7,44,37.18,4,"Win",0.5,0.6666666666666666,"Kentucky_2019",4.5,0.7894736842105263
9,26,26,"regular","False",0,22,0,7,15,2,0,4,48,33.32,22,"Win",0.25,0.5,"Kentucky_2019",6.0,0.825
11,26,26,"regular","False",13,0,0,0,21,0,1,4,29,41.62,-4,"Loss",0.4666666666666667,0.5714285714285714,"Kentucky_2019",9.142857142857142,0.9235474006116208
13,26,26,"regular","False",16,13,7,14,16,1,1,2,25,29.1,43,"Win",0.3333333333333333,0.18181818181818182,"Kentucky_2019",4.090909090909091,0.964509394572025
14,26,26,"regular","False",7,10,14,14,16,0,0,2,15,24.08,32,"Win",0.375,0.5,"Kentucky_2019",20.0,0.9923224568138196
17,26,26,"post","True",7,7,10,13,22,1,1,6,65,35.77,7,"Win",0.46153846153846156,0.46153846153846156,"Kentucky_2019",4.230769230769231,0.8193069306930693
5,26,26,"regular","False",14,7,7,7,26,1,0,8,81,36.08,-1,"Loss",0.5454545454545454,0.7777777777777778,"Kentucky_2020",3.111111111111111,0.7298747763864043
6,26,26,"regular","False",0,14,0,10,10,1,0,3,25,25.18,22,"Win",0.2857142857142857,0.38095238095238093,"Kentucky_2020",1.5238095238095237,0.535031847133758
9,5,26,"regular","False",0,3,0,0,15,1,0,6,54,35.0,-11,"Loss",0.4375,0.6,"Kentucky_2020",1.56,0.6026200873362445
11,26,26,"regular","False",14,10,7,7,23,0,0,10,89,27.57,3,"Win",0.375,0.8,"Kentucky_2020",1.75,0.6724890829694323
14,26,26,"regular","False",10,17,7,7,24,0,0,5,60,34.18,23,"Win",0.35714285714285715,0.6538461538461539,"Kentucky_2020",1.7307692307692308,0.5914634146341463
17,23,26,"post","True",3,10,0,10,19,0,0,10,103,34.12,2,"Win",0.23076923076923078,0.6190476190476191,"Kentucky_2020",2.238095238095238,0.7578947368421053
1,26,26,"regular","False",14,14,3,14,24,2,1,7,65,31.78,35,"Win",0.5454545454545454,0.6666666666666666,"Kentucky_2021",1.0303030303030303,0.2570921985815603
2,26,26,"regular","False",14,7,7,7,26,1,1,3,35,32.8,7,"Win",0.6666666666666666,0.5555555555555556,"Kentucky_2021",2.888888888888889,0.6557692307692308
3,26,26,"regular","False",7,7,0,14,20,1,2,8,60,28.3,5,"Win",0.45454545454545453,0.6571428571428571,"Kentucky_2021",0.7714285714285715,0.28651685393258425
5,10,26,"regular","False",7,0,6,7,13,0,1,4,30,23.7,7,"Win",0.1111111111111111,0.4117647058823529,"Kentucky_2021",1.7647058823529411,0.6116071428571429
6,26,16,"regular","False",7,7,14,14,24,0,0,3,25,32.2,21,"Win",0.2857142857142857,0.8235294117647058,"Kentucky_2021",2.6470588235294117,0.6947368421052632
10,26,18,"regular","False",7,14,14,7,35,0,1,7,58,46.13,-3,"Loss",0.7058823529411765,0.64,"Kentucky_2021",0.98,0.36764705882352944
12,26,26,"regular","False",21,14,14,7,29,3,1,7,69,33.88,40,"Win",0.6666666666666666,0.6857142857142857,"Kentucky_2021",1.0285714285714285,0.3507779349363508
17,15,22,"post","True",7,6,0,7,24,0,1,3,20,37.9,3,"Win",0.42857142857142855,0.6071428571428571,"Kentucky_2021",1.6785714285714286,0.3418079096045198
1,26,20,"regular","False",7,6,17,7,20,0,1,4,30,28.12,24,"Win",0.25,0.65625,"Kentucky_2022",0.8125,0.141643059490085
3,26,9,"regular","False",0,21,7,3,26,1,2,10,74,38.17,31,"Win",0.5454545454545454,0.7714285714285715,"Kentucky_2022",1.0285714285714285,0.21458333333333332
4,26,8,"regular","False",7,7,10,7,18,1,0,2,8,33.72,8,"Win",0.625,0.6923076923076923,"Kentucky_2022",1.3461538461538463,0.2536945812807882
6,26,13,"regular","False",0,7,0,7,18,1,1,5,25,31.08,-10,"Loss",0.25,0.5555555555555556,"Kentucky_2022",1.3333333333333333,0.40468227424749165
7,16,22,"regular","False",0,3,10,14,24,1,1,11,84,39.37,10,"Win",0.4,0.76,"Kentucky_2022",1.92,0.5
11,26,24,"regular","False",6,0,3,12,16,0,1,4,50,26.75,-3,"Loss",0.3333333333333333,0.4782608695652174,"Kentucky_2022",1.3478260869565217,0.6614906832298136
12,1,26,"regular","False",0,0,0,6,17,0,1,3,12,29.97,-10,"Loss",0.2727272727272727,0.6451612903225806,"Kentucky_2022",0.8064516129032258,0.3016949152542373
13,25,26,"regular","False",7,6,10,3,17,0,0,9,56,32.75,13,"Win",0.2727272727272727,0.5789473684210527,"Kentucky_2022",2.210526315789474,0.45664739884393063
17,26,26,"post","True",0,0,0,0,10,0,2,3,35,34.28,-21,"Loss",0.1111111111111111,0.5945945945945946,"Kentucky_2022",0.8648648648648649,0.3675675675675676
1,26,26,"regular","False",3,20,14,7,17,0,1,7,51,21.73,30,"Win",0.4444444444444444,0.5806451612903226,"Kentucky_2023",0.6451612903225806,0.3192090395480226
2,26,26,"regular","False",0,7,14,7,20,0,1,10,70,32.12,11,"Win",0.45454545454545453,0.631578947368421,"Kentucky_2023",0.6052631578947368,0.2777777777777778
3,26,26,"regular","False",7,7,7,14,18,2,1,5,45,25.22,32,"Win",0.625,0.6153846153846154,"Kentucky_2023",0.8461538461538461,0.3
5,22,26,"regular","False",16,7,7,3,22,0,0,3,25,28.77,19,"Win",0.125,0.47368421052631576,"Kentucky_2023",1.894736842105263,0.8266331658291457
7,26,24,"regular","False",14,0,7,0,19,1,2,14,122,28.88,-17,"Loss",0.38461538461538464,0.5185185185185185,"Kentucky_2023",1.1481481481481481,0.5986622073578596
9,21,26,"regular","False",0,17,7,3,24,0,0,4,21,33.07,-6,"Loss",0.45454545454545453,0.717948717948718,"Kentucky_2023",0.6153846153846154,0.16216216216216217
11,8,26,"regular","False",7,0,7,7,11,1,1,4,19,27.9,-28,"Loss",0.2727272727272727,0.5483870967741935,"Kentucky_2023",0.7741935483870968,0.37549407114624506
17,22,26,"post","True",7,7,7,14,12,2,2,4,45,24.82,-3,"Loss",0.36363636363636365,0.5714285714285714,"Kentucky_2023",0.8214285714285714,0.23115577889447236
1,26,26,"regular","False",7,17,7,0,19,0,1,4,45,20.0,31,"Win",0.6,0.6666666666666666,"Kentucky_2024",1.3333333333333333,0.4668769716088328
2,26,26,"regular","False",0,6,0,0,13,0,2,11,63,32.35,-25,"Loss",0.21428571428571427,0.35294117647058826,"Kentucky_2024",2.7058823529411766,0.7595628415300546
3,1,26,"regular","False",3,3,3,3,23,1,0,4,23,35.03,-1,"Loss",0.5625,0.5,"Kentucky_2024",1.6071428571428572,0.5985915492957746
4,26,26,"regular","False",3,14,10,14,25,0,0,6,45,33.58,35,"Win",0.5384615384615384,0.7037037037037037,"Kentucky_2024",1.5185185185185186,0.42213114754098363
7,26,26,"regular","False",0,7,0,6,23,1,1,12,105,25.42,-7,"Loss",0.4444444444444444,0.5769230769230769,"Kentucky_2024",1.1923076923076923,0.5093167701863354
9,26,26,"regular","False",10,0,0,0,13,0,2,3,40,24.3,-14,"Loss",0.3333333333333333,0.4444444444444444,"Kentucky_2024",1.0,0.3125
12,26,26,"regular","False",14,10,10,14,32,1,1,9,87,33.2,42,"Win",0.36363636363636365,0.6666666666666666,"Kentucky_2024",1.393939393939394,0.46219931271477666
14,26,26,"regular","False",0,0,7,7,13,2,3,4,50,24.95,-27,"Loss",0.0,0.4166666666666667,"Kentucky_2024",1.375,0.4725609756097561
1,14,13,"regular","True",7,0,6,15,17,1,0,7,50,31.77,4,"Win",0.35294117647058826,0.42857142857142855,"LSU_2014",2.238095238095238,0.3452054794520548
2,26,12,"regular","False",20,15,7,14,27,1,0,6,60,35.05,56,"Win",0.6666666666666666,0.6111111111111112,"LSU_2014",3.2222222222222223,0.571917808219178
3,26,10,"regular","False",3,7,14,7,22,0,1,6,54,34.97,31,"Win",0.5,0.6,"LSU_2014",2.6,0.5887096774193549
4,26,8,"regular","False",0,3,7,19,20,0,1,3,28,29.75,-5,"Loss",0.15384615384615385,0.5405405405405406,"LSU_2014",0.9459459459459459,0.2069767441860465
5,26,17,"regular","False",14,28,14,7,29,2,2,5,35,35.28,56,"Win",0.5,0.7,"LSU_2014",2.7,0.6447602131438721
8,26,26,"regular","False",17,10,14,0,20,0,1,10,80,32.93,38,"Win",0.5384615384615384,0.4666666666666667,"LSU_2014",3.4,0.7163120567375887
9,3,24,"regular","False",0,3,0,7,22,2,2,5,45,35.78,3,"Win",0.38461538461538464,0.5,"LSU_2014",3.4375,0.6502463054187192
11,5,16,"regular","False",7,0,3,3,17,0,1,2,20,38.27,-7,"Loss",0.4090909090909091,0.3076923076923077,"LSU_2014",2.1538461538461537,0.7065637065637066
17,26,23,"post","True",7,7,14,0,17,1,0,2,7,22.68,-3,"Loss",0.5,0.5,"LSU_2014",2.7142857142857144,0.6536697247706422
3,18,13,"regular","False",14,10,14,7,20,0,0,5,43,33.62,24,"Win",0.5454545454545454,0.7058823529411765,"LSU_2015",2.823529411764706,0.8474226804123711
5,26,9,"regular","False",14,6,10,14,28,1,0,7,51,28.48,22,"Win",0.16666666666666666,0.2857142857142857,"LSU_2015",3.5714285714285716,0.8301486199575372
6,26,7,"regular","False",7,10,21,7,29,0,0,7,50,39.88,21,"Win",0.6,0.6206896551724138,"LSU_2015",1.8620689655172413,0.6346153846153846
7,8,6,"regular","False",0,28,0,7,18,1,0,3,20,30.28,7,"Win",0.5,0.6842105263157895,"LSU_2015",2.1578947368421053,0.5224586288416075
8,26,5,"regular","False",7,7,20,14,21,0,0,7,65,30.82,28,"Win",0.5,0.55,"LSU_2015",2.15,0.4245472837022133
11,26,9,"regular","False",0,7,7,0,20,1,1,7,46,30.28,-17,"Loss",0.42857142857142855,0.6,"LSU_2015",0.8571428571428571,0.1787878787878788
13,26,26,"regular","False",6,0,7,6,17,0,1,8,65,32.55,12,"Win",0.3333333333333333,0.3333333333333333,"LSU_2015",2.238095238095238,0.746177370030581
2,26,21,"regular","False",0,27,7,0,18,1,1,5,35,26.85,21,"Win",0.6363636363636364,0.42105263157894735,"LSU_2016",1.9473684210526316,0.6576819407008087
3,26,20,"regular","False",14,9,0,0,22,1,0,7,56,32.73,3,"Win",0.4375,0.59375,"LSU_2016",1.21875,0.45153061224489793
5,26,26,"regular","False",7,14,7,14,30,0,0,5,35,42.55,35,"Win",0.5454545454545454,0.6333333333333333,"LSU_2016",1.7333333333333334,0.6593059936908517
7,26,26,"regular","False",7,3,28,7,17,0,1,6,55,22.02,35,"Win",0.5555555555555556,0.6111111111111112,"LSU_2016",1.3333333333333333,0.39869281045751637
8,23,25,"regular","False",7,14,10,7,20,2,1,6,43,32.22,17,"Win",0.36363636363636365,0.6785714285714286,"LSU_2016",1.2857142857142858,0.6038834951456311
10,1,13,"regular","False",0,0,0,0,6,0,1,3,20,26.08,-10,"Loss",0.26666666666666666,0.4583333333333333,"LSU_2016",1.125,0.264
12,23,16,"regular","False",7,0,0,3,23,2,0,2,20,34.03,-6,"Loss",0.5,0.5384615384615384,"LSU_2016",1.7307692307692308,0.5177304964539007
1,26,13,"regular","True",0,14,6,7,26,0,0,10,86,41.9,27,"Win",0.5,0.8333333333333334,"LSU_2017",3.1666666666666665,0.6179540709812108
2,26,12,"regular","False",14,14,14,3,22,0,0,11,74,32.53,35,"Win",0.4166666666666667,0.5,"LSU_2017",2.5555555555555554,0.4889867841409692
4,26,25,"regular","False",7,7,14,7,18,0,1,3,25,30.13,9,"Win",0.5384615384615384,0.6086956521739131,"LSU_2017",1.6521739130434783,0.3647342995169082
5,26,25,"regular","False",0,0,7,14,21,2,2,4,29,25.27,-3,"Loss",0.0,0.65625,"LSU_2017",0.90625,0.37850467289719625
7,10,26,"regular","False",0,14,0,13,14,1,0,7,61,29.5,4,"Win",0.35294117647058826,0.52,"LSU_2017",1.56,0.4325068870523416
11,26,24,"regular","False",7,0,12,14,21,0,0,5,40,28.9,23,"Win",0.5555555555555556,0.6875,"LSU_2017",2.4375,0.4771084337349398
13,26,18,"regular","False",13,7,14,11,27,1,0,2,30,39.52,24,"Win",0.5333333333333333,0.6451612903225806,"LSU_2017",1.8064516129032258,0.415973377703827
17,14,17,"post","True",0,0,7,10,21,0,0,5,27,37.6,-4,"Loss",0.5263157894736842,0.5757575757575758,"LSU_2017",1.2727272727272727,0.42606516290726815
1,8,25,"regular","True",10,17,6,0,17,0,0,6,62,31.82,16,"Win",0.1875,0.4583333333333333,"LSU_2018",1.7083333333333333,0.527027027027027
2,26,11,"regular","False",14,10,0,7,15,0,0,7,84,25.07,31,"Win",0.36363636363636365,0.5,"LSU_2018",1.75,0.5492537313432836
4,26,6,"regular","False",7,17,0,14,25,1,0,4,45,32.77,17,"Win",0.5625,0.5714285714285714,"LSU_2018",1.7142857142857142,0.5330073349633252
5,26,5,"regular","False",14,14,7,10,33,2,0,5,40,35.28,29,"Win",0.5833333333333334,0.72,"LSU_2018",2.0,0.49040139616055844
7,2,13,"regular","False",3,13,3,17,20,0,0,2,19,33.68,20,"Win",0.3157894736842105,0.5,"LSU_2018",1.7,0.5789473684210527
8,22,5,"regular","False",7,3,6,3,17,0,1,5,53,31.77,16,"Win",0.3888888888888889,0.5714285714285714,"LSU_2018",1.5714285714285714,0.4602510460251046
10,1,3,"regular","False",0,0,0,0,13,0,1,3,15,24.7,-29,"Loss",0.3125,0.5142857142857142,"LSU_2018",0.7142857142857143,0.061224489795918366
12,26,7,"regular","False",14,14,7,7,31,1,0,3,26,24.45,32,"Win",0.625,0.7058823529411765,"LSU_2018",1.0294117647058822,0.32608695652173914
1,26,6,"regular","False",21,21,10,3,22,0,0,7,70,31.47,52,"Win",0.5714285714285714,0.7692307692307693,"LSU_2019",0.8461538461538461,0.2584745762711864
3,26,4,"regular","False",3,21,27,14,31,0,1,4,55,26.37,51,"Win",0.7142857142857143,0.8787878787878788,"LSU_2019",1.0606060606060606,0.2
6,26,5,"regular","False",7,14,14,7,32,1,1,5,41,41.05,36,"Win",0.6470588235294118,0.717948717948718,"LSU_2019",1.3076923076923077,0.41264559068219636
7,7,5,"regular","False",7,14,14,7,22,0,0,4,28,21.68,14,"Win",0.25,0.875,"LSU_2019",1.0,0.42661448140900193
9,9,2,"regular","False",0,10,6,7,30,1,1,12,118,33.03,3,"Win",0.47368421052631576,0.7619047619047619,"LSU_2019",1.0952380952380953,0.36811023622047245
13,26,1,"regular","False",7,21,21,7,25,1,0,5,63,19.52,36,"Win",0.4,0.78125,"LSU_2019",0.5,0.42483660130718953
14,26,2,"regular","False",21,10,10,9,31,0,0,9,72,34.63,43,"Win",0.36363636363636365,0.6944444444444444,"LSU_2019",1.0833333333333333,0.2314647377938517
15,4,2,"regular","True",14,3,17,3,26,0,0,5,45,33.63,27,"Win",0.5625,0.7368421052631579,"LSU_2019",0.9473684210526315,0.27442827442827444
17,4,1,"post","True",21,28,7,7,31,0,0,4,49,32.97,35,"Win",0.6363636363636364,0.7619047619047619,"LSU_2019",0.7619047619047619,0.23121387283236994
17,3,1,"post","True",7,21,7,7,29,0,0,11,118,34.75,17,"Win",0.2857142857142857,0.6326530612244898,"LSU_2019",0.6530612244897959,0.2627388535031847
4,26,6,"regular","False",0,14,10,10,25,0,2,7,31,29.53,-10,"Loss",0.29411764705882354,0.5869565217391305,"LSU_2020",0.8260869565217391,0.18823529411764706
8,26,26,"regular","False",10,21,14,7,29,0,1,10,79,37.57,28,"Win",0.8,0.8095238095238095,"LSU_2020",2.5714285714285716,0.5101663585951941
14,1,26,"regular","False",0,14,3,0,21,1,0,4,30,26.72,-38,"Loss",0.3333333333333333,0.5555555555555556,"LSU_2020",0.6,0.2784090909090909
16,26,26,"regular","False",10,24,6,13,29,0,1,4,39,33.25,5,"Win",0.2777777777777778,0.5294117647058824,"LSU_2020",0.8431372549019608,0.26644182124789206
2,26,26,"regular","False",7,10,7,10,17,0,0,2,25,28.5,27,"Win",0.25,0.5675675675675675,"LSU_2021",0.972972972972973,0.4065573770491803
3,26,26,"regular","False",21,14,7,7,23,0,1,6,57,26.97,28,"Win",0.5454545454545454,0.6923076923076923,"LSU_2021",0.6153846153846154,0.17355371900826447
5,22,26,"regular","False",7,6,6,0,19,0,1,6,50,31.23,-5,"Loss",0.35294117647058826,0.5652173913043478,"LSU_2021",0.5434782608695652,0.09217877094972067
7,20,26,"regular","False",0,21,14,14,22,0,0,5,45,29.93,7,"Win",0.4166666666666667,0.5833333333333334,"LSU_2021",1.875,0.7070484581497798
11,25,26,"regular","False",3,7,0,3,20,1,2,5,33,32.67,-3,"Loss",0.3333333333333333,0.5675675675675675,"LSU_2021",1.135135135135135,0.35064935064935066
12,26,26,"regular","False",7,10,7,3,17,0,1,4,38,32.75,13,"Win",0.5,0.6470588235294118,"LSU_2021",1.1176470588235294,0.22384428223844283
13,15,26,"regular","False",3,14,3,7,22,0,0,3,30,32.33,3,"Win",0.29411764705882354,0.5789473684210527,"LSU_2021",0.9473684210526315,0.25728155339805825
1,26,26,"regular","True",3,0,7,13,25,2,0,4,45,25.9,-1,"Loss",0.45454545454545453,0.7142857142857143,"LSU_2022",0.8571428571428571,0.3994252873563218
2,26,26,"regular","False",37,14,7,7,23,0,2,6,40,31.23,48,"Win",0.5833333333333334,0.6764705882352942,"LSU_2022",1.0588235294117647,0.41818181818181815
3,26,26,"regular","False",0,7,3,21,20,1,0,7,39,32.7,15,"Win",0.4,0.5945945945945946,"LSU_2022",1.027027027027027,0.49640287769784175
4,26,26,"regular","False",10,7,14,7,28,1,0,5,60,37.17,38,"Win",0.5384615384615384,0.8461538461538461,"LSU_2022",1.0512820512820513,0.3459715639810427
6,8,25,"regular","False",0,7,0,6,24,1,1,9,81,29.6,-27,"Loss",0.4666666666666667,0.7111111111111111,"LSU_2022",0.6222222222222222,0.15492957746478872
8,7,26,"regular","False",3,14,7,21,35,0,0,8,71,36.32,25,"Win",0.5454545454545454,0.75,"LSU_2022",1.7142857142857142,0.504
10,6,10,"regular","False",0,7,7,10,22,0,0,7,64,32.0,1,"Win",0.4166666666666667,0.6875,"LSU_2022",1.0625,0.5040871934604905
12,26,6,"regular","False",14,14,6,7,31,2,0,3,39,33.15,31,"Win",0.8461538461538461,0.7419354838709677,"LSU_2022",1.3225806451612903,0.4735915492957746
2,26,14,"regular","False",14,28,14,16,34,0,0,2,20,33.18,62,"Win",0.7857142857142857,0.7058823529411765,"LSU_2023",1.411764705882353,0.4855305466237942
4,26,12,"regular","False",0,10,14,10,26,0,1,5,51,25.63,3,"Win",0.6,0.6896551724137931,"LSU_2023",1.0,0.3713163064833006
7,26,22,"regular","False",17,3,14,14,25,0,1,12,100,34.22,30,"Win",0.6666666666666666,0.7407407407407407,"LSU_2023",1.4444444444444444,0.4227353463587922
8,26,19,"regular","False",14,24,10,14,23,0,0,3,10,28.18,62,"Win",0.6,0.6666666666666666,"LSU_2023",1.2222222222222223,0.3543859649122807
11,26,19,"regular","False",7,10,21,14,25,1,0,8,63,25.52,17,"Win",0.3333333333333333,0.6538461538461539,"LSU_2023",1.3461538461538463,0.4693295292439372
12,26,15,"regular","False",14,21,7,14,26,0,0,5,55,24.65,42,"Win",0.8333333333333334,0.8333333333333334,"LSU_2023",0.7666666666666667,0.29037800687285226
13,26,14,"regular","False",7,7,7,21,21,0,0,6,70,23.35,12,"Win",0.5555555555555556,0.6666666666666666,"LSU_2023",1.1666666666666667,0.39588688946015427
17,26,13,"post","True",0,14,14,7,26,0,1,5,45,29.0,4,"Win",0.3333333333333333,0.6888888888888889,"LSU_2023",0.5555555555555556,0.19715447154471544
1,23,13,"regular","True",0,10,7,3,21,0,1,10,99,33.0,-7,"Loss",0.38461538461538464,0.7692307692307693,"LSU_2024",0.6410256410256411,0.2684085510688836
2,26,18,"regular","False",9,14,21,0,24,0,0,7,41,28.85,23,"Win",0.4444444444444444,0.7368421052631579,"LSU_2024",0.5526315789473685,0.17801047120418848
4,26,16,"regular","False",7,10,7,10,26,0,0,5,22,33.6,17,"Win",0.6666666666666666,0.7272727272727273,"LSU_2024",0.6363636363636364,0.22466960352422907
5,26,14,"regular","False",21,14,0,7,29,0,2,4,40,29.0,32,"Win",0.6666666666666666,0.6904761904761905,"LSU_2024",0.6428571428571429,0.3553223388305847
7,9,13,"regular","False",0,13,3,7,22,0,2,6,45,28.17,3,"Win",0.375,0.43137254901960786,"LSU_2024",0.47058823529411764,0.1995249406175772
11,11,15,"regular","False",3,3,0,7,22,1,2,7,65,26.08,-29,"Loss",0.42857142857142855,0.6428571428571429,"LSU_2024",0.5714285714285714,0.3032069970845481
13,26,26,"regular","False",7,7,7,3,27,0,0,3,25,34.72,7,"Win",0.6153846153846154,0.7567567567567568,"LSU_2024",0.8648648648648649,0.2951167728237792
14,26,26,"regular","False",7,17,7,6,18,1,0,6,46,30.78,20,"Win",0.4,0.6764705882352942,"LSU_2024",0.8529411764705882,0.27848101265822783
17,26,26,"post","True",14,20,0,10,20,1,1,6,47,29.63,13,"Win",0.46153846153846156,0.7058823529411765,"LSU_2024",0.7941176470588235,0.26697892271662765
1,26,26,"regular","False",17,7,21,7,30,0,1,5,35,33.83,45,"Win",0.5,0.5142857142857142,"Maryland_2014",1.4285714285714286,0.6050955414012739
3,26,26,"regular","False",0,20,7,10,16,0,1,7,71,24.97,-3,"Loss",0.26666666666666666,0.5526315789473685,"Maryland_2014",0.7105263157894737,0.36465324384787473
6,20,26,"regular","False",3,7,7,7,17,0,4,2,23,23.4,-28,"Loss",0.38461538461538464,0.6,"Maryland_2014",0.6,0.2129032258064516
8,26,26,"regular","False",7,10,7,14,22,0,2,6,50,30.48,7,"Win",0.25,0.5151515151515151,"Maryland_2014",1.393939393939394,0.507177033492823
12,12,26,"regular","False",0,7,0,8,11,1,3,5,30,29.88,-22,"Loss",0.14285714285714285,0.46511627906976744,"Maryland_2014",0.3953488372093023,0.023809523809523808
14,26,26,"regular","False",7,28,3,0,20,0,0,10,72,26.3,-3,"Loss",0.5384615384615384,0.5833333333333334,"Maryland_2014",1.5,0.5903361344537815
1,26,26,"regular","False",10,12,7,21,24,0,1,5,39,30.92,29,"Win",0.5833333333333334,0.5454545454545454,"Maryland_2015",2.0454545454545454,0.7118997912317327
2,26,26,"regular","False",10,3,7,7,16,1,3,6,57,22.05,-21,"Loss",0.23076923076923078,0.48484848484848486,"Maryland_2015",0.7878787878787878,0.4574780058651026
3,26,26,"regular","False",14,7,7,7,18,0,3,12,120,29.53,18,"Win",0.5,0.6176470588235294,"Maryland_2015",1.0,0.2773722627737226
5,22,26,"regular","False",0,0,0,0,7,0,3,5,55,25.68,-28,"Loss",0.05555555555555555,0.2777777777777778,"Maryland_2015",0.7222222222222222,0.2761904761904762
8,26,26,"regular","True",7,6,14,3,21,2,3,7,70,36.27,-1,"Loss",0.3076923076923077,0.6785714285714286,"Maryland_2015",1.7142857142857142,0.5171673819742489
10,26,26,"regular","False",7,10,0,7,16,0,2,11,79,26.57,-7,"Loss",0.3125,0.38235294117647056,"Maryland_2015",0.9411764705882353,0.35443037974683544
12,26,26,"regular","False",21,0,7,0,23,0,0,8,52,29.1,-19,"Loss",0.1875,0.5121951219512195,"Maryland_2015",1.1219512195121952,0.6487603305785123
1,26,26,"regular","False",21,14,7,10,25,0,0,2,25,27.0,39,"Win",0.5833333333333334,0.6896551724137931,"Maryland_2016",1.5172413793103448,0.6069364161849711
5,26,26,"regular","False",8,21,7,14,19,1,1,11,92,28.27,43,"Win",0.4166666666666667,0.5294117647058824,"Maryland_2016",2.7058823529411766,0.8064516129032258
7,26,26,"regular","False",0,0,0,10,16,2,2,9,75,25.8,-21,"Loss",0.3888888888888889,0.4864864864864865,"Maryland_2016",0.972972972972973,0.44673539518900346
8,26,26,"regular","False",8,6,0,14,22,1,0,3,25,29.18,11,"Win",0.4166666666666667,0.75,"Maryland_2016",1.5,0.5525727069351231
11,5,26,"regular","False",3,0,0,0,10,1,1,7,74,28.25,-59,"Loss",0.06666666666666667,0.5555555555555556,"Maryland_2016",1.4814814814814814,0.24431818181818182
13,26,26,"regular","False",14,7,7,3,17,0,0,9,60,30.18,18,"Win",0.3076923076923077,0.5625,"Maryland_2016",2.8125,0.7681159420289855
2,26,26,"regular","False",21,7,21,14,23,0,0,5,55,21.72,46,"Win",0.3333333333333333,0.7777777777777778,"Maryland_2017",2.0,0.6872659176029963
4,26,26,"regular","False",3,0,7,0,18,0,2,7,53,29.28,-28,"Loss",0.15384615384615385,0.6071428571428571,"Maryland_2017",1.3214285714285714,0.2131979695431472
7,26,26,"regular","False",7,7,7,0,19,0,0,2,30,24.05,-16,"Loss",0.35294117647058826,0.4473684210526316,"Maryland_2017",0.8157894736842105,0.25
9,26,26,"regular","False",7,21,0,14,18,0,1,12,133,23.87,3,"Win",0.375,0.625,"Maryland_2017",2.5,0.5043478260869565
11,26,26,"regular","False",0,0,3,7,15,0,2,7,59,32.37,-25,"Loss",0.1875,0.47368421052631576,"Maryland_2017",0.8421052631578947,0.5294117647058824
13,10,26,"regular","False",0,0,3,0,11,2,0,8,91,22.48,-63,"Loss",0.06666666666666667,0.5675675675675675,"Maryland_2017",0.6756756756756757,0.40924092409240925
1,23,26,"regular","True",14,10,0,10,21,0,0,7,44,32.77,5,"Win",0.3333333333333333,0.6176470588235294,"Maryland_2018",1.3529411764705883,0.35135135135135137
3,26,26,"regular","False",0,7,0,7,11,0,2,5,35,23.45,-21,"Loss",0.08333333333333333,0.38095238095238093,"Maryland_2018",1.4761904761904763,0.676923076923077
4,26,26,"regular","False",14,7,14,7,15,0,0,10,118,26.52,29,"Win",0.36363636363636365,0.7142857142857143,"Maryland_2018",2.642857142857143,0.7291666666666666
7,26,26,"regular","False",10,14,10,0,16,1,0,9,85,31.97,27,"Win",0.4666666666666667,0.45,"Maryland_2018",2.0,0.7733333333333333
9,26,26,"regular","False",14,14,21,14,30,0,0,7,85,34.25,30,"Win",0.8,0.6190476190476191,"Maryland_2018",2.2857142857142856,0.6053370786516854
10,26,26,"regular","False",0,3,0,0,9,2,0,3,25,23.07,-21,"Loss",0.2,0.3333333333333333,"Maryland_2018",1.2083333333333333,0.26
12,10,26,"regular","False",17,7,7,14,18,1,0,9,88,28.37,-1,"Loss",0.3076923076923077,0.5,"Maryland_2018",3.4285714285714284,0.6336448598130842
1,26,26,"regular","False",28,28,16,7,24,0,0,5,45,31.93,79,"Win",0.46153846153846156,0.5666666666666667,"Maryland_2019",1.6,0.5088282504012841
2,21,26,"regular","False",21,21,7,14,29,0,1,5,30,32.12,43,"Win",0.7333333333333333,0.5526315789473685,"Maryland_2019",1.1842105263157894,0.5446153846153846
5,12,26,"regular","False",0,0,0,0,10,1,2,9,85,26.58,-59,"Loss",0.26666666666666666,0.4583333333333333,"Maryland_2019",1.4166666666666667,0.46875
8,26,26,"regular","False",7,14,7,0,21,1,1,6,62,24.45,-6,"Loss",0.42857142857142855,0.6296296296296297,"Maryland_2019",1.3703703703703705,0.4516971279373368
10,14,26,"regular","False",0,0,7,0,16,0,1,5,34,31.97,-31,"Loss",0.25,0.45454545454545453,"Maryland_2019",2.090909090909091,0.5536480686695279
13,26,26,"regular","False",0,0,0,7,9,4,0,4,40,20.03,-47,"Loss",0.35714285714285715,0.3333333333333333,"Maryland_2019",1.4761904761904763,0.7233009708737864
9,26,26,"regular","False",21,0,0,17,28,1,1,10,97,26.8,1,"Win",0.375,0.7428571428571429,"Maryland_2020",0.8857142857142857,0.4162962962962963
15,26,26,"regular","False",0,3,7,14,18,0,2,12,131,27.4,-3,"Loss",0.29411764705882354,0.5757575757575758,"Maryland_2020",1.2121212121212122,0.43231441048034935
1,26,26,"regular","False",17,3,0,10,22,0,0,5,39,34.05,6,"Win",0.4,0.7222222222222222,"Maryland_2021",1.2222222222222223,0.33064516129032256
2,26,26,"regular","False",14,24,14,10,32,0,0,5,50,37.22,62,"Win",0.6,0.84375,"Maryland_2021",1.53125,0.39547038327526135
4,26,26,"regular","False",7,17,13,0,23,1,1,9,120,29.93,21,"Win",0.36363636363636365,0.7560975609756098,"Maryland_2021",0.6829268292682927,0.26996197718631176
5,5,26,"regular","False",7,0,7,0,14,1,6,10,82,20.83,-37,"Loss",0.3333333333333333,0.5675675675675675,"Maryland_2021",0.4594594594594595,0.35793357933579334
9,26,26,"regular","False",14,0,14,10,30,0,0,5,40,32.03,3,"Win",0.4666666666666667,0.65,"Maryland_2021",1.15,0.15863453815261044
10,26,26,"regular","False",0,6,0,8,29,1,1,4,25,28.45,-17,"Loss",0.26666666666666666,0.7068965517241379,"Maryland_2021",0.46551724137931033,0.11455847255369929
12,6,26,"regular","False",0,3,15,0,20,0,1,8,59,30.03,-41,"Loss",0.21428571428571427,0.5757575757575758,"Maryland_2021",1.3333333333333333,0.5041782729805014
1,26,26,"regular","False",7,10,7,7,16,0,1,8,82,27.12,21,"Win",0.3076923076923077,0.7142857142857143,"Maryland_2022",0.7428571428571429,0.33408071748878926
3,26,26,"regular","False",3,14,3,14,16,2,0,15,141,28.5,7,"Win",0.38461538461538464,0.7391304347826086,"Maryland_2022",1.6521739130434783,0.5125284738041003
5,26,26,"regular","False",14,7,3,3,24,0,0,9,76,36.27,14,"Win",0.47058823529411764,0.7804878048780488,"Maryland_2022",0.8536585365853658,0.35787321063394684
6,26,26,"regular","False",7,10,0,12,18,0,1,9,76,27.82,-2,"Loss",0.4,0.6842105263157895,"Maryland_2022",0.6578947368421053,0.18604651162790697
8,26,26,"regular","False",0,10,14,7,25,0,0,8,80,32.83,7,"Win",0.5,0.6428571428571429,"Maryland_2022",1.7857142857142858,0.607565011820331
12,2,26,"regular","False",6,7,0,17,22,1,0,10,97,29.68,-13,"Loss",0.42857142857142855,0.7297297297297297,"Maryland_2022",0.8378378378378378,0.208955223880597
13,26,26,"regular","False",0,17,13,7,31,2,0,4,35,39.17,37,"Win",0.3333333333333333,0.6222222222222222,"Maryland_2022",0.9555555555555556,0.26120857699805067
1,26,26,"regular","False",21,7,7,3,30,0,0,6,54,33.13,32,"Win",0.5,0.6046511627906976,"Maryland_2023",0.8372093023255814,0.36971046770601335
2,26,26,"regular","False",0,9,8,21,27,0,2,4,50,29.72,18,"Win",0.5714285714285714,0.6944444444444444,"Maryland_2023",0.9444444444444444,0.45849056603773586
3,26,26,"regular","False",7,7,7,21,20,0,0,7,80,28.55,28,"Win",0.5384615384615384,0.6333333333333333,"Maryland_2023",1.0333333333333334,0.25813449023861174
5,26,26,"regular","False",21,6,10,7,20,0,0,4,15,21.93,27,"Win",0.45454545454545453,0.7058823529411765,"Maryland_2023",0.6764705882352942,0.2542372881355932
7,26,26,"regular","False",7,7,7,3,22,1,0,5,60,30.7,-3,"Loss",0.3333333333333333,0.7,"Maryland_2023",0.725,0.24473684210526317
10,11,26,"regular","False",0,7,0,8,16,2,2,4,45,22.77,-36,"Loss",0.3333333333333333,0.7380952380952381,"Maryland_2023",0.38095238095238093,-0.2094017094017094
12,3,26,"regular","False",3,7,14,0,17,1,2,6,35,29.07,-7,"Loss",0.4166666666666667,0.6774193548387096,"Maryland_2023",1.064516129032258,0.05725190839694656
17,26,26,"post","True",21,3,7,0,15,0,1,7,80,28.13,18,"Win",0.3333333333333333,0.38461538461538464,"Maryland_2023",1.2307692307692308,0.32903225806451614
1,26,26,"regular","False",14,9,13,14,29,0,0,5,45,34.35,43,"Win",0.375,0.7297297297297297,"Maryland_2024",1.2432432432432432,0.3942766295707472
2,26,26,"regular","False",14,0,3,7,21,0,1,9,80,32.48,-3,"Loss",0.6470588235294118,0.7647058823529411,"Maryland_2024",0.9117647058823529,0.2536873156342183
4,26,26,"regular","False",17,7,7,7,25,1,1,8,89,27.7,18,"Win",0.7,0.8529411764705882,"Maryland_2024",0.8823529411764706,0.3199195171026157
7,26,26,"regular","False",0,7,0,3,25,3,1,3,30,33.75,-27,"Loss",0.4,0.5384615384615384,"Maryland_2024",0.6346153846153846,0.16619718309859155
8,26,26,"regular","False",0,7,7,15,25,1,1,7,60,30.15,1,"Win",0.15384615384615385,0.7647058823529411,"Maryland_2024",0.47058823529411764,0.13053613053613053
12,26,26,"regular","False",3,7,7,0,26,0,1,4,37,27.62,-14,"Loss",0.47058823529411764,0.5614035087719298,"Maryland_2024",0.43859649122807015,0.26695842450765866
13,26,26,"regular","False",0,0,6,7,14,0,2,7,60,22.32,-16,"Loss",0.3076923076923077,0.5483870967741935,"Maryland_2024",0.8387096774193549,0.43171806167400884
1,26,26,"regular","False",14,21,14,3,24,0,1,4,44,30.13,38,"Win",0.625,0.8421052631578947,"Michigan_2014",1.894736842105263,0.625
3,26,26,"regular","False",10,7,7,10,23,2,1,3,20,34.2,24,"Win",0.46153846153846156,0.5909090909090909,"Michigan_2014",2.0454545454545454,0.6
4,26,26,"regular","False",3,7,0,0,19,1,3,3,20,33.53,-16,"Loss",0.47368421052631576,0.46153846153846156,"Michigan_2014",0.9230769230769231,0.38311688311688313
5,26,26,"regular","False",0,7,0,7,12,1,1,2,23,25.33,-16,"Loss",0.3076923076923077,0.4,"Michigan_2014",1.12,0.4853801169590643
7,26,26,"regular","False",7,3,3,5,12,0,1,3,30,29.0,5,"Win",0.4,0.6153846153846154,"Michigan_2014",1.1923076923076923,0.25
10,26,26,"regular","False",10,7,7,10,20,0,1,3,25,33.58,24,"Win",0.46153846153846156,0.7586206896551724,"Michigan_2014",1.206896551724138,0.45544554455445546
13,26,26,"regular","False",3,6,7,0,23,0,1,3,24,34.0,-7,"Loss",0.38461538461538464,0.5416666666666666,"Michigan_2014",1.875,0.7336683417085427
2,26,26,"regular","False",3,14,3,15,21,1,1,10,105,38.02,28,"Win",0.46153846153846156,0.6923076923076923,"Michigan_2015",1.8461538461538463,0.5555555555555556
3,26,26,"regular","False",7,14,0,7,17,0,1,3,34,30.03,21,"Win",0.46153846153846156,0.56,"Michigan_2015",1.56,0.6737400530503979
4,22,26,"regular","False",7,24,0,0,22,0,0,5,53,38.63,31,"Win",0.5294117647058824,0.56,"Michigan_2015",2.04,0.5669642857142857
6,13,18,"regular","False",21,7,3,7,21,0,0,3,28,37.08,38,"Win",0.5,0.7391304347826086,"Michigan_2015",2.0,0.5289473684210526
7,7,12,"regular","False",0,10,10,3,10,1,0,8,70,29.82,-4,"Loss",0.26666666666666666,0.6,"Michigan_2015",1.32,0.26956521739130435
10,26,17,"regular","False",14,21,11,3,25,0,0,6,60,33.07,33,"Win",0.5384615384615384,0.6923076923076923,"Michigan_2015",1.6153846153846154,0.3080082135523614
13,8,10,"regular","False",0,10,0,3,20,0,1,7,72,29.9,-29,"Loss",0.5,0.5319148936170213,"Michigan_2015",0.5319148936170213,0.1565934065934066
1,26,7,"regular","False",14,21,21,7,26,0,1,3,33,27.92,60,"Win",1.0,0.85,"Michigan_2016",1.95,0.59765625
2,26,5,"regular","False",21,13,10,7,23,0,0,2,20,34.42,37,"Win",0.4444444444444444,0.6585365853658537,"Michigan_2016",1.0,0.2662192393736018
3,26,4,"regular","False",7,17,14,7,20,1,0,5,41,31.58,17,"Win",0.3125,0.5333333333333333,"Michigan_2016",1.3666666666666667,0.42317380352644834
4,26,4,"regular","False",14,14,7,14,25,0,0,7,80,35.82,39,"Win",0.6875,0.6,"Michigan_2016",1.4,0.6330097087378641
5,8,4,"regular","False",0,7,0,7,21,0,1,6,45,35.68,7,"Win",0.2,0.625,"Michigan_2016",1.375,0.37249283667621774
8,26,3,"regular","False",21,10,3,7,29,1,0,5,41,41.38,33,"Win",0.5,0.7142857142857143,"Michigan_2016",2.107142857142857,0.48128342245989303
10,26,3,"regular","False",14,21,10,14,31,0,0,6,62,32.2,56,"Win",0.6,0.7777777777777778,"Michigan_2016",1.4444444444444444,0.41363636363636364
12,26,3,"regular","False",0,3,17,0,15,0,0,5,40,34.35,10,"Win",0.2,0.4375,"Michigan_2016",3.125,0.7922535211267606
2,26,8,"regular","False",14,3,7,12,16,2,0,7,68,30.45,22,"Win",0.3333333333333333,0.5862068965517241,"Michigan_2017",1.2758620689655173,0.46618357487922707
3,26,7,"regular","False",3,6,10,10,17,1,0,7,72,29.58,16,"Win",0.35714285714285715,0.6086956521739131,"Michigan_2017",1.826086956521739,0.5292479108635098
6,26,7,"regular","False",3,0,7,0,17,2,3,7,53,30.87,-4,"Loss",0.29411764705882354,0.45714285714285713,"Michigan_2017",1.1142857142857143,0.34
9,26,26,"regular","False",0,21,7,7,25,0,1,3,25,36.73,21,"Win",0.3333333333333333,0.65,"Michigan_2017",2.55,0.7091295116772823
10,26,26,"regular","False",13,7,13,0,14,0,0,9,85,27.58,23,"Win",0.36363636363636365,0.6153846153846154,"Michigan_2017",2.8461538461538463,0.8688524590163934
13,9,26,"regular","False",7,7,6,0,16,0,1,6,50,28.72,-11,"Loss",0.5294117647058824,0.53125,"Michigan_2017",1.125,0.3389830508474576
2,26,21,"regular","False",21,14,7,7,20,0,0,7,55,25.82,46,"Win",0.45454545454545453,0.7222222222222222,"Michigan_2018",1.9444444444444444,0.6829268292682927
3,26,19,"regular","False",0,21,14,10,21,0,1,13,137,33.13,25,"Win",0.46153846153846156,0.7777777777777778,"Michigan_2018",2.2777777777777777,0.4539170506912442
4,26,19,"regular","False",20,19,10,7,21,0,1,8,77,35.48,46,"Win",0.4666666666666667,0.5806451612903226,"Michigan_2018",1.4516129032258065,0.5804480651731161
6,26,15,"regular","False",3,14,10,15,24,0,1,6,52,35.65,21,"Win",0.6428571428571429,0.7142857142857143,"Michigan_2018",1.4285714285714286,0.36774193548387096
7,15,12,"regular","False",0,13,8,17,21,0,0,1,15,37.02,25,"Win",0.4666666666666667,0.7,"Michigan_2018",2.4,0.7207207207207207
10,14,5,"regular","False",7,7,14,14,20,0,0,9,80,37.93,35,"Win",0.5714285714285714,0.6470588235294118,"Michigan_2018",3.0588235294117645,0.6426799007444168
12,26,4,"regular","False",3,12,10,6,25,0,1,4,45,35.9,11,"Win",0.4666666666666667,0.5714285714285714,"Michigan_2018",1.7857142857142858,0.5069033530571992
17,10,7,"post","True",7,3,0,5,18,0,2,4,22,28.68,-26,"Loss",0.4,0.6216216216216216,"Michigan_2018",0.8108108108108109,0.2361963190184049
1,26,7,"regular","False",10,17,6,7,26,2,0,8,55,33.27,19,"Win",0.38461538461538464,0.5757575757575758,"Michigan_2019",1.3636363636363635,0.5143487858719646
2,26,7,"regular","False",7,0,7,0,23,3,0,9,58,28.42,3,"Win",0.5625,0.6451612903225806,"Michigan_2019",1.4516129032258065,0.3176470588235294
5,26,20,"regular","False",14,10,14,14,28,0,1,6,35,30.68,52,"Win",0.5454545454545454,0.7407407407407407,"Michigan_2019",1.5185185185185186,0.296218487394958
6,14,19,"regular","False",10,0,0,0,13,0,1,4,35,26.05,7,"Win",0.23076923076923078,0.5384615384615384,"Michigan_2019",1.2692307692307692,0.449438202247191
9,8,19,"regular","False",3,14,7,21,23,0,0,4,50,34.62,31,"Win",0.3076923076923077,0.5714285714285714,"Michigan_2019",4.071428571428571,0.6933638443935927
12,26,15,"regular","False",0,17,10,17,25,1,0,9,91,29.92,34,"Win",0.6153846153846154,0.7272727272727273,"Michigan_2019",1.0303030303030303,0.1777301927194861
14,1,13,"regular","False",13,3,3,8,21,1,1,5,38,23.58,-29,"Loss",0.15384615384615385,0.4186046511627907,"Michigan_2019",0.6046511627906976,0.2297979797979798
9,26,13,"regular","False",7,3,7,7,28,0,0,10,86,33.78,-3,"Loss",0.4117647058823529,0.6153846153846154,"Michigan_2020",0.6538461538461539,0.336283185840708
11,13,26,"regular","False",0,0,11,0,10,0,2,4,40,19.75,-38,"Loss",0.2727272727272727,0.5,"Michigan_2020",0.7307692307692307,0.2146118721461187
13,26,26,"regular","False",7,0,3,7,14,1,0,1,10,23.4,-10,"Loss",0.3333333333333333,0.4642857142857143,"Michigan_2020",0.9642857142857143,0.6083916083916084
1,26,26,"regular","False",10,17,6,14,22,0,0,5,48,28.15,33,"Win",0.6153846153846154,0.7647058823529411,"Michigan_2021",2.5294117647058822,0.6079854809437386
2,26,26,"regular","False",3,7,7,14,20,0,0,6,60,34.33,21,"Win",0.4375,0.4666666666666667,"Michigan_2021",3.7333333333333334,0.8863049095607235
3,26,25,"regular","False",14,21,28,0,28,0,0,5,45,30.82,53,"Win",0.5,0.7058823529411765,"Michigan_2021",2.823529411764706,0.6155115511551155
4,26,19,"regular","False",7,13,0,0,15,0,0,6,59,27.38,7,"Win",0.36363636363636365,0.5625,"Michigan_2021",2.375,0.4072727272727273
8,26,6,"regular","False",0,10,17,6,28,2,0,4,40,39.32,26,"Win",0.6,0.71875,"Michigan_2021",1.6875,0.6433260393873085
10,26,7,"regular","False",3,14,6,6,19,0,1,5,35,32.6,22,"Win",0.25,0.5357142857142857,"Michigan_2021",1.3571428571428572,0.45742092457420924
13,2,5,"regular","False",7,7,14,14,24,0,1,2,20,28.2,15,"Win",0.625,0.7,"Michigan_2021",2.05,0.6098562628336756
17,3,2,"post","True",0,3,0,8,16,1,2,4,30,25.75,-23,"Loss",0.5333333333333333,0.5,"Michigan_2021",0.75,0.2774390243902439
1,26,8,"regular","False",10,13,14,14,25,0,0,1,10,30.5,44,"Win",0.3,0.6428571428571429,"Michigan_2022",1.4285714285714286,0.5318181818181819
2,26,4,"regular","False",21,21,0,14,23,0,1,3,35,27.33,46,"Win",0.3333333333333333,0.7727272727272727,"Michigan_2022",1.5,0.4557823129251701
3,26,4,"regular","False",17,21,7,14,26,0,0,4,24,34.12,59,"Win",0.6923076923076923,0.8076923076923077,"Michigan_2022",1.6538461538461537,0.4129032258064516
4,26,4,"regular","False",10,7,0,17,22,1,0,1,15,31.88,7,"Win",0.4166666666666667,0.6923076923076923,"Michigan_2022",1.5384615384615385,0.5248380129589633
7,10,5,"regular","False",6,10,15,10,28,0,1,9,61,41.93,24,"Win",0.6470588235294118,0.7083333333333334,"Michigan_2022",2.2916666666666665,0.7424511545293073
9,26,4,"regular","False",3,10,6,10,27,1,0,4,25,40.55,22,"Win",0.5625,0.5769230769230769,"Michigan_2022",2.0,0.6230248306997742
11,26,3,"regular","False",7,10,7,10,27,0,0,1,15,35.53,31,"Win",0.4,0.5,"Michigan_2022",2.45,0.6407766990291263
12,26,3,"regular","False",7,0,3,9,18,1,0,4,25,35.05,2,"Win",0.3684210526315789,0.5294117647058824,"Michigan_2022",1.1764705882352942,0.44680851063829785
14,26,2,"regular","True",7,7,14,15,17,0,1,3,25,26.3,21,"Win",0.5,0.6470588235294118,"Michigan_2022",2.235294117647059,0.582901554404145
17,3,2,"post","True",0,6,24,15,25,1,2,5,28,32.42,-6,"Loss",0.23076923076923078,0.6,"Michigan_2022",1.1428571428571428,0.3522727272727273
1,26,2,"regular","False",7,16,7,0,26,0,0,5,35,33.43,27,"Win",0.6,0.8387096774193549,"Michigan_2023",1.0,0.3034825870646766
2,26,2,"regular","False",7,14,14,0,23,0,1,4,30,31.1,28,"Win",0.5833333333333334,0.8214285714285714,"Michigan_2023",1.1785714285714286,0.3638211382113821
3,26,2,"regular","False",7,7,17,0,15,1,3,1,10,23.6,25,"Win",0.2,0.6153846153846154,"Michigan_2023",2.3846153846153846,0.5416666666666666
4,26,2,"regular","False",7,7,10,7,20,0,0,3,18,36.13,24,"Win",0.6153846153846154,0.7142857142857143,"Michigan_2023",1.9047619047619047,0.4843373493975904
7,26,2,"regular","False",0,21,17,14,23,0,0,2,20,32.78,45,"Win",0.5454545454545454,0.8636363636363636,"Michigan_2023",1.9090909090909092,0.4004914004914005
10,26,3,"regular","False",17,3,7,14,22,1,0,1,10,33.9,28,"Win",0.5,0.6486486486486487,"Michigan_2023",0.918918918918919,0.24719101123595505
13,2,3,"regular","False",7,7,10,6,18,0,0,3,34,33.47,6,"Win",0.25,0.8095238095238095,"Michigan_2023",1.8571428571428572,0.46153846153846156
17,4,1,"post","True",7,6,0,7,15,1,0,2,25,27.68,7,"Win",0.18181818181818182,0.6296296296296297,"Michigan_2023",1.1851851851851851,0.37037037037037035
17,2,1,"post","True",14,3,3,14,16,0,0,5,45,29.27,21,"Win",0.1,0.5263157894736842,"Michigan_2023",2.0,0.6839729119638827
1,26,9,"regular","False",7,3,3,17,18,0,1,5,70,34.0,20,"Win",0.36363636363636365,0.5925925925925926,"Michigan_2024",1.2592592592592593,0.550185873605948
2,3,10,"regular","False",0,3,3,6,13,1,2,4,30,28.67,-19,"Loss",0.25,0.6666666666666666,"Michigan_2024",0.696969696969697,0.28169014084507044
3,26,17,"regular","False",7,14,0,7,20,0,3,7,69,34.4,10,"Win",0.75,0.7222222222222222,"Michigan_2024",2.4444444444444446,0.6919540229885057
4,11,18,"regular","False",7,7,6,7,12,2,0,3,25,29.3,3,"Win",0.26666666666666666,0.5833333333333334,"Michigan_2024",3.8333333333333335,0.9006211180124224
5,26,12,"regular","False",7,14,3,3,15,0,1,5,54,33.27,3,"Win",0.4,0.5555555555555556,"Michigan_2024",2.388888888888889,0.6431535269709544
9,26,26,"regular","False",0,9,7,8,17,0,0,0,0,22.92,7,"Win",0.5833333333333334,0.7,"Michigan_2024",1.55,0.4490566037735849
10,1,26,"regular","False",7,3,7,0,11,0,0,5,35,27.53,-21,"Loss",0.3333333333333333,0.52,"Michigan_2024",1.12,0.3888888888888889
13,26,26,"regular","False",10,7,14,19,25,0,1,1,15,35.68,44,"Win",0.6875,0.7428571428571429,"Michigan_2024",1.0,0.5075757575757576
17,11,26,"post","True",16,0,0,3,13,0,1,3,35,38.2,6,"Win",0.29411764705882354,0.7333333333333333,"Michigan_2024",3.4,0.6052631578947368
1,26,8,"regular","False",21,17,7,0,25,0,0,2,13,38.08,38,"Win",0.46153846153846156,0.75,"Michigan State_2014",2.0833333333333335,0.3734513274336283
4,26,11,"regular","False",28,21,10,14,24,0,1,4,25,42.38,59,"Win",0.5294117647058824,0.7368421052631579,"Michigan State_2014",3.1578947368421053,0.6774193548387096
5,26,9,"regular","False",21,21,7,7,25,0,0,9,84,35.25,42,"Win",0.5833333333333334,0.8,"Michigan State_2014",2.6,0.6341463414634146
6,19,10,"regular","False",7,10,10,0,17,2,1,9,94,32.15,5,"Win",0.23529411764705882,0.3793103448275862,"Michigan State_2014",1.5172413793103448,0.44549763033175355
9,26,8,"regular","False",7,7,14,7,22,2,0,8,88,33.62,24,"Win",0.5,0.5454545454545454,"Michigan State_2014",2.090909090909091,0.4910313901345291
11,14,8,"regular","False",14,7,3,13,29,0,0,11,105,30.38,-12,"Loss",0.5333333333333333,0.5555555555555556,"Michigan State_2014",0.7555555555555555,0.332089552238806
13,26,11,"regular","False",14,21,0,10,26,2,0,3,35,31.67,42,"Win",0.6153846153846154,0.6538461538461539,"Michigan State_2014",1.6923076923076923,0.4653846153846154
2,7,5,"regular","False",7,7,10,7,21,0,1,2,15,33.43,3,"Win",0.25,0.625,"Michigan State_2015",1.15625,0.506426735218509
3,26,4,"regular","False",14,14,7,0,22,0,0,6,38,33.02,14,"Win",0.5,0.6521739130434783,"Michigan State_2015",1.826086956521739,0.23765432098765432
4,26,2,"regular","False",7,10,0,13,18,0,0,8,78,28.25,20,"Win",0.5,0.5789473684210527,"Michigan State_2015",1.894736842105263,0.558641975308642
5,26,2,"regular","False",14,7,0,3,20,0,0,8,51,37.4,3,"Win",0.35714285714285715,0.6842105263157895,"Michigan State_2015",2.473684210526316,0.6576354679802956
8,26,7,"regular","False",7,14,7,24,33,1,0,5,56,38.98,26,"Win",0.65,0.5769230769230769,"Michigan State_2015",0.8461538461538461,0.26296296296296295
11,26,13,"regular","False",7,10,7,0,16,1,2,7,50,32.18,17,"Win",0.375,0.375,"Michigan State_2015",1.28125,0.5381679389312977
13,26,5,"regular","False",6,14,14,21,24,1,0,4,19,29.8,39,"Win",0.7272727272727273,0.7037037037037037,"Michigan State_2015",1.4074074074074074,0.43119266055045874
1,26,12,"regular","False",7,7,7,7,19,1,1,10,120,30.48,15,"Win",0.4,0.7222222222222222,"Michigan State_2016",2.2222222222222223,0.47368421052631576
4,11,8,"regular","False",3,3,0,0,21,1,3,5,35,27.2,-24,"Loss",0.3076923076923077,0.46511627906976744,"Michigan State_2016",0.627906976744186,0.23076923076923078
6,26,26,"regular","False",7,0,0,7,13,0,1,4,39,25.43,-17,"Loss",0.42857142857142855,0.6190476190476191,"Michigan State_2016",1.5238095238095237,0.41262135922330095
7,26,26,"regular","False",14,3,14,9,18,1,1,5,34,24.43,-14,"Loss",0.3125,0.6428571428571429,"Michigan State_2016",0.5476190476190477,0.10736842105263159
9,2,26,"regular","False",7,3,0,13,23,0,1,7,57,29.73,-9,"Loss",0.3333333333333333,0.4642857142857143,"Michigan State_2016",1.5,0.5411471321695761
11,26,26,"regular","False",21,14,14,0,20,0,0,5,40,35.62,49,"Win",0.5,0.631578947368421,"Michigan State_2016",2.6315789473684212,0.6295454545454545
12,2,26,"regular","False",7,3,0,6,13,0,2,6,60,29.12,-1,"Loss",0.25,0.38095238095238093,"Michigan State_2016",1.6666666666666667,0.6197604790419161
1,26,26,"regular","False",0,14,21,0,25,3,0,4,25,38.02,25,"Win",0.5333333333333333,0.6111111111111112,"Michigan State_2017",1.2777777777777777,0.46236559139784944
2,26,26,"regular","False",7,7,7,7,21,1,1,3,30,32.83,14,"Win",0.4666666666666667,0.6190476190476191,"Michigan State_2017",2.3333333333333335,0.6477024070021882
4,26,26,"regular","False",7,0,3,8,26,2,1,9,97,34.05,-20,"Loss",0.5789473684210527,0.6037735849056604,"Michigan State_2017",0.6037735849056604,0.30443548387096775
5,26,26,"regular","False",14,3,0,0,19,0,0,9,65,33.57,7,"Win",0.35714285714285715,0.6428571428571429,"Michigan State_2017",1.4285714285714286,0.29333333333333333
8,26,18,"regular","False",0,3,0,14,19,1,0,3,35,34.35,8,"Win",0.3333333333333333,0.5333333333333333,"Michigan State_2017",1.4666666666666666,0.3248175182481752
10,7,24,"regular","False",7,7,7,6,25,0,1,8,87,34.15,3,"Win",0.5555555555555556,0.5892857142857143,"Michigan State_2017",0.42857142857142855,0.15611814345991562
12,26,17,"regular","False",7,7,3,0,19,1,0,3,36,34.63,10,"Win",0.38461538461538464,0.14285714285714285,"Michigan State_2017",3.642857142857143,0.9312714776632303
17,18,16,"post","True",0,21,14,7,25,0,1,6,50,36.7,25,"Win",0.6666666666666666,0.5909090909090909,"Michigan State_2017",2.1818181818181817,0.5159090909090909
1,26,11,"regular","False",6,14,7,11,23,1,1,9,62,37.73,7,"Win",0.6470588235294118,0.696969696969697,"Michigan State_2018",1.2727272727272727,0.36504424778761063
5,26,21,"regular","False",0,17,14,0,23,0,1,5,55,37.65,11,"Win",0.4166666666666667,0.64,"Michigan State_2018",1.88,0.463768115942029
6,26,20,"regular","False",3,3,13,0,22,0,1,5,49,33.68,-10,"Loss",0.26666666666666666,0.5961538461538461,"Michigan State_2018",0.46153846153846156,0.22588235294117648
8,6,24,"regular","False",0,0,7,0,11,1,0,4,40,18.95,-14,"Loss",0.0,0.25,"Michigan State_2018",0.8214285714285714,0.1595744680851064
9,26,26,"regular","False",6,7,3,7,26,1,0,6,61,38.22,10,"Win",0.375,0.5652173913043478,"Michigan State_2018",0.8695652173913043,0.2535211267605634
11,10,18,"regular","False",0,3,3,0,12,2,1,7,46,22.52,-20,"Loss",0.125,0.375,"Michigan State_2018",0.375,0.19708029197080293
13,26,26,"regular","False",0,7,0,7,23,0,2,6,69,31.27,4,"Win",0.4444444444444444,0.4318181818181818,"Michigan State_2018",0.8636363636363636,0.44193548387096776
1,26,18,"regular","False",7,18,3,0,18,0,0,14,122,36.1,21,"Win",0.3157894736842105,0.5789473684210527,"Michigan State_2019",1.0526315789473684,0.3564356435643564
2,26,19,"regular","False",21,10,6,14,31,1,1,2,20,28.15,34,"Win",0.7,0.7272727272727273,"Michigan State_2019",1.0303030303030303,0.43127147766323026
3,26,18,"regular","False",0,0,0,7,23,1,0,10,91,33.72,-3,"Loss",0.5294117647058824,0.6153846153846154,"Michigan State_2019",0.8974358974358975,0.27970297029702973
5,26,25,"regular","False",7,14,0,19,23,0,0,6,61,25.67,9,"Win",0.38461538461538464,0.5,"Michigan State_2019",0.9444444444444444,0.3212669683257919
9,6,26,"regular","False",0,0,7,0,18,2,2,4,31,28.33,-21,"Loss",0.29411764705882354,0.4418604651162791,"Michigan State_2019",0.7209302325581395,0.3132075471698113
11,26,26,"regular","False",14,14,3,3,27,1,3,3,30,37.73,-3,"Loss",0.26666666666666666,0.5277777777777778,"Michigan State_2019",1.4166666666666667,0.5228136882129277
14,26,26,"regular","False",3,10,0,6,23,0,2,4,40,37.88,3,"Win",0.5,0.7142857142857143,"Michigan State_2019",0.8809523809523809,0.20465116279069767
8,26,26,"regular","False",7,6,7,7,23,5,2,7,52,28.95,-11,"Loss",0.4117647058823529,0.7209302325581395,"Michigan State_2020",0.9069767441860465,0.13550135501355012
11,10,26,"regular","False",0,0,0,0,9,1,3,6,61,20.77,-24,"Loss",0.25,0.48148148148148145,"Michigan State_2020",0.8888888888888888,0.31413612565445026
13,8,26,"regular","False",10,7,0,12,17,0,1,5,50,32.55,9,"Win",0.47619047619047616,0.4074074074074074,"Michigan State_2020",1.7407407407407407,0.5386740331491713
14,4,26,"regular","False",0,0,7,5,13,2,2,10,101,27.22,-40,"Loss",0.17647058823529413,0.5833333333333334,"Michigan State_2020",0.7777777777777778,0.3103448275862069
2,26,26,"regular","False",14,21,7,0,25,1,0,7,56,26.67,28,"Win",0.4,0.7142857142857143,"Michigan State_2021",1.3571428571428572,0.45714285714285713
4,26,20,"regular","False",0,13,0,7,12,0,1,5,44,22.53,3,"Win",0.09090909090909091,0.6086956521739131,"Michigan State_2021",1.3043478260869565,0.2795275590551181
5,26,17,"regular","False",21,21,3,3,26,0,0,6,60,30.42,17,"Win",0.45454545454545453,0.6666666666666666,"Michigan State_2021",1.4333333333333333,0.3699421965317919
9,6,8,"regular","False",0,14,8,15,20,0,2,7,75,25.17,4,"Win",0.3076923076923077,0.6333333333333333,"Michigan State_2021",1.2,0.5037974683544304
11,26,7,"regular","False",13,14,7,6,29,1,1,8,79,35.83,19,"Win",0.6153846153846154,0.7333333333333333,"Michigan State_2021",1.4666666666666666,0.40332640332640335
13,26,12,"regular","False",14,3,6,7,21,0,1,7,50,36.53,3,"Win",0.5,0.6333333333333333,"Michigan State_2021",1.5666666666666667,0.4057649667405765
17,12,10,"post","True",10,0,0,21,25,1,1,6,35,35.15,10,"Win",0.47619047619047616,0.58,"Michigan State_2021",0.72,0.13658536585365855
1,26,15,"regular","False",7,14,0,14,20,1,1,2,30,22.63,22,"Win",0.3,0.5,"Michigan State_2022",1.3333333333333333,0.45813953488372094
2,26,14,"regular","False",14,10,28,0,32,0,2,4,21,31.9,52,"Win",0.6153846153846154,0.6363636363636364,"Michigan State_2022",1.4545454545454546,0.5241935483870968
4,26,26,"regular","False",0,0,0,7,14,1,2,6,65,17.5,-27,"Loss",0.25,0.7419354838709677,"Michigan State_2022",0.45161290322580644,0.15833333333333333
6,3,26,"regular","False",7,6,0,7,12,0,1,6,45,22.77,-29,"Loss",0.2727272727272727,0.6071428571428571,"Michigan State_2022",0.7142857142857143,0.034653465346534656
7,26,26,"regular","False",7,0,7,7,19,0,1,9,103,27.02,6,"Win",0.4666666666666667,0.7333333333333333,"Michigan State_2022",1.2,0.2544987146529563
11,26,26,"regular","False",7,7,7,6,25,0,0,6,50,28.88,6,"Win",0.36363636363636365,0.5428571428571428,"Michigan State_2022",1.0,0.434878587196468
12,26,26,"regular","False",3,21,7,0,29,0,1,5,46,36.55,-8,"Loss",0.5,0.6428571428571429,"Michigan State_2022",1.1428571428571428,0.44814814814814813
1,26,26,"regular","False",0,10,7,14,20,0,0,8,66,25.57,24,"Win",0.38461538461538464,0.5454545454545454,"Michigan State_2023",0.9393939393939394,0.312807881773399
2,26,26,"regular","False",7,10,21,7,21,2,0,5,45,30.18,31,"Win",0.5555555555555556,0.8260869565217391,"Michigan State_2023",1.6521739130434783,0.34838709677419355
3,8,26,"regular","False",0,0,0,7,15,0,1,11,83,24.47,-34,"Loss",0.375,0.4,"Michigan State_2023",0.7714285714285715,0.20306513409961685
4,26,26,"regular","False",0,3,6,0,26,2,3,6,70,31.4,-22,"Loss",0.38461538461538464,0.5909090909090909,"Michigan State_2023",0.7045454545454546,0.2712765957446808
8,2,26,"regular","False",0,0,0,0,10,0,2,11,102,25.48,-49,"Loss",0.375,0.5517241379310345,"Michigan State_2023",1.0,0.2692307692307692
10,26,26,"regular","False",3,7,3,7,11,0,0,7,70,28.48,3,"Win",0.21428571428571427,0.625,"Michigan State_2023",1.2916666666666667,0.2135593220338983
13,11,26,"regular","False",0,0,0,0,5,0,1,6,30,24.17,-42,"Loss",0.15384615384615385,0.6,"Michigan State_2023",1.35,-0.660377358490566
1,26,26,"regular","False",2,14,0,0,15,1,2,12,140,30.68,6,"Win",0.23076923076923078,0.4166666666666667,"Michigan State_2024",1.5416666666666667,0.6109215017064846
3,26,26,"regular","False",14,13,3,10,22,0,0,11,102,33.95,40,"Win",0.7272727272727273,0.6896551724137931,"Michigan State_2024",1.1724137931034482,0.4104803493449782
5,3,26,"regular","False",0,7,0,0,13,2,1,2,19,24.28,-31,"Loss",0.2222222222222222,0.64,"Michigan State_2024",1.0,0.1910569105691057
8,26,26,"regular","False",6,6,7,13,27,0,1,7,55,39.73,12,"Win",0.38461538461538464,0.7333333333333333,"Michigan State_2024",1.3333333333333333,0.452991452991453
10,13,26,"regular","False",10,0,0,0,15,0,2,4,25,30.43,-37,"Loss",0.3333333333333333,0.625,"Michigan State_2024",1.0,-0.18652849740932642
13,26,26,"regular","False",7,17,0,0,22,0,0,6,75,32.32,7,"Win",0.42857142857142855,0.4838709677419355,"Michigan State_2024",1.2258064516129032,0.45733788395904434
14,26,26,"regular","False",7,0,0,7,13,0,1,7,70,24.87,-27,"Loss",0.3333333333333333,0.5416666666666666,"Michigan State_2024",1.0,0.40711462450592883
1,26,26,"regular","False",7,7,7,21,18,1,0,5,50,28.53,22,"Win",0.5,0.5555555555555556,"Minnesota_2014",2.2222222222222223,0.5384615384615384
2,26,26,"regular","False",7,21,7,0,18,0,1,3,24,29.33,11,"Win",0.4166666666666667,0.45454545454545453,"Minnesota_2014",4.545454545454546,0.8091168091168092
4,26,26,"regular","False",10,7,0,7,19,1,1,10,80,31.3,17,"Win",0.4166666666666667,0.14285714285714285,"Minnesota_2014",8.285714285714286,0.9819121447028424
7,26,26,"regular","False",7,7,0,10,14,0,1,6,47,28.27,7,"Win",0.5,0.6666666666666666,"Minnesota_2014",2.6,0.4416058394160584
8,26,26,"regular","False",14,6,16,3,22,1,0,7,66,31.78,1,"Win",0.5,0.5,"Minnesota_2014",2.888888888888889,0.6333333333333333
11,26,26,"regular","False",7,28,7,9,23,0,0,2,17,36.7,37,"Win",0.6666666666666666,0.7142857142857143,"Minnesota_2014",4.214285714285714,0.6783216783216783
12,8,25,"regular","False",0,14,0,10,17,0,2,7,54,30.77,-7,"Loss",0.35714285714285715,0.35,"Minnesota_2014",2.2,0.7194719471947195
17,16,25,"post","True",7,0,10,0,19,3,0,6,45,34.18,-16,"Loss",0.38461538461538464,0.6666666666666666,"Minnesota_2014",1.0,0.28418230563002683
1,2,26,"regular","False",0,3,7,7,18,2,0,7,60,25.17,-6,"Loss",0.26666666666666666,0.5428571428571428,"Minnesota_2015",1.1142857142857143,0.4222873900293255
3,26,26,"regular","False",3,7,0,0,13,1,2,8,85,35.38,3,"Win",0.47619047619047616,0.6296296296296297,"Minnesota_2015",1.6296296296296295,0.3611111111111111
4,26,26,"regular","False",0,14,3,10,24,1,0,4,31,30.03,3,"Win",0.4444444444444444,0.7096774193548387,"Minnesota_2015",1.1612903225806452,0.4358974358974359
7,26,26,"regular","False",7,7,0,11,18,1,2,6,55,28.28,-23,"Loss",0.4,0.65,"Minnesota_2015",0.65,0.17759562841530055
9,15,26,"regular","False",3,13,7,3,20,0,0,7,53,31.08,-3,"Loss",0.35714285714285715,0.48484848484848486,"Minnesota_2015",1.0606060606060606,0.3123644251626898
12,26,26,"regular","False",7,14,3,8,16,1,0,5,30,24.33,9,"Win",0.5384615384615384,0.5769230769230769,"Minnesota_2015",1.2307692307692308,0.7434402332361516
13,26,26,"regular","False",7,7,0,7,11,2,3,4,35,19.42,-10,"Loss",0.25,0.43243243243243246,"Minnesota_2015",0.4864864864864865,0.19202898550724637
17,26,26,"post","True",3,7,3,8,21,0,1,1,5,35.48,7,"Win",0.5,0.8,"Minnesota_2015",1.3,0.4146981627296588
1,26,26,"regular","False",0,17,0,13,21,1,0,8,70,29.55,7,"Win",0.47058823529411764,0.48148148148148145,"Minnesota_2016",1.7407407407407407,0.5357142857142857
2,26,26,"regular","False",14,24,10,10,31,0,0,10,82,33.63,30,"Win",0.6428571428571429,0.65625,"Minnesota_2016",1.375,0.4924114671163575
4,26,26,"regular","False",7,10,7,7,21,0,1,9,68,31.05,7,"Win",0.5384615384615384,0.8,"Minnesota_2016",2.25,0.5827338129496403
6,26,26,"regular","False",0,0,7,0,13,1,2,8,58,25.08,-7,"Loss",0.26666666666666666,0.3939393939393939,"Minnesota_2016",0.8787878787878788,0.3805970149253731
8,26,26,"regular","False",21,0,10,3,19,1,1,6,55,33.15,2,"Win",0.42857142857142855,0.5789473684210527,"Minnesota_2016",2.789473684210526,0.6090225563909775
10,26,26,"regular","False",10,13,7,14,18,0,1,5,65,31.6,13,"Win",0.26666666666666666,0.6086956521739131,"Minnesota_2016",1.8695652173913044,0.5042918454935622
12,26,26,"regular","False",6,6,3,14,15,1,1,6,50,29.42,17,"Win",0.3076923076923077,0.56,"Minnesota_2016",1.6,0.39939024390243905
1,26,26,"regular","False",14,0,0,3,21,0,1,4,35,36.98,10,"Win",0.3333333333333333,0.59375,"Minnesota_2017",1.59375,0.41421568627450983
3,26,26,"regular","False",3,17,7,7,18,0,0,3,22,34.95,31,"Win",0.25,0.6111111111111112,"Minnesota_2017",2.611111111111111,0.6443148688046647
5,26,26,"regular","False",0,10,7,7,18,0,2,3,29,27.75,-7,"Loss",0.4166666666666667,0.5,"Minnesota_2017",1.1923076923076923,0.2588996763754045
7,21,26,"regular","False",6,0,0,21,14,1,1,1,15,25.88,-3,"Loss",0.38461538461538464,0.5,"Minnesota_2017",0.84375,0.25517241379310346
8,26,26,"regular","False",7,0,3,14,22,1,2,3,10,29.72,7,"Win",0.2727272727272727,0.35714285714285715,"Minnesota_2017",4.0,0.8605341246290801
11,26,26,"regular","False",14,16,10,14,24,0,0,3,35,28.92,33,"Win",0.5555555555555556,0.5625,"Minnesota_2017",2.8125,0.7957198443579766
13,5,26,"regular","False",0,0,0,0,8,0,0,1,10,26.63,-31,"Loss",0.23076923076923078,0.3333333333333333,"Minnesota_2017",4.333333333333333,0.6992481203007519
1,26,26,"regular","False",7,28,3,10,23,1,0,9,92,34.57,38,"Win",0.35714285714285715,0.5,"Minnesota_2018",1.3823529411764706,0.5651340996168582
2,26,26,"regular","False",7,3,0,11,20,1,0,3,30,36.68,7,"Win",0.3333333333333333,0.6153846153846154,"Minnesota_2018",1.7307692307692308,0.42996742671009774
3,26,26,"regular","False",7,12,7,0,22,1,1,5,52,34.52,23,"Win",0.42857142857142855,0.5384615384615384,"Minnesota_2018",1.6923076923076923,0.4
6,26,26,"regular","False",7,10,7,7,20,0,4,2,10,26.72,-17,"Loss",0.2727272727272727,0.5,"Minnesota_2018",0.8611111111111112,0.26875
9,26,26,"regular","False",7,14,10,7,22,3,1,3,20,30.38,7,"Win",0.5,0.7083333333333334,"Minnesota_2018",1.6666666666666667,0.37344398340248963
11,26,26,"regular","False",3,10,21,7,22,0,1,5,50,33.22,31,"Win",0.36363636363636365,0.55,"Minnesota_2018",2.05,0.6385542168674698
12,22,26,"regular","False",0,7,0,7,18,1,2,3,34,30.57,-10,"Loss",0.4166666666666667,0.59375,"Minnesota_2018",1.09375,0.3562091503267974
1,26,26,"regular","False",0,13,7,8,17,0,1,3,40,32.2,7,"Win",0.46153846153846156,0.7222222222222222,"Minnesota_2019",2.3333333333333335,0.42857142857142855
3,26,26,"regular","False",14,7,0,14,22,1,1,4,45,37.92,3,"Win",0.5,0.6129032258064516,"Minnesota_2019",1.5483870967741935,0.24345549738219896
6,26,26,"regular","False",3,13,14,10,24,1,1,4,25,35.73,23,"Win",0.2,0.5294117647058824,"Minnesota_2019",3.0588235294117645,0.6817248459958932
7,26,26,"regular","False",7,7,20,0,21,0,0,4,42,32.78,27,"Win",0.6153846153846154,0.6153846153846154,"Minnesota_2019",3.769230769230769,0.7155555555555555
9,26,17,"regular","False",14,14,10,14,30,0,1,2,15,42.88,42,"Win",0.6363636363636364,0.5909090909090909,"Minnesota_2019",2.4545454545454546,0.6445783132530121
11,4,17,"regular","False",14,10,0,7,20,1,0,5,40,35.02,5,"Win",0.4,0.9,"Minnesota_2019",2.0,0.26304347826086955
14,12,8,"regular","False",7,0,3,7,22,1,1,2,14,30.7,-21,"Loss",0.35714285714285715,0.5405405405405406,"Minnesota_2019",0.8108108108108109,0.20430107526881722
8,18,21,"regular","False",10,7,7,0,21,1,1,5,39,35.78,-25,"Loss",0.42857142857142855,0.5806451612903226,"Minnesota_2020",1.3225806451612903,0.39570552147239263
11,26,26,"regular","False",0,0,0,7,19,0,2,8,85,36.17,-28,"Loss",0.4375,0.48484848484848486,"Minnesota_2020",1.2121212121212122,0.46474358974358976
12,26,26,"regular","False",14,7,7,6,20,0,0,4,41,30.3,3,"Win",0.6363636363636364,0.6818181818181818,"Minnesota_2020",1.8636363636363635,0.3299492385786802
1,4,26,"regular","False",0,14,7,10,24,2,0,5,50,38.68,-14,"Loss",0.5714285714285714,0.56,"Minnesota_2021",2.0,0.49754901960784315
2,26,26,"regular","False",7,14,0,10,19,0,0,4,45,32.6,5,"Win",0.5,0.47058823529411764,"Minnesota_2021",2.7058823529411766,0.6097560975609756
4,26,26,"regular","False",3,0,7,0,12,1,2,7,71,31.5,-4,"Loss",0.35714285714285715,0.38461538461538464,"Minnesota_2021",3.4615384615384617,0.7551867219917012
7,26,26,"regular","False",7,14,0,9,22,0,2,3,25,38.02,7,"Win",0.3333333333333333,0.84,"Minnesota_2021",1.72,0.4595959595959596
8,26,26,"regular","False",3,14,14,3,26,0,0,4,50,37.58,18,"Win",0.5833333333333334,0.6153846153846154,"Minnesota_2021",4.3076923076923075,0.7228381374722838
10,26,20,"regular","False",0,0,0,6,19,0,2,4,35,29.67,-8,"Loss",0.23076923076923078,0.5517241379310345,"Minnesota_2021",1.206896551724138,0.3079584775086505
13,14,26,"regular","False",3,3,14,3,16,0,1,7,82,30.17,10,"Win",0.45454545454545453,0.6875,"Minnesota_2021",2.3125,0.2737226277372263
17,26,26,"post","True",0,15,3,0,17,1,1,3,27,38.48,12,"Win",0.38461538461538464,0.6153846153846154,"Minnesota_2021",3.923076923076923,0.6955307262569832
1,26,26,"regular","False",7,17,14,0,31,0,0,3,35,44.5,38,"Win",0.7857142857142857,0.6956521739130435,"Minnesota_2022",2.4782608695652173,0.6123711340206186
2,26,26,"regular","False",14,17,21,10,34,1,0,3,28,39.22,52,"Win",0.6363636363636364,0.72,"Minnesota_2022",2.08,0.4521354933726068
3,26,26,"regular","False",14,21,7,7,29,0,1,4,25,36.12,42,"Win",0.8666666666666667,0.6,"Minnesota_2022",2.6,0.668
5,26,21,"regular","False",0,3,7,0,14,0,3,3,30,27.63,-10,"Loss",0.3333333333333333,0.5454545454545454,"Minnesota_2022",0.7878787878787878,0.15460526315789475
9,26,26,"regular","False",0,14,0,17,21,0,0,5,45,41.03,31,"Win",0.6666666666666666,0.6666666666666666,"Minnesota_2022",2.5238095238095237,0.6746666666666666
11,26,26,"regular","False",7,7,3,14,22,1,0,4,43,40.37,28,"Win",0.46153846153846156,0.5384615384615384,"Minnesota_2022",4.461538461538462,0.825136612021858
12,26,26,"regular","False",0,7,3,0,17,1,1,0,0,35.22,-3,"Loss",0.4375,0.4666666666666667,"Minnesota_2022",3.3333333333333335,0.7819548872180451
17,26,26,"post","True",0,14,14,0,14,0,0,2,20,25.95,8,"Win",0.45454545454545453,0.6875,"Minnesota_2022",2.0625,0.3581395348837209
1,26,26,"regular","False",0,3,0,10,20,0,1,3,25,30.7,3,"Win",0.47058823529411764,0.5454545454545454,"Minnesota_2023",0.5681818181818182,0.21912350597609562
2,26,26,"regular","False",0,10,10,5,28,1,1,2,17,39.57,19,"Win",0.6153846153846154,0.6666666666666666,"Minnesota_2023",3.7333333333333334,0.7167070217917676
5,26,26,"regular","False",7,7,7,14,26,0,1,1,15,35.58,11,"Win",0.5384615384615384,0.8571428571428571,"Minnesota_2023",3.642857142857143,0.579250720461095
6,2,26,"regular","False",3,7,0,0,10,0,2,4,36,31.2,-42,"Loss",0.21428571428571427,0.3125,"Minnesota_2023",2.4375,0.6923076923076923
9,26,26,"regular","False",0,10,0,17,24,2,1,3,35,36.25,15,"Win",0.46153846153846156,0.6363636363636364,"Minnesota_2023",2.272727272727273,0.5
10,26,26,"regular","False",7,10,3,6,16,1,0,2,10,28.37,-1,"Loss",0.25,0.5,"Minnesota_2023",1.5909090909090908,0.3576923076923077
13,26,26,"regular","False",7,7,0,0,17,1,1,3,30,29.58,-14,"Loss",0.38461538461538464,0.5714285714285714,"Minnesota_2023",1.1071428571428572,0.4160839160839161
17,26,26,"post","True",6,3,14,7,19,0,1,3,8,33.37,6,"Win",0.4166666666666667,0.5,"Minnesota_2023",2.75,0.9074733096085409
1,26,26,"regular","False",0,14,0,3,14,1,0,6,50,29.48,-2,"Loss",0.46153846153846156,0.5909090909090909,"Minnesota_2024",1.5,0.3237704918032787
2,26,26,"regular","False",3,14,14,17,27,0,0,4,23,40.53,48,"Win",0.5454545454545454,0.7941176470588235,"Minnesota_2024",1.1176470588235294,0.27488151658767773
3,26,26,"regular","False",6,14,7,0,20,0,1,5,34,29.22,27,"Win",0.36363636363636365,0.6153846153846154,"Minnesota_2024",1.2307692307692308,0.5051813471502591
4,26,26,"regular","False",0,14,0,0,15,0,2,5,35,28.28,-17,"Loss",0.42857142857142855,0.5945945945945946,"Minnesota_2024",0.5675675675675675,0.2743055555555556
6,11,26,"regular","False",3,7,0,14,22,1,0,4,50,29.2,7,"Win",0.25,0.7894736842105263,"Minnesota_2024",2.1052631578947367,0.5331491712707183
9,26,26,"regular","False",21,13,7,7,26,0,0,5,43,32.4,25,"Win",0.6923076923076923,0.7647058823529411,"Minnesota_2024",0.8529411764705882,0.27765237020316025
13,4,26,"regular","False",7,12,3,3,18,1,1,1,15,34.18,-1,"Loss",0.4166666666666667,0.6521739130434783,"Minnesota_2024",1.565217391304348,0.37722419928825623
1,26,26,"regular","False",7,21,14,7,30,1,1,4,30,28.0,49,"Win",0.4666666666666667,0.6764705882352942,"Mississippi State_2014",1.2941176470588236,0.3654545454545455
2,26,26,"regular","False",13,13,21,0,26,0,1,3,32,32.4,13,"Win",0.3125,0.45161290322580644,"Mississippi State_2014",1.8387096774193548,0.5658914728682171
6,6,12,"regular","False",14,14,13,7,26,2,0,3,20,30.32,17,"Win",0.45454545454545453,0.7777777777777778,"Mississippi State_2014",1.8518518518518519,0.5008944543828264
7,2,3,"regular","False",21,7,0,10,24,1,3,7,50,31.03,15,"Win",0.47058823529411764,0.5142857142857142,"Mississippi State_2014",1.2571428571428571,0.47547974413646055
10,26,1,"regular","False",0,7,3,7,19,1,2,8,45,21.27,7,"Win",0.5714285714285714,0.6666666666666666,"Mississippi State_2014",1.2962962962962963,0.2788671023965142
11,26,1,"regular","False",7,17,14,7,21,1,0,3,20,23.88,29,"Win",0.5714285714285714,0.6296296296296297,"Mississippi State_2014",1.1851851851851851,0.48846153846153845
13,26,4,"regular","False",13,24,7,7,32,0,0,11,87,31.43,51,"Win",0.7333333333333333,0.76,"Mississippi State_2014",2.04,0.5637450199203188
2,14,25,"regular","False",0,3,3,13,27,0,0,5,45,26.8,-2,"Loss",0.2,0.6296296296296297,"Mississippi State_2015",0.48148148148148145,0.11375661375661375
3,26,26,"regular","False",20,14,14,14,26,2,0,2,20,20.98,49,"Win",0.6,0.8888888888888888,"Mississippi State_2015",2.0555555555555554,0.4250386398763524
6,26,26,"regular","False",21,17,0,7,12,0,0,3,28,19.58,28,"Win",0.2,0.6666666666666666,"Mississippi State_2015",2.2,0.37202380952380953
7,26,26,"regular","False",7,17,14,7,28,0,0,4,38,26.4,25,"Win",0.46153846153846156,0.6976744186046512,"Mississippi State_2015",0.6976744186046512,0.21136363636363636
8,26,26,"regular","False",7,21,7,7,30,0,1,6,62,27.15,26,"Win",0.45454545454545453,0.7222222222222222,"Mississippi State_2015",1.0,0.34812286689419797
11,2,17,"regular","False",0,3,3,0,20,1,1,4,40,33.5,-25,"Loss",0.35,0.5111111111111111,"Mississippi State_2015",0.9333333333333333,0.22646310432569974
13,18,21,"regular","False",0,3,10,14,21,1,1,6,50,29.57,-11,"Loss",0.4375,0.7380952380952381,"Mississippi State_2015",0.8095238095238095,0.3681592039800995
17,26,26,"post","True",14,17,6,14,25,0,1,5,55,27.92,23,"Win",0.5294117647058824,0.5952380952380952,"Mississippi State_2015",0.8333333333333334,0.3321616871704745
1,26,26,"regular","False",7,10,3,0,22,0,0,5,41,23.32,-1,"Loss",0.2222222222222222,0.6451612903225806,"Mississippi State_2016",1.096774193548387,0.6256544502617801
2,26,26,"regular","False",7,17,0,3,24,0,1,6,60,29.92,13,"Win",0.42857142857142855,0.6666666666666666,"Mississippi State_2016",1.5,0.5979381443298969
6,26,26,"regular","False",0,0,7,7,16,2,1,7,80,26.63,-24,"Loss",0.375,0.5142857142857142,"Mississippi State_2016",0.9428571428571428,0.356401384083045
9,26,26,"regular","False",21,7,21,7,29,1,2,4,35,29.32,15,"Win",0.4666666666666667,0.5714285714285714,"Mississippi State_2016",1.3142857142857143,0.37668161434977576
10,4,26,"regular","False",14,14,0,7,29,0,2,3,30,37.22,7,"Win",0.6111111111111112,0.5806451612903226,"Mississippi State_2016",1.8709677419354838,0.6358885017421603
12,26,26,"regular","False",14,0,14,14,25,0,0,3,22,26.78,-16,"Loss",0.38461538461538464,0.696969696969697,"Mississippi State_2016",1.0606060606060606,0.38461538461538464
17,26,26,"post","True",0,7,7,3,18,0,0,2,25,24.87,1,"Win",0.5,0.48148148148148145,"Mississippi State_2016",1.2222222222222223,0.5940298507462687
1,26,26,"regular","False",23,12,7,7,29,0,0,7,60,32.42,49,"Win",0.4,0.5555555555555556,"Mississippi State_2017",1.3888888888888888,0.5063063063063064
3,12,26,"regular","False",0,17,13,7,25,0,0,5,49,35.92,30,"Win",0.5384615384615384,0.6521739130434783,"Mississippi State_2017",2.0869565217391304,0.6129032258064516
7,26,26,"regular","False",7,14,7,7,35,1,2,6,60,36.8,25,"Win",0.6153846153846154,0.6451612903225806,"Mississippi State_2017",1.7096774193548387,0.5604395604395604
8,26,26,"regular","False",7,10,7,21,25,0,0,5,55,34.82,38,"Win",0.6666666666666666,0.7037037037037037,"Mississippi State_2017",1.7777777777777777,0.6394557823129252
10,26,16,"regular","False",10,3,14,7,21,0,3,5,63,31.42,11,"Win",0.36363636363636365,0.5384615384615384,"Mississippi State_2017",1.7307692307692308,0.6463104325699746
11,2,16,"regular","False",7,7,7,3,22,0,0,4,30,38.93,-7,"Loss",0.5333333333333333,0.5416666666666666,"Mississippi State_2017",2.0416666666666665,0.5212121212121212
13,26,14,"regular","False",0,6,0,22,27,3,2,9,88,37.5,-3,"Loss",0.35,0.4375,"Mississippi State_2017",1.9375,0.5868263473053892
17,26,23,"post","True",14,3,0,14,23,2,1,11,100,29.65,4,"Win",0.4666666666666667,0.55,"Mississippi State_2017",2.75,0.6856435643564357
1,26,18,"regular","False",21,14,14,14,25,0,0,7,80,28.73,57,"Win",0.5384615384615384,0.4411764705882353,"Mississippi State_2018",1.088235294117647,0.3559870550161812
3,26,16,"regular","False",14,21,14,7,29,0,1,3,15,32.98,46,"Win",0.7272727272727273,0.6666666666666666,"Mississippi State_2018",1.9583333333333333,0.5453047775947282
5,26,23,"regular","False",3,3,0,0,15,0,0,2,15,26.22,-7,"Loss",0.16666666666666666,0.4230769230769231,"Mississippi State_2018",1.2307692307692308,0.5148514851485149
6,8,26,"regular","False",3,10,3,7,22,0,1,1,15,41.88,14,"Win",0.4117647058823529,0.5294117647058824,"Mississippi State_2018",3.3529411764705883,0.8349282296650717
9,16,26,"regular","False",7,0,7,14,15,0,0,10,95,27.13,15,"Win",0.5833333333333334,0.6363636363636364,"Mississippi State_2018",1.4090909090909092,0.3723958333333333
10,26,18,"regular","False",21,10,7,7,26,0,0,3,25,30.18,42,"Win",0.45454545454545453,0.5862068965517241,"Mississippi State_2018",1.2413793103448276,0.543233082706767
12,26,21,"regular","False",3,14,21,14,29,1,0,7,60,32.35,46,"Win",0.7,0.6666666666666666,"Mississippi State_2018",2.611111111111111,0.6042105263157894
2,26,26,"regular","False",7,14,7,10,21,0,0,2,10,33.77,23,"Win",0.3333333333333333,0.7619047619047619,"Mississippi State_2019",1.9523809523809523,0.5440414507772021
3,26,26,"regular","False",0,14,7,3,21,1,2,7,83,33.08,-7,"Loss",0.2857142857142857,0.4074074074074074,"Mississippi State_2019",1.6296296296296295,0.5710227272727273
4,26,26,"regular","False",7,14,0,7,22,1,1,5,45,33.1,15,"Win",0.6,0.7727272727272727,"Mississippi State_2019",1.8181818181818181,0.5724465558194775
8,2,26,"regular","False",0,7,0,6,21,1,2,13,109,34.35,-23,"Loss",0.25,0.6071428571428571,"Mississippi State_2019",1.3214285714285714,0.3
12,5,26,"regular","False",7,0,0,0,11,0,1,5,37,32.05,-31,"Loss",0.25,0.5714285714285714,"Mississippi State_2019",1.7619047619047619,0.6962962962962963
13,26,26,"regular","False",7,14,7,17,26,0,0,7,60,26.9,38,"Win",0.5833333333333334,0.5333333333333333,"Mississippi State_2019",1.3333333333333333,0.6447140381282496
14,26,26,"regular","False",7,7,7,0,15,1,0,5,41,31.32,1,"Win",0.3333333333333333,0.7142857142857143,"Mississippi State_2019",3.142857142857143,0.660377358490566
5,26,16,"regular","False",7,0,7,0,24,1,3,4,25,36.33,-7,"Loss",0.35294117647058826,0.7166666666666667,"Mississippi State_2020",0.4,0.2175
7,11,26,"regular","False",0,0,7,7,15,1,1,3,25,29.47,-14,"Loss",0.4666666666666667,0.75,"Mississippi State_2020",0.5,-0.009216589861751152
10,26,26,"regular","False",14,3,0,7,14,0,0,8,92,27.83,7,"Win",0.3076923076923077,0.7608695652173914,"Mississippi State_2020",0.2391304347826087,-0.10784313725490197
15,26,26,"regular","False",0,3,0,7,17,0,2,7,90,29.07,-14,"Loss",0.25,0.5882352941176471,"Mississippi State_2020",0.3137254901960784,0.07916666666666666
16,26,26,"regular","False",14,13,7,17,24,1,2,7,73,31.05,19,"Win",0.3333333333333333,0.5526315789473685,"Mississippi State_2020",0.7368421052631579,0.33856502242152464
17,24,26,"post","True",7,0,14,7,16,0,0,11,102,28.68,2,"Win",0.3333333333333333,0.6333333333333333,"Mississippi State_2020",1.0,0.45387453874538747
1,26,26,"regular","False",14,0,0,21,22,3,1,12,96,34.9,1,"Win",0.25,0.8297872340425532,"Mississippi State_2021",0.40425531914893614,0.14942528735632185
2,26,26,"regular","False",7,7,7,3,15,0,0,9,60,31.05,14,"Win",0.23076923076923078,0.673469387755102,"Mississippi State_2021",0.30612244897959184,0.06962025316455696
4,26,26,"regular","False",0,3,7,15,29,1,1,6,36,35.13,-3,"Loss",0.6666666666666666,0.7580645161290323,"Mississippi State_2021",0.41935483870967744,0.2366255144032922
7,5,26,"regular","False",3,3,3,0,24,0,3,6,25,30.12,-40,"Loss",0.4375,0.6363636363636364,"Mississippi State_2021",0.34545454545454546,-0.0033444816053511705
9,12,26,"regular","False",0,14,17,0,24,0,0,11,88,41.17,14,"Win",0.5833333333333334,0.9230769230769231,"Mississippi State_2021",0.8974358974358975,0.2146118721461187
12,26,25,"regular","False",21,14,14,6,23,2,0,3,29,24.67,45,"Win",0.5,0.782608695652174,"Mississippi State_2021",0.32608695652173914,0.17833333333333334
13,9,26,"regular","False",6,0,0,15,30,0,0,8,75,29.73,-10,"Loss",0.2857142857142857,0.6440677966101694,"Mississippi State_2021",0.3559322033898305,0.2
1,26,26,"regular","False",14,14,7,14,34,1,1,5,55,41.18,26,"Win",0.8461538461538461,0.7755102040816326,"Mississippi State_2022",0.6938775510204082,0.1773308957952468
4,26,26,"regular","False",17,14,7,7,25,0,0,3,30,27.2,31,"Win",0.36363636363636365,0.7777777777777778,"Mississippi State_2022",0.2037037037037037,0.0967741935483871
5,17,26,"regular","False",0,14,7,21,22,1,0,13,138,28.8,18,"Win",0.45454545454545453,0.6888888888888889,"Mississippi State_2022",0.5333333333333333,0.3044397463002114
6,26,23,"regular","False",14,7,13,6,33,0,0,4,45,35.68,23,"Win",0.38461538461538464,0.6530612244897959,"Mississippi State_2022",0.7346938775510204,0.2852112676056338
10,26,26,"regular","False",10,14,0,9,21,2,1,5,35,27.93,6,"Win",0.25,0.6774193548387096,"Mississippi State_2022",0.2903225806451613,0.03513513513513514
11,1,26,"regular","False",0,12,7,0,18,0,0,5,41,28.28,-26,"Loss",0.21428571428571427,0.5576923076923077,"Mississippi State_2022",0.28846153846153844,0.1525974025974026
12,26,26,"regular","False",14,21,14,7,27,0,1,2,15,27.15,49,"Win",0.5555555555555556,0.7755102040816326,"Mississippi State_2022",0.32653061224489793,0.18181818181818182
1,26,26,"regular","False",3,17,7,21,23,0,0,1,15,31.03,41,"Win",0.45454545454545453,0.6896551724137931,"Mississippi State_2023",1.3448275862068966,0.5676190476190476
2,26,26,"regular","False",14,0,7,3,16,1,0,9,90,27.63,7,"Win",0.2727272727272727,0.7647058823529411,"Mississippi State_2023",2.2941176470588234,0.4723127035830619
3,14,26,"regular","False",0,7,0,7,10,0,0,4,41,21.35,-27,"Loss",0.23076923076923078,0.41379310344827586,"Mississippi State_2023",0.7241379310344828,0.46766169154228854
5,12,26,"regular","False",0,10,7,0,15,0,3,3,15,29.83,-23,"Loss",0.38461538461538464,0.5555555555555556,"Mississippi State_2023",1.2962962962962963,0.5900383141762452
6,26,26,"regular","False",10,7,14,10,25,1,0,6,65,31.23,13,"Win",0.46153846153846156,0.71875,"Mississippi State_2023",1.03125,0.4409090909090909
10,26,26,"regular","False",0,3,0,0,15,0,1,9,68,29.37,-21,"Loss",0.35294117647058826,0.4857142857142857,"Mississippi State_2023",0.8857142857142857,0.3348623853211009
12,26,26,"regular","False",3,13,7,18,18,0,0,6,65,28.3,21,"Win",0.375,0.4444444444444444,"Mississippi State_2023",1.6666666666666667,0.6230366492146597
13,12,26,"regular","False",0,0,7,0,16,0,0,4,56,28.05,-10,"Loss",0.25,0.6410256410256411,"Mississippi State_2023",0.717948717948718,0.31683168316831684
1,26,26,"regular","False",14,21,7,14,19,0,0,4,15,21.9,49,"Win",0.45454545454545453,0.6818181818181818,"Mississippi State_2024",1.5909090909090908,0.45111111111111113
3,26,26,"regular","False",0,3,7,7,21,1,1,10,104,22.93,-24,"Loss",0.46153846153846156,0.7,"Mississippi State_2024",0.675,0.17142857142857143
4,26,26,"regular","False",7,7,7,7,31,1,0,8,70,32.4,-17,"Loss",0.55,0.5882352941176471,"Mississippi State_2024",1.6470588235294117,0.5
8,14,26,"regular","False",7,10,0,7,22,0,1,8,78,29.87,-10,"Loss",0.3125,0.5365853658536586,"Mississippi State_2024",0.8780487804878049,0.3405994550408719
9,26,26,"regular","False",7,3,15,0,24,3,2,4,48,28.75,-33,"Loss",0.38461538461538464,0.7096774193548387,"Mississippi State_2024",1.3548387096774193,0.34394904458598724
10,26,26,"regular","False",0,21,14,10,26,0,0,7,62,19.18,25,"Win",0.5555555555555556,0.56,"Mississippi State_2024",1.2,0.5205183585313174
13,23,26,"regular","False",10,3,7,0,16,1,0,6,40,18.15,-19,"Loss",0.2,0.5714285714285714,"Mississippi State_2024",0.7857142857142857,0.4349112426035503
1,26,24,"regular","False",21,0,7,10,19,0,0,5,27,24.6,20,"Win",0.2727272727272727,0.6190476190476191,"Missouri_2014",1.8571428571428572,0.5470737913486005
3,26,20,"regular","False",7,7,7,17,19,0,1,4,47,24.97,28,"Win",0.7142857142857143,0.5833333333333334,"Missouri_2014",1.4583333333333333,0.5527950310559007
4,26,18,"regular","False",7,10,0,10,28,0,1,10,75,32.92,-4,"Loss",0.3125,0.6041666666666666,"Missouri_2014",0.7291666666666666,0.341948310139165
7,13,23,"regular","False",0,0,0,0,10,1,4,4,30,17.62,-34,"Loss",0.0,0.42857142857142855,"Missouri_2014",1.0476190476190477,0.3401360544217687
9,26,26,"regular","False",3,7,7,7,20,0,0,14,100,31.15,10,"Win",0.5625,0.4782608695652174,"Missouri_2014",2.0,0.6337662337662338
10,26,26,"regular","False",0,14,3,3,21,0,0,5,50,34.13,10,"Win",0.5,0.5454545454545454,"Missouri_2014",1.3636363636363635,0.4875
14,26,17,"regular","False",0,6,0,15,26,1,1,7,75,32.6,7,"Win",0.47368421052631576,0.5952380952380952,"Missouri_2014",0.9761904761904762,0.3735224586288416
15,1,16,"regular","True",0,3,10,0,10,1,0,6,60,23.28,-29,"Loss",0.375,0.47058823529411764,"Missouri_2014",0.6764705882352942,0.13099041533546327
1,26,24,"regular","False",14,3,10,7,19,0,1,6,44,28.12,31,"Win",0.35714285714285715,0.5625,"Missouri_2015",1.03125,0.21621621621621623
3,26,22,"regular","False",2,0,7,0,16,1,1,3,30,29.7,3,"Win",0.3333333333333333,0.6451612903225806,"Missouri_2015",1.096774193548387,0.3148148148148148
5,26,26,"regular","False",7,10,7,0,18,0,0,3,29,31.93,14,"Win",0.5625,0.75,"Missouri_2015",1.5,0.5451505016722408
6,11,26,"regular","False",3,0,0,0,12,0,2,6,38,22.12,-18,"Loss",0.07142857142857142,0.41025641025641024,"Missouri_2015",0.6666666666666666,0.41245136186770426
10,20,26,"regular","False",3,10,0,0,16,0,2,6,38,30.37,-18,"Loss",0.3125,0.4230769230769231,"Missouri_2015",1.7307692307692308,0.6677018633540373
11,26,26,"regular","True",3,3,0,14,23,1,1,8,91,39.07,4,"Win",0.65,0.6785714285714286,"Missouri_2015",1.9642857142857142,0.4377880184331797
12,26,26,"regular","False",0,0,0,8,10,1,1,7,50,23.7,-11,"Loss",0.13333333333333333,0.43333333333333335,"Missouri_2015",0.9666666666666667,0.39461883408071746
2,26,26,"regular","False",14,19,14,14,30,2,0,8,75,21.27,40,"Win",0.6,0.675,"Missouri_2016",0.95,0.26275115919629055
3,16,26,"regular","False",10,10,7,0,18,2,3,7,50,22.7,-1,"Loss",0.375,0.6052631578947368,"Missouri_2016",0.9736842105263158,0.20169851380042464
4,26,26,"regular","False",30,28,14,7,33,0,0,6,60,24.98,79,"Win",0.75,0.7435897435897436,"Missouri_2016",1.0,0.3839541547277937
8,26,26,"regular","False",14,14,7,10,36,2,0,13,114,27.77,-6,"Loss",0.3125,0.5,"Missouri_2016",1.6,0.5532591414944356
9,26,26,"regular","False",0,7,0,14,18,0,0,9,65,20.4,-14,"Loss",0.25,0.59375,"Missouri_2016",1.15625,0.4067357512953368
11,26,26,"regular","False",6,13,0,7,20,1,0,7,62,23.55,9,"Win",0.5263157894736842,0.5945945945945946,"Missouri_2016",1.0,0.3887733887733888
13,26,26,"regular","False",7,0,14,7,15,1,0,2,10,19.63,4,"Win",0.46153846153846156,0.6153846153846154,"Missouri_2016",1.1538461538461537,0.3283208020050125
1,26,26,"regular","False",20,28,10,14,35,1,1,6,52,21.73,29,"Win",0.6666666666666666,0.6176470588235294,"Missouri_2017",1.2058823529411764,0.36073619631901843
2,26,26,"regular","False",3,7,3,0,21,1,2,4,24,22.4,-18,"Loss",0.35714285714285715,0.4375,"Missouri_2017",1.15625,0.42080378250591016
3,26,26,"regular","False",0,3,0,0,10,1,2,6,46,16.28,-32,"Loss",0.18181818181818182,0.42857142857142855,"Missouri_2017",0.8571428571428571,0.3448275862068966
4,15,26,"regular","False",0,7,0,7,21,3,1,7,55,25.67,-37,"Loss",0.3076923076923077,0.5897435897435898,"Missouri_2017",0.7948717948717948,0.36470588235294116
8,26,26,"regular","False",34,17,14,3,28,0,1,6,45,24.42,47,"Win",0.5,0.7058823529411765,"Missouri_2017",0.8823529411764706,0.27811550151975684
10,26,26,"regular","False",7,21,7,10,26,0,1,7,71,29.35,29,"Win",0.6363636363636364,0.7142857142857143,"Missouri_2017",2.1904761904761907,0.4989010989010989
11,26,26,"regular","False",14,10,17,9,29,0,1,7,60,29.18,33,"Win",0.46153846153846156,0.4666666666666667,"Missouri_2017",1.7666666666666666,0.6570561456752656
17,26,26,"post","True",0,7,9,0,17,3,1,9,86,24.75,-17,"Loss",0.21428571428571427,0.5294117647058824,"Missouri_2017",1.0,0.31025641025641026
1,26,26,"regular","False",14,24,10,3,26,0,0,4,45,33.28,37,"Win",0.5333333333333333,0.6764705882352942,"Missouri_2018",1.2941176470588236,0.2939068100358423
2,26,26,"regular","False",3,13,14,10,33,1,0,8,79,33.4,27,"Win",0.7,0.7333333333333333,"Missouri_2018",1.0222222222222221,0.33777038269550747
4,2,26,"regular","False",7,0,15,7,26,2,1,5,30,29.02,-14,"Loss",0.2857142857142857,0.4791666666666667,"Missouri_2018",0.7708333333333334,0.43765903307888043
8,26,26,"regular","False",21,27,14,3,30,0,0,12,122,24.87,32,"Win",0.5,0.75,"Missouri_2018",1.25,0.42260061919504643
9,12,26,"regular","False",0,14,0,0,13,0,0,8,69,28.13,-1,"Loss",0.3125,0.5555555555555556,"Missouri_2018",1.2962962962962963,0.3373493975903614
11,26,26,"regular","False",7,6,13,7,30,0,2,2,15,29.55,5,"Win",0.6,0.6666666666666666,"Missouri_2018",1.4848484848484849,0.5
13,26,26,"regular","False",7,21,10,0,17,1,0,5,49,28.8,38,"Win",0.47058823529411764,0.6296296296296297,"Missouri_2018",1.5555555555555556,0.44362745098039214
2,26,26,"regular","False",10,21,0,7,26,0,0,10,100,30.98,31,"Win",0.4666666666666667,0.6071428571428571,"Missouri_2019",1.7857142857142858,0.6073298429319371
3,26,26,"regular","False",27,10,10,3,19,0,1,9,79,29.05,50,"Win",0.2,0.64,"Missouri_2019",1.6,0.5169660678642715
4,26,26,"regular","False",7,10,14,3,26,1,1,4,37,37.83,20,"Win",0.42105263157894735,0.5757575757575758,"Missouri_2019",1.6363636363636365,0.46080760095011875
6,26,26,"regular","False",21,21,0,0,20,0,0,9,106,29.23,32,"Win",0.46153846153846156,0.6666666666666666,"Missouri_2019",1.3333333333333333,0.3724604966139955
7,26,26,"regular","False",3,9,23,3,30,1,1,2,26,33.52,11,"Win",0.6,0.6571428571428571,"Missouri_2019",1.2285714285714286,0.41459074733096085
12,11,26,"regular","False",0,3,3,0,15,0,1,6,55,28.8,-17,"Loss",0.2777777777777778,0.6410256410256411,"Missouri_2019",0.7435897435897436,0.203125
13,26,26,"regular","False",3,7,7,3,16,0,0,7,70,28.35,-4,"Loss",0.26666666666666666,0.5862068965517241,"Missouri_2019",1.2758620689655173,0.3535714285714286
4,2,26,"regular","False",0,3,3,13,20,2,0,3,20,28.58,-19,"Loss",0.5,0.6666666666666666,"Missouri_2020",0.8717948717948718,0.21428571428571427
6,26,26,"regular","False",14,10,14,7,25,3,0,6,55,30.82,4,"Win",0.5,0.8285714285714286,"Missouri_2020",0.9428571428571428,0.30716723549488056
8,26,26,"regular","False",0,10,7,3,26,0,0,6,54,43.17,10,"Win",0.5,0.7,"Missouri_2020",2.066666666666667,0.5225653206650831
13,26,26,"regular","False",7,14,6,14,31,0,0,1,5,32.83,41,"Win",0.5454545454545454,0.8292682926829268,"Missouri_2020",0.926829268292683,0.36981757877280264
14,26,26,"regular","False",10,10,3,27,37,0,0,8,57,33.53,2,"Win",0.6,0.6530612244897959,"Missouri_2020",0.7755102040816326,0.41807044410413474
15,9,25,"regular","False",0,14,0,0,11,0,1,4,30,26.28,-35,"Loss",0.2727272727272727,0.625,"Missouri_2020",0.6875,0.11
1,26,26,"regular","False",7,10,7,10,26,0,0,4,19,28.02,10,"Win",0.09090909090909091,0.65625,"Missouri_2021",1.125,0.45085470085470086
3,26,26,"regular","False",21,17,14,7,26,0,0,5,55,32.65,31,"Win",0.7333333333333333,0.7435897435897436,"Missouri_2021",0.8717948717948718,0.3422222222222222
5,26,26,"regular","False",3,7,7,7,21,0,2,9,97,29.03,-38,"Loss",0.4375,0.6136363636363636,"Missouri_2021",0.6818181818181818,0.18686868686868688
6,26,26,"regular","False",14,17,0,17,22,0,0,7,65,31.8,13,"Win",0.5625,0.6470588235294118,"Missouri_2021",1.1470588235294117,0.6455696202531646
7,21,26,"regular","False",0,7,7,0,19,0,2,13,106,30.05,-21,"Loss",0.35294117647058826,0.6744186046511628,"Missouri_2021",0.6976744186046512,0.29878048780487804
11,26,26,"regular","False",0,17,7,7,20,1,2,8,90,31.87,3,"Win",0.5,0.6521739130434783,"Missouri_2021",2.0,0.589041095890411
12,26,26,"regular","False",3,6,0,7,16,0,0,4,27,27.88,1,"Win",0.2,0.5769230769230769,"Missouri_2021",1.3846153846153846,0.4230769230769231
1,26,26,"regular","False",0,24,14,14,28,1,1,10,100,31.53,28,"Win",0.5,0.6666666666666666,"Missouri_2022",1.6666666666666667,0.578853046594982
3,26,26,"regular","False",14,3,14,3,18,1,0,9,85,34.17,17,"Win",0.3333333333333333,0.7096774193548387,"Missouri_2022",1.3225806451612903,0.39139344262295084
5,1,26,"regular","False",3,13,3,3,14,0,0,7,66,25.2,-4,"Loss",0.23076923076923078,0.625,"Missouri_2022",0.65625,0.3469387755102041
8,26,26,"regular","False",7,10,0,0,19,3,1,2,10,28.95,3,"Win",0.5,0.68,"Missouri_2022",1.6,0.31493506493506496
10,26,26,"regular","False",3,0,0,14,12,2,0,7,71,28.92,-4,"Loss",0.15384615384615385,0.6666666666666666,"Missouri_2022",1.2592592592592593,0.38362068965517243
12,26,26,"regular","False",7,14,14,10,24,1,0,6,39,29.43,31,"Win",0.6428571428571429,0.6451612903225806,"Missouri_2022",1.1935483870967742,0.4108352144469526
13,26,26,"regular","False",10,10,9,0,19,0,0,10,61,31.68,2,"Win",0.35714285714285715,0.6153846153846154,"Missouri_2022",1.5,0.4829059829059829
17,26,26,"post","True",3,7,7,0,21,1,0,9,85,32.18,-10,"Loss",0.42105263157894735,0.6122448979591837,"Missouri_2022",0.673469387755102,0.3557422969187675
1,26,26,"regular","False",14,14,0,7,22,0,1,7,56,29.03,25,"Win",0.6,0.7692307692307693,"Missouri_2023",1.5384615384615385,0.49440715883668906
2,26,26,"regular","False",3,7,6,7,21,0,0,5,50,32.0,4,"Win",0.5384615384615384,0.7368421052631579,"Missouri_2023",2.4210526315789473,0.35443037974683544
3,15,26,"regular","False",10,7,0,13,20,0,0,6,40,26.0,3,"Win",0.23076923076923078,0.6388888888888888,"Missouri_2023",0.7777777777777778,0.17209302325581396
4,26,26,"regular","True",7,10,7,10,22,1,0,7,41,27.33,7,"Win",0.0,0.72,"Missouri_2023",1.44,0.37084870848708484
6,23,21,"regular","False",15,10,7,7,23,0,2,11,63,27.57,-10,"Loss",0.36363636363636365,0.6382978723404256,"Missouri_2023",0.44680851063829785,0.22011385199240988
8,26,20,"regular","False",14,10,0,10,22,0,0,6,55,28.87,22,"Win",0.5384615384615384,0.6,"Missouri_2023",1.6,0.5095693779904307
11,13,14,"regular","False",0,13,9,14,26,0,1,7,50,39.93,29,"Win",0.6470588235294118,0.75,"Missouri_2023",2.125,0.4811320754716981
12,26,9,"regular","False",3,10,10,10,21,0,0,7,60,26.87,2,"Win",0.5294117647058824,0.5555555555555556,"Missouri_2023",0.8888888888888888,0.3484251968503937
1,26,11,"regular","False",28,7,10,6,30,1,0,7,44,33.23,51,"Win",0.6153846153846154,0.7142857142857143,"Missouri_2024",0.8571428571428571,0.3660531697341513
2,26,9,"regular","False",3,21,7,7,28,0,1,10,80,38.35,38,"Win",0.6,0.8095238095238095,"Missouri_2024",0.9761904761904762,0.4922779922779923
3,24,6,"regular","False",3,14,7,3,22,0,0,8,91,35.77,6,"Win",0.5789473684210527,0.7,"Missouri_2024",1.4333333333333333,0.4
4,26,7,"regular","False",7,3,10,0,22,0,0,3,33,33.1,3,"Win",0.4117647058823529,0.6216216216216216,"Missouri_2024",1.0810810810810811,0.48868778280542985
8,26,19,"regular","False",3,0,3,15,20,2,0,2,24,27.55,4,"Win",0.4117647058823529,0.4883720930232558,"Missouri_2024",0.7441860465116279,0.22946175637393768
11,26,24,"regular","False",0,3,7,20,19,1,0,6,55,34.43,7,"Win",0.5789473684210527,0.5185185185185185,"Missouri_2024",1.7037037037037037,0.4856115107913669
14,26,21,"regular","False",7,0,3,18,18,0,0,7,46,31.65,7,"Win",0.4,0.5,"Missouri_2024",2.35,0.5346260387811634
17,26,19,"post","True",7,7,7,6,23,0,0,6,60,31.72,3,"Win",0.38461538461538464,0.5454545454545454,"Missouri_2024",1.0,0.23670212765957446
1,26,22,"regular","False",14,17,17,7,35,0,0,6,60,33.92,48,"Win",0.6666666666666666,0.4857142857142857,"Nebraska_2014",1.6285714285714286,0.6352040816326531
2,26,19,"regular","False",14,7,3,7,17,0,1,5,40,24.73,7,"Win",0.3076923076923077,0.5161290322580645,"Nebraska_2014",1.064516129032258,0.4462242562929062
4,26,24,"regular","False",7,10,14,10,27,1,1,7,69,32.85,10,"Win",0.7,0.6923076923076923,"Nebraska_2014",4.153846153846154,0.7521929824561403
5,26,21,"regular","False",7,24,7,7,35,1,1,8,70,39.6,31,"Win",0.4666666666666667,0.47619047619047616,"Nebraska_2014",3.3333333333333335,0.7339743589743589
9,26,16,"regular","False",7,14,14,7,21,1,1,5,35,29.47,18,"Win",0.6153846153846154,0.6363636363636364,"Nebraska_2014",1.8636363636363635,0.6417582417582418
10,26,15,"regular","False",7,14,7,7,17,1,2,3,30,30.47,21,"Win",0.2857142857142857,0.38095238095238093,"Nebraska_2014",2.4285714285714284,0.6026936026936027
13,25,23,"regular","False",7,14,3,0,18,2,0,3,25,24.88,-4,"Loss",0.46153846153846156,0.6,"Nebraska_2014",1.9,0.43828715365239296
1,26,26,"regular","False",14,0,14,0,25,1,1,12,90,32.88,-5,"Loss",0.42857142857142855,0.5853658536585366,"Nebraska_2015",0.9024390243902439,0.28314606741573034
2,26,26,"regular","False",14,10,7,17,31,0,1,7,80,33.57,39,"Win",0.5555555555555556,0.6842105263157895,"Nebraska_2015",0.9736842105263158,0.45989304812834225
4,26,26,"regular","False",10,12,7,7,24,1,1,12,98,34.02,8,"Win",0.3076923076923077,0.6571428571428571,"Nebraska_2015",1.1142857142857143,0.39672131147540984
6,26,26,"regular","False",0,14,0,7,13,1,0,9,89,28.07,-2,"Loss",0.4444444444444444,0.39285714285714285,"Nebraska_2015",1.3214285714285714,0.6030769230769231
8,26,26,"regular","False",5,7,7,9,22,0,1,6,64,38.97,-2,"Loss",0.45,0.5,"Nebraska_2015",0.7916666666666666,0.21983914209115282
10,7,26,"regular","False",10,3,7,19,24,0,2,5,55,27.58,1,"Win",0.5,0.5757575757575758,"Nebraska_2015",1.0909090909090908,0.3587174348697395
13,4,26,"regular","False",0,10,7,3,22,0,4,8,95,36.1,-8,"Loss",0.4375,0.5555555555555556,"Nebraska_2015",0.8444444444444444,0.3163972286374134
17,26,26,"post","True",7,14,9,7,31,1,0,6,38,38.25,8,"Win",0.6363636363636364,0.631578947368421,"Nebraska_2015",3.263157894736842,0.652
1,26,26,"regular","False",7,7,7,22,20,0,0,7,80,31.88,33,"Win",0.45454545454545453,0.46153846153846156,"Nebraska_2016",3.923076923076923,0.7192118226600985
2,26,26,"regular","False",7,10,7,28,25,0,1,7,93,33.12,35,"Win",0.5714285714285714,0.6,"Nebraska_2016",1.2285714285714286,0.2509090909090909
3,22,26,"regular","False",7,7,14,7,26,1,0,7,55,35.08,3,"Win",0.38461538461538464,0.4857142857142857,"Nebraska_2016",1.3428571428571427,0.5327102803738317
5,26,15,"regular","False",7,3,0,21,23,1,1,3,35,38.02,15,"Win",0.7142857142857143,0.6956521739130435,"Nebraska_2016",2.130434782608696,0.4799054373522459
8,26,8,"regular","False",10,0,7,10,22,0,1,7,67,33.32,13,"Win",0.4666666666666667,0.5483870967741935,"Nebraska_2016",1.1935483870967742,0.38386308068459657
11,26,19,"regular","False",3,7,7,7,19,0,0,8,81,29.1,7,"Win",0.4666666666666667,0.6785714285714286,"Nebraska_2016",1.1428571428571428,0.4197860962566845
12,26,18,"regular","False",14,7,7,0,27,0,0,2,20,39.0,21,"Win",0.47058823529411764,0.6216216216216216,"Nebraska_2016",1.2162162162162162,0.4513715710723192
1,26,26,"regular","False",17,10,7,9,25,0,0,8,75,32.3,7,"Win",0.5,0.59375,"Nebraska_2017",1.1875,0.48596112311015116
3,26,26,"regular","False",0,0,10,7,18,0,3,5,48,36.57,-4,"Loss",0.3157894736842105,0.5319148936170213,"Nebraska_2017",0.7659574468085106,0.22135416666666666
4,26,26,"regular","False",7,7,7,6,21,0,2,6,46,35.35,10,"Win",0.47058823529411764,0.5,"Nebraska_2017",1.8076923076923077,0.6437908496732027
6,9,26,"regular","False",0,10,7,0,16,1,1,4,35,23.32,-21,"Loss",0.4666666666666667,0.5142857142857142,"Nebraska_2017",0.7428571428571429,0.2887139107611549
7,9,26,"regular","False",0,0,14,0,15,0,1,12,104,24.75,-42,"Loss",0.3333333333333333,0.574468085106383,"Nebraska_2017",0.3404255319148936,0.11195928753180662
10,26,26,"regular","False",7,7,10,0,21,0,3,7,68,31.67,-7,"Loss",0.3333333333333333,0.5526315789473685,"Nebraska_2017",0.8157894736842105,0.3323442136498516
13,26,26,"regular","False",7,7,0,0,12,0,3,3,19,26.85,-42,"Loss",0.3333333333333333,0.5476190476190477,"Nebraska_2017",0.5,0.250936329588015
2,26,26,"regular","False",7,14,7,0,25,2,1,11,95,29.75,-5,"Loss",0.38461538461538464,0.6551724137931034,"Nebraska_2018",1.8620689655172413,0.5823008849557522
3,26,26,"regular","False",0,7,6,6,22,1,2,10,77,32.9,-5,"Loss",0.3125,0.7037037037037037,"Nebraska_2018",1.7777777777777777,0.5137362637362637
5,26,26,"regular","False",7,0,14,7,31,0,1,11,136,23.73,-14,"Loss",0.3333333333333333,0.5952380952380952,"Nebraska_2018",0.9285714285714286,0.44501718213058417
8,26,26,"regular","False",14,14,8,17,28,1,0,6,43,29.03,25,"Win",0.6666666666666666,0.8333333333333334,"Nebraska_2018",1.4333333333333333,0.5811836115326252
9,26,26,"regular","False",28,10,0,7,23,0,2,5,35,24.33,36,"Win",0.5,0.5483870967741935,"Nebraska_2018",1.064516129032258,0.4829059829059829
11,26,26,"regular","False",21,17,7,9,22,1,1,7,72,29.82,19,"Win",0.3333333333333333,0.7058823529411765,"Nebraska_2018",1.0,0.5214521452145214
12,26,26,"regular","False",0,0,0,9,14,2,0,5,45,25.35,3,"Win",0.2857142857142857,0.43243243243243246,"Nebraska_2018",0.8108108108108109,0.4153225806451613
1,26,24,"regular","False",7,7,14,7,15,2,1,8,64,25.78,14,"Win",0.4,0.5909090909090909,"Nebraska_2019",2.0,0.35507246376811596
3,26,26,"regular","False",10,20,7,7,22,1,0,1,15,22.03,36,"Win",0.46153846153846156,0.59375,"Nebraska_2019",1.03125,0.4533333333333333
5,5,26,"regular","False",0,0,7,0,15,0,3,6,57,23.1,-41,"Loss",0.3333333333333333,0.47058823529411764,"Nebraska_2019",2.2941176470588234,0.7965367965367965
6,26,26,"regular","False",7,3,0,3,12,0,0,8,74,28.65,3,"Win",0.3157894736842105,0.6,"Nebraska_2019",1.6,0.4169278996865204
9,26,26,"regular","False",14,7,3,7,26,2,0,6,44,27.53,-7,"Loss",0.46153846153846156,0.8695652173913043,"Nebraska_2019",2.1739130434782608,0.4280155642023346
12,14,26,"regular","False",7,7,7,0,23,0,1,3,31,25.33,-16,"Loss",0.5,0.5652173913043478,"Nebraska_2019",1.608695652173913,0.5537525354969574
14,17,26,"regular","False",3,7,14,0,18,1,1,3,25,33.85,-3,"Loss",0.38095238095238093,0.5217391304347826,"Nebraska_2019",2.4347826086956523,0.647887323943662
11,26,26,"regular","False",10,17,0,3,17,0,1,5,39,23.6,7,"Win",0.3333333333333333,0.6190476190476191,"Nebraska_2020",1.8571428571428572,0.4899328859060403
12,26,26,"regular","False",7,3,7,6,25,2,3,7,66,23.65,-18,"Loss",0.3333333333333333,0.6,"Nebraska_2020",1.4666666666666666,0.548469387755102
15,26,26,"regular","False",0,14,0,3,17,1,1,3,32,24.2,-7,"Loss",0.3076923076923077,0.5517241379310345,"Nebraska_2020",1.2413793103448276,0.6396103896103896
1,26,26,"regular","False",7,17,14,14,34,2,0,2,10,36.35,45,"Win",0.631578947368421,0.7,"Nebraska_2021",2.1666666666666665,0.5197472353870458
2,26,26,"regular","False",0,14,0,14,19,1,0,9,71,28.0,25,"Win",0.5333333333333333,0.7,"Nebraska_2021",2.05,0.4263565891472868
5,26,26,"regular","False",21,14,14,7,28,0,0,4,19,34.08,49,"Win",0.5555555555555556,0.7142857142857143,"Nebraska_2021",2.5238095238095237,0.649923896499239
6,9,26,"regular","False",0,0,22,7,19,1,1,6,47,25.6,-3,"Loss",0.2727272727272727,0.6428571428571429,"Nebraska_2021",1.1428571428571428,0.3248259860788863
9,26,26,"regular","False",7,10,0,6,19,0,4,4,38,21.37,-5,"Loss",0.4,0.4827586206896552,"Nebraska_2021",1.0,0.3258145363408521
10,5,26,"regular","False",0,10,7,0,18,0,1,6,60,26.13,-9,"Loss",0.15384615384615385,0.5161290322580645,"Nebraska_2021",1.096774193548387,0.31301939058171746
13,16,26,"regular","False",7,7,7,0,18,1,1,5,50,28.12,-7,"Loss",0.38461538461538464,0.7272727272727273,"Nebraska_2021",1.9545454545454546,0.3944954128440367
1,26,26,"regular","False",7,0,17,14,26,1,1,7,45,23.98,21,"Win",0.5454545454545454,0.6666666666666666,"Nebraska_2022",1.9523809523809523,0.5583524027459954
2,26,26,"regular","False",7,21,7,7,33,0,0,10,77,31.93,-3,"Loss",0.6923076923076923,0.6764705882352942,"Nebraska_2022",1.3823529411764706,0.4469565217391304
3,6,26,"regular","False",7,0,0,7,21,1,1,5,40,30.4,-35,"Loss",0.35294117647058826,0.6774193548387096,"Nebraska_2022",1.4516129032258065,0.4984709480122324
5,26,26,"regular","False",7,14,0,14,22,1,1,12,111,34.85,14,"Win",0.4375,0.6666666666666666,"Nebraska_2022",1.8888888888888888,0.2987012987012987
9,17,26,"regular","False",3,6,0,0,9,1,3,3,30,21.78,-17,"Loss",0.16666666666666666,0.4583333333333333,"Nebraska_2022",1.0416666666666667,0.24193548387096775
10,26,26,"regular","False",10,0,0,3,13,0,1,2,10,25.32,-7,"Loss",0.3125,0.4230769230769231,"Nebraska_2022",1.3461538461538463,0.5468164794007491
12,26,26,"regular","False",0,7,7,0,12,0,0,2,15,23.05,-1,"Loss",0.45454545454545453,0.6,"Nebraska_2022",1.45,0.38011695906432746
3,26,26,"regular","False",7,7,7,14,23,1,0,5,70,36.28,24,"Win",0.5714285714285714,0.5833333333333334,"Nebraska_2023",1.8333333333333333,0.5863874345549738
4,26,26,"regular","False",0,7,7,14,20,0,0,6,55,31.97,14,"Win",0.2727272727272727,0.4444444444444444,"Nebraska_2023",2.6666666666666665,0.7446300715990454
5,2,26,"regular","False",0,0,0,7,10,0,1,4,30,21.98,-38,"Loss",0.3,0.56,"Nebraska_2023",0.84,0.3475409836065574
8,26,26,"regular","False",3,7,0,7,14,0,2,3,30,29.13,8,"Win",0.3333333333333333,0.47058823529411764,"Nebraska_2023",2.2941176470588234,0.657258064516129
9,26,26,"regular","False",0,14,7,10,14,4,0,6,49,33.02,17,"Win",0.5,0.5454545454545454,"Nebraska_2023",4.363636363636363,0.5595667870036101
11,26,26,"regular","False",0,0,10,0,17,1,4,1,15,31.02,-3,"Loss",0.2222222222222222,0.47619047619047616,"Nebraska_2023",1.9047619047619047,0.6802973977695167
13,17,26,"regular","False",0,7,3,0,10,2,1,5,40,28.25,-3,"Loss",0.47058823529411764,0.5357142857142857,"Nebraska_2023",1.0714285714285714,0.2840909090909091
1,26,26,"regular","False",7,23,7,3,30,1,0,3,35,38.53,33,"Win",0.6470588235294118,0.6944444444444444,"Nebraska_2024",1.3055555555555556,0.43984220907297833
2,26,26,"regular","False",14,14,0,0,22,0,0,12,105,35.35,18,"Win",0.25,0.7666666666666667,"Nebraska_2024",1.1666666666666667,0.44610778443113774
3,26,23,"regular","False",7,14,6,7,22,0,1,4,44,21.88,31,"Win",0.5714285714285714,0.7692307692307693,"Nebraska_2024",0.8461538461538461,0.33569739952718675
4,24,22,"regular","False",10,7,0,7,20,0,1,10,89,30.35,-7,"Loss",0.5333333333333333,0.6857142857142857,"Nebraska_2024",0.9428571428571428,0.1391304347826087
6,26,26,"regular","False",7,7,0,0,15,0,1,7,37,31.58,7,"Win",0.3684210526315789,0.5,"Nebraska_2024",1.5,0.3716475095785441
10,26,26,"regular","False",0,7,7,6,21,0,2,2,15,30.77,-7,"Loss",0.5294117647058824,0.47058823529411764,"Nebraska_2024",1.1176470588235294,0.35093167701863354
13,26,26,"regular","False",7,17,10,10,29,1,0,4,48,33.12,19,"Win",0.4444444444444444,0.7368421052631579,"Nebraska_2024",0.9473684210526315,0.38054968287526425
17,26,26,"post","True",0,13,7,0,21,1,1,6,55,31.27,5,"Win",0.2727272727272727,0.7419354838709677,"Nebraska_2024",1.064516129032258,0.3608815426997245
1,26,26,"regular","False",0,7,14,3,22,0,2,1,0,28.43,-7,"Loss",0.4,0.5333333333333333,"Northwestern_2014",0.8,0.3050847457627119
2,26,26,"regular","False",0,0,7,8,21,0,1,9,93,31.47,-8,"Loss",0.6086956521739131,0.6511627906976745,"Northwestern_2014",0.8604651162790697,0.18274111675126903
4,26,26,"regular","False",7,7,7,3,15,2,0,5,35,27.05,17,"Win",0.21428571428571427,0.6,"Northwestern_2014",1.64,0.5865724381625441
6,17,26,"regular","False",3,7,7,3,22,0,0,4,20,30.55,6,"Win",0.3125,0.5172413793103449,"Northwestern_2014",1.5862068965517242,0.5272727272727272
8,19,26,"regular","False",7,10,0,0,21,0,1,8,65,27.07,-21,"Loss",0.3125,0.46153846153846156,"Northwestern_2014",0.8717948717948718,0.40344827586206894
11,26,26,"regular","False",0,0,0,9,18,1,2,3,10,39.23,-1,"Loss",0.47619047619047616,0.6530612244897959,"Northwestern_2014",0.7142857142857143,-0.03409090909090909
14,26,26,"regular","False",0,7,10,16,19,2,3,4,48,25.38,-14,"Loss",0.4117647058823529,0.5714285714285714,"Northwestern_2014",0.9047619047619048,0.41397849462365593
1,21,26,"regular","False",3,7,0,6,17,0,0,5,57,31.87,10,"Win",0.5454545454545454,0.48,"Northwestern_2015",2.16,0.6818181818181818
2,26,26,"regular","False",10,17,14,0,28,1,0,3,26,37.08,41,"Win",0.5882352941176471,0.6875,"Northwestern_2015",4.3125,0.6935483870967742
4,26,17,"regular","False",0,7,17,0,23,2,1,8,57,33.42,5,"Win",0.5909090909090909,0.5806451612903226,"Northwestern_2015",1.8387096774193548,0.5311355311355311
5,26,16,"regular","False",3,7,10,7,16,0,0,3,20,34.03,27,"Win",0.4117647058823529,0.7368421052631579,"Northwestern_2015",2.6842105263157894,0.5897435897435898
7,17,20,"regular","False",0,10,0,0,13,2,1,5,55,22.63,-30,"Loss",0.42105263157894735,0.46511627906976744,"Northwestern_2015",0.6046511627906976,0.25757575757575757
10,26,21,"regular","False",0,20,0,3,22,0,1,7,80,29.32,2,"Win",0.35294117647058826,0.5,"Northwestern_2015",1.46875,0.5732323232323232
11,26,18,"regular","False",7,7,0,7,21,1,2,4,23,31.62,7,"Win",0.47058823529411764,0.4583333333333333,"Northwestern_2015",2.0,0.6544502617801047
1,26,26,"regular","False",7,0,7,7,15,1,0,2,20,20.93,-1,"Loss",0.4,0.6818181818181818,"Northwestern_2016",1.4090909090909092,0.38557993730407525
2,26,26,"regular","False",0,0,0,7,16,0,0,6,70,25.7,-2,"Loss",0.2777777777777778,0.4146341463414634,"Northwestern_2016",0.7560975609756098,0.3104693140794224
3,26,26,"regular","False",7,0,10,7,22,0,2,5,37,32.88,11,"Win",0.42105263157894735,0.46153846153846156,"Northwestern_2016",1.1282051282051282,0.21182266009852216
4,20,26,"regular","False",0,7,6,0,23,0,2,4,36,24.62,-11,"Loss",0.35714285714285715,0.6578947368421053,"Northwestern_2016",0.8421052631578947,0.35309278350515466
8,26,26,"regular","False",14,10,0,0,26,0,0,6,43,31.13,10,"Win",0.29411764705882354,0.5454545454545454,"Northwestern_2016",1.0,0.3014705882352941
10,8,26,"regular","False",0,7,0,0,14,1,0,5,28,19.58,-14,"Loss",0.2777777777777778,0.5384615384615384,"Northwestern_2016",0.36538461538461536,0.12341772151898735
13,26,26,"regular","False",14,7,14,7,22,1,0,5,50,29.53,21,"Win",0.42857142857142855,0.65,"Northwestern_2016",2.45,0.6967418546365914
17,23,26,"post","True",0,14,7,10,27,1,1,4,35,35.37,7,"Win",0.47368421052631576,0.6388888888888888,"Northwestern_2016",1.3888888888888888,0.5367965367965368
1,26,26,"regular","False",7,0,10,14,26,1,1,8,90,38.92,11,"Win",0.42105263157894735,0.7368421052631579,"Northwestern_2017",1.3157894736842106,0.30708661417322836
3,26,26,"regular","False",14,21,0,14,30,2,0,4,23,30.08,42,"Win",0.7272727272727273,0.7741935483870968,"Northwestern_2017",1.3870967741935485,0.4469026548672566
6,4,26,"regular","False",0,0,0,7,15,1,2,8,74,25.93,-24,"Loss",0.2631578947368421,0.5348837209302325,"Northwestern_2017",0.6976744186046512,0.2528301886792453
8,26,26,"regular","False",0,0,7,3,21,0,0,5,40,29.27,7,"Win",0.25,0.5833333333333334,"Northwestern_2017",1.2777777777777777,0.4336283185840708
9,16,26,"regular","False",0,10,0,7,28,1,0,1,9,25.02,8,"Win",0.4666666666666667,0.68,"Northwestern_2017",0.56,0.14814814814814814
11,26,25,"regular","False",0,14,6,3,22,0,0,4,40,32.78,10,"Win",0.4090909090909091,0.5652173913043478,"Northwestern_2017",0.8260869565217391,0.24102564102564103
12,26,23,"regular","False",0,25,7,7,22,0,0,3,30,34.1,39,"Win",0.42857142857142855,0.6923076923076923,"Northwestern_2017",4.230769230769231,0.7630853994490359
17,26,21,"post","True",3,14,0,7,20,0,0,7,70,35.87,1,"Win",0.3333333333333333,0.42857142857142855,"Northwestern_2017",2.6666666666666665,0.753393665158371
2,26,26,"regular","False",7,0,0,0,23,0,2,2,20,31.48,-14,"Loss",0.45,0.5535714285714286,"Northwestern_2018",0.5714285714285714,0.25984251968503935
3,26,26,"regular","False",7,14,7,6,29,1,2,3,35,29.83,-5,"Loss",0.3333333333333333,0.6379310344827587,"Northwestern_2018",0.6206896551724138,0.17515274949083504
5,14,26,"regular","False",10,7,0,0,15,0,0,2,25,25.32,-3,"Loss",0.38461538461538464,0.5517241379310345,"Northwestern_2018",1.1724137931034482,0.13861386138613863
7,26,26,"regular","False",0,14,0,17,30,0,2,1,5,29.88,3,"Win",0.4444444444444444,0.6307692307692307,"Northwestern_2018",0.35384615384615387,0.06570841889117043
9,20,26,"regular","False",7,7,10,7,19,0,3,3,20,33.63,14,"Win",0.47058823529411764,0.5666666666666667,"Northwestern_2018",1.6333333333333333,0.5214899713467048
10,4,26,"regular","False",0,7,0,14,16,0,0,0,0,30.4,-10,"Loss",0.3333333333333333,0.5517241379310345,"Northwestern_2018",1.3793103448275863,0.43373493975903615
13,26,19,"regular","False",7,14,3,0,19,0,0,1,15,28.9,8,"Win",0.6153846153846154,0.6666666666666666,"Northwestern_2018",2.5555555555555554,0.7035040431266847
3,26,26,"regular","False",10,6,7,7,26,0,1,8,78,32.63,16,"Win",0.35714285714285715,0.48,"Northwestern_2019",2.0,0.6258503401360545
4,26,26,"regular","False",0,3,0,7,17,0,3,3,25,31.77,-21,"Loss",0.4,0.5135135135135135,"Northwestern_2019",1.1891891891891893,0.5245283018867924
8,4,26,"regular","False",3,0,0,0,14,0,2,8,76,32.37,-49,"Loss",0.2777777777777778,0.2857142857142857,"Northwestern_2019",2.238095238095238,0.7889447236180904
9,20,26,"regular","False",0,0,0,0,13,0,1,2,21,26.48,-20,"Loss",0.35294117647058826,0.5625,"Northwestern_2019",1.09375,0.31683168316831684
11,26,26,"regular","False",14,2,0,6,24,1,1,9,86,32.9,-2,"Loss",0.4,0.6129032258064516,"Northwestern_2019",1.4516129032258065,0.5770114942528736
12,26,26,"regular","False",0,21,3,21,16,1,2,0,0,29.87,39,"Win",0.5,0.5384615384615384,"Northwestern_2019",4.0,0.8146341463414634
13,10,26,"regular","False",0,9,7,6,14,0,0,5,36,28.7,-16,"Loss",0.4666666666666667,0.6666666666666666,"Northwestern_2019",4.083333333333333,0.5739910313901345
8,26,26,"regular","False",14,16,7,6,31,0,0,5,48,37.35,40,"Win",0.5,0.7666666666666667,"Northwestern_2020",1.7666666666666666,0.6052141527001862
10,26,26,"regular","False",7,0,7,7,14,0,2,8,64,27.55,8,"Win",0.4375,0.5925925925925926,"Northwestern_2020",1.4074074074074074,0.4668769716088328
12,10,19,"regular","False",7,7,0,3,16,1,0,1,5,22.98,10,"Win",0.13333333333333333,0.5333333333333333,"Northwestern_2020",0.5111111111111111,0.09125475285171103
15,26,14,"regular","False",0,14,14,0,23,1,0,6,40,34.58,18,"Win",0.4,0.5833333333333334,"Northwestern_2020",4.833333333333333,0.8336713995943205
17,26,14,"post","True",14,0,7,14,25,0,0,7,68,35.7,16,"Win",0.4117647058823529,0.6857142857142857,"Northwestern_2020",1.457142857142857,0.36323851203501095
1,26,26,"regular","False",0,7,0,14,20,0,0,6,40,35.7,-17,"Loss",0.42105263157894735,0.6976744186046512,"Northwestern_2021",0.8837209302325582,0.2925
2,26,26,"regular","False",14,0,3,7,18,1,1,5,55,29.63,18,"Win",0.38461538461538464,0.5625,"Northwestern_2021",2.875,0.76
4,26,26,"regular","False",14,3,0,18,22,1,0,4,32,31.17,29,"Win",0.5333333333333333,0.6,"Northwestern_2021",2.55,0.8091106290672451
7,26,26,"regular","False",7,7,0,7,21,0,0,4,50,32.98,14,"Win",0.29411764705882354,0.5454545454545454,"Northwestern_2021",1.4545454545454546,0.3358208955223881
9,26,26,"regular","False",0,7,0,7,13,1,0,4,33,19.85,-27,"Loss",0.36363636363636365,0.5,"Northwestern_2021",1.4090909090909092,0.5933609958506224
10,22,26,"regular","False",0,3,3,6,20,0,3,8,65,28.92,-5,"Loss",0.3333333333333333,0.5681818181818182,"Northwestern_2021",0.7045454545454546,0.256198347107438
12,26,26,"regular","True",0,7,7,0,19,0,1,4,44,31.55,-18,"Loss",0.4166666666666667,0.72,"Northwestern_2021",1.76,0.4752475247524752
1,26,26,"regular","True",3,14,7,7,25,1,0,8,65,34.23,3,"Win",0.4117647058823529,0.7105263157894737,"Northwestern_2022",1.236842105263158,0.4053030303030303
2,26,26,"regular","False",0,10,6,7,29,2,1,4,51,34.8,-8,"Loss",0.29411764705882354,0.6,"Northwestern_2022",0.5666666666666667,0.1487279843444227
3,26,26,"regular","False",7,7,0,10,24,2,2,6,45,28.97,-7,"Loss",0.35294117647058826,0.627906976744186,"Northwestern_2022",1.0232558139534884,0.4394736842105263
4,26,26,"regular","False",7,0,0,7,17,2,0,6,62,27.82,-3,"Loss",0.4117647058823529,0.5909090909090909,"Northwestern_2022",0.7045454545454546,0.29395604395604397
6,26,26,"regular","False",0,0,0,7,18,1,2,2,20,25.73,-35,"Loss",0.23076923076923078,0.5365853658536586,"Northwestern_2022",0.6585365853658537,0.2309941520467836
10,2,26,"regular","False",7,0,0,0,17,0,0,4,27,36.43,-14,"Loss",0.45,0.5882352941176471,"Northwestern_2022",3.4705882352941178,0.7228070175438597
13,26,26,"regular","False",0,0,0,3,22,1,5,5,44,33.35,-38,"Loss",0.375,0.5483870967741935,"Northwestern_2022",1.5806451612903225,0.4797507788161994
2,26,26,"regular","False",7,0,21,10,17,0,0,4,33,28.65,31,"Win",0.5454545454545454,0.65,"Northwestern_2023",1.95,0.47058823529411764
4,26,26,"regular","False",0,7,3,21,25,1,0,8,87,29.83,3,"Win",0.47058823529411764,0.6666666666666666,"Northwestern_2023",0.5686274509803921,0.18699186991869918
5,6,26,"regular","False",3,7,0,3,12,0,1,4,18,27.87,-28,"Loss",0.3125,0.5161290322580645,"Northwestern_2023",1.032258064516129,0.2571428571428571
6,26,26,"regular","False",9,7,7,0,21,0,0,8,46,30.43,3,"Win",0.5384615384615384,0.7222222222222222,"Northwestern_2023",2.5555555555555554,0.5801282051282052
9,26,26,"regular","False",14,10,3,6,19,0,0,8,69,30.78,6,"Win",0.2,0.6956521739130435,"Northwestern_2023",1.7391304347826086,0.27197802197802196
10,26,26,"regular","True",0,0,0,7,12,0,0,7,71,29.7,-3,"Loss",0.35294117647058826,0.6,"Northwestern_2023",2.05,0.5235294117647059
12,26,26,"regular","False",6,0,10,7,12,0,1,4,30,25.28,8,"Win",0.3333333333333333,0.52,"Northwestern_2023",1.36,0.3009118541033435
17,26,26,"post","True",0,7,0,7,18,0,0,4,30,25.65,7,"Win",0.35294117647058826,0.6153846153846154,"Northwestern_2023",0.7948717948717948,0.22413793103448276
1,26,26,"regular","False",3,0,7,3,20,2,0,4,35,31.37,7,"Win",0.45454545454545453,0.6,"Northwestern_2024",1.0333333333333334,0.4573170731707317
2,26,26,"regular","False",3,7,0,3,19,1,1,7,57,31.22,-6,"Loss",0.1875,0.5428571428571428,"Northwestern_2024",1.0857142857142856,0.4583333333333333
3,26,26,"regular","False",7,7,10,7,22,0,0,6,39,35.53,24,"Win",0.36363636363636365,0.65625,"Northwestern_2024",1.09375,0.45111111111111113
6,23,26,"regular","False",0,10,7,7,17,0,0,3,20,27.85,-17,"Loss",0.38461538461538464,0.6052631578947368,"Northwestern_2024",0.5789473684210527,0.2767857142857143
8,26,26,"regular","False",0,0,3,0,9,1,0,6,45,27.15,-20,"Loss",0.14285714285714285,0.375,"Northwestern_2024",1.2916666666666667,0.6076555023923444
12,2,26,"regular","False",0,7,0,0,17,1,0,2,10,32.0,-24,"Loss",0.375,0.5833333333333334,"Northwestern_2024",0.7777777777777778,0.22393822393822393
14,23,26,"regular","True",10,0,10,8,28,1,3,2,10,34.53,-10,"Loss",0.47368421052631576,0.47540983606557374,"Northwestern_2024",0.47540983606557374,0.25565610859728505
2,26,8,"regular","False",7,0,7,7,19,0,3,7,62,26.08,-14,"Loss",0.25,0.3103448275862069,"Ohio State_2014",1.3793103448275863,0.3302752293577982
3,26,22,"regular","False",21,24,14,7,33,2,1,6,63,34.02,66,"Win",0.6666666666666666,0.7352941176470589,"Ohio State_2014",1.5588235294117647,0.45222929936305734
5,26,22,"regular","False",23,7,13,7,45,1,0,7,40,41.92,22,"Win",0.6428571428571429,0.7222222222222222,"Ohio State_2014",1.8055555555555556,0.5352112676056338
8,26,13,"regular","False",14,21,21,0,31,1,0,4,28,28.15,39,"Win",0.5555555555555556,0.6129032258064516,"Ohio State_2014",1.2903225806451613,0.5538461538461539
10,26,16,"regular","False",17,14,17,7,28,1,0,6,56,30.72,41,"Win",0.5833333333333334,0.5882352941176471,"Ohio State_2014",1.2941176470588236,0.5431192660550459
13,26,6,"regular","False",14,0,7,21,24,1,2,3,25,33.7,15,"Win",0.5,0.7142857142857143,"Ohio State_2014",1.1142857142857143,0.4269449715370019
14,26,6,"regular","False",7,7,14,14,20,0,0,9,84,25.68,14,"Win",0.5384615384615384,0.625,"Ohio State_2014",1.625,0.5600961538461539
15,13,5,"regular","True",14,24,7,14,24,0,0,5,44,26.08,59,"Win",0.25,0.6666666666666666,"Ohio State_2014",2.111111111111111,0.5394265232974911
17,1,4,"post","True",6,14,14,8,23,1,1,4,24,31.32,7,"Win",0.5555555555555556,0.5277777777777778,"Ohio State_2014",1.1666666666666667,0.5232774674115456
17,2,4,"post","True",14,7,7,14,28,3,1,5,30,37.48,22,"Win",0.5333333333333333,0.6956521739130435,"Ohio State_2014",2.652173913043478,0.550185873605948
2,26,1,"regular","False",7,7,3,21,26,0,0,7,55,35.53,38,"Win",0.47058823529411764,0.5882352941176471,"Ohio State_2015",1.4411764705882353,0.5013774104683195
3,26,1,"regular","False",3,7,10,0,14,2,3,7,44,27.57,7,"Win",0.15384615384615385,0.5517241379310345,"Ohio State_2015",1.2758620689655173,0.5436241610738255
4,26,1,"regular","False",7,17,7,7,25,0,2,12,86,22.77,26,"Win",0.6153846153846154,0.5555555555555556,"Ohio State_2015",0.9444444444444444,0.436399217221135
6,26,1,"regular","False",7,14,14,14,31,0,0,6,45,30.4,21,"Win",0.45454545454545453,0.7666666666666667,"Ohio State_2015",1.5666666666666667,0.36472945891783565
7,26,1,"regular","False",0,21,0,17,25,0,0,5,70,32.33,28,"Win",0.45454545454545453,0.6842105263157895,"Ohio State_2015",2.6315789473684212,0.7342657342657343
10,26,3,"regular","False",0,14,7,7,18,1,0,5,45,28.53,14,"Win",0.4375,0.5454545454545454,"Ohio State_2015",2.0,0.5026595744680851
12,9,3,"regular","False",0,7,7,0,5,0,0,4,20,21.83,-3,"Loss",0.2857142857142857,0.5625,"Ohio State_2015",1.8125,0.6515151515151515
17,8,7,"post","True",14,14,7,9,27,0,1,4,45,32.75,16,"Win",0.5555555555555556,0.6129032258064516,"Ohio State_2015",1.7419354838709677,0.5745967741935484
1,26,6,"regular","False",21,14,21,21,41,0,1,9,66,38.58,67,"Win",0.8461538461538461,0.6923076923076923,"Ohio State_2016",1.4102564102564104,0.46262886597938147
2,26,4,"regular","False",3,17,14,14,20,1,0,9,67,33.88,45,"Win",0.35714285714285715,0.6363636363636364,"Ohio State_2016",2.1818181818181817,0.6426858513189448
5,26,2,"regular","False",6,24,21,7,32,0,1,6,64,38.8,58,"Win",0.625,0.6944444444444444,"Ohio State_2016",1.4722222222222223,0.6128550074738416
6,26,2,"regular","False",3,21,7,7,18,1,1,9,83,32.97,21,"Win",0.35714285714285715,0.42857142857142855,"Ohio State_2016",2.380952380952381,0.7571801566579635
9,26,6,"regular","False",10,7,0,7,23,0,0,2,10,32.67,4,"Win",0.5882352941176471,0.65625,"Ohio State_2016",1.28125,0.48259860788863107
10,10,6,"regular","False",14,17,24,7,34,1,0,4,35,37.3,59,"Win",0.7333333333333333,0.7272727272727273,"Ohio State_2016",0.9545454545454546,0.4033898305084746
13,3,2,"regular","False",0,7,7,3,24,0,1,2,6,28.78,3,"Win",0.1875,0.46875,"Ohio State_2016",1.5625,0.6242424242424243
2,5,2,"regular","False",0,3,10,3,21,0,1,9,87,24.72,-15,"Loss",0.4666666666666667,0.5428571428571428,"Ohio State_2017",0.9714285714285714,0.47714285714285715
3,26,8,"regular","False",14,3,14,7,30,0,0,5,55,23.05,31,"Win",0.5,0.7837837837837838,"Ohio State_2017",0.8648648648648649,0.46075085324232085
4,26,10,"regular","False",16,28,10,0,34,2,1,8,85,26.8,33,"Win",0.2727272727272727,0.7045454545454546,"Ohio State_2017",0.9090909090909091,0.286144578313253
6,26,10,"regular","False",20,21,14,7,33,2,0,8,85,32.4,48,"Win",0.5833333333333334,0.6388888888888888,"Ohio State_2017",1.3888888888888888,0.4811643835616438
9,2,6,"regular","False",3,14,3,19,27,2,0,10,79,29.12,1,"Win",0.4166666666666667,0.8461538461538461,"Ohio State_2017",1.0,0.3799621928166352
11,12,13,"regular","False",14,21,13,0,25,0,2,2,27,25.27,45,"Win",0.5833333333333334,0.6521739130434783,"Ohio State_2017",1.826086956521739,0.6393129770992366
12,26,9,"regular","False",28,10,7,7,27,1,0,7,68,37.27,38,"Win",0.5555555555555556,0.5517241379310345,"Ohio State_2017",2.0344827586206895,0.5985267034990792
17,8,5,"post","True",7,17,0,0,13,1,0,3,30,25.07,17,"Win",0.16666666666666666,0.6470588235294118,"Ohio State_2017",2.235294117647059,0.5884476534296029
1,26,5,"regular","False",21,21,14,21,35,1,1,6,50,31.27,46,"Win",0.8,0.7352941176470589,"Ohio State_2018",1.5588235294117647,0.5201109570041609
2,26,4,"regular","False",14,21,10,7,31,0,0,11,120,31.62,49,"Win",0.6428571428571429,0.9090909090909091,"Ohio State_2018",1.2121212121212122,0.38860103626943004
4,26,4,"regular","False",21,21,0,7,32,0,0,10,89,29.0,43,"Win",0.5,0.8157894736842105,"Ohio State_2018",1.0,0.2649122807017544
6,26,3,"regular","False",7,21,7,14,33,1,2,9,82,36.7,23,"Win",0.5,0.75,"Ohio State_2018",1.0909090909090908,0.25287356321839083
7,26,3,"regular","False",10,7,3,10,29,0,0,5,36,31.75,16,"Win",0.42857142857142855,0.75,"Ohio State_2018",0.7272727272727273,0.18253968253968253
10,26,10,"regular","False",16,0,14,6,23,2,1,6,46,26.45,5,"Win",0.3333333333333333,0.5625,"Ohio State_2018",1.25,0.4760914760914761
13,4,10,"regular","False",7,17,17,21,28,1,0,12,150,24.6,23,"Win",0.45454545454545453,0.6451612903225806,"Ohio State_2018",1.1612903225806452,0.30158730158730157
14,21,6,"regular","True",14,10,7,14,31,1,1,9,90,35.87,21,"Win",0.5555555555555556,0.8292682926829268,"Ohio State_2018",1.1219512195121952,0.17792421746293247
17,9,6,"post","True",7,14,7,0,22,0,0,9,53,24.97,5,"Win",0.23076923076923078,0.6756756756756757,"Ohio State_2018",0.8648648648648649,0.31043956043956045
1,26,5,"regular","False",28,0,7,10,24,2,0,7,62,32.05,24,"Win",0.5,0.7307692307692307,"Ohio State_2019",1.8461538461538463,0.5053304904051172
2,26,5,"regular","False",7,21,7,7,31,0,0,2,25,31.35,42,"Win",0.6363636363636364,0.8148148148148148,"Ohio State_2019",1.7037037037037037,0.531496062992126
4,26,6,"regular","False",7,42,14,13,30,1,0,6,52,27.03,71,"Win",0.2,0.7333333333333333,"Ohio State_2019",1.4,0.3777038269550749
6,25,4,"regular","False",3,24,0,7,22,1,1,10,85,31.62,24,"Win",0.5333333333333333,0.68,"Ohio State_2019",1.96,0.610586011342155
9,13,3,"regular","False",0,10,14,14,24,0,0,2,15,31.97,31,"Win",0.6428571428571429,0.5454545454545454,"Ohio State_2019",2.272727272727273,0.6125290023201856
11,26,1,"regular","False",21,21,10,21,40,1,0,13,141,36.68,59,"Win",0.6428571428571429,0.6842105263157895,"Ohio State_2019",1.4736842105263157,0.5432624113475177
13,8,2,"regular","False",7,7,7,7,27,3,0,4,25,34.25,11,"Win",0.5384615384615384,0.7272727272727273,"Ohio State_2019",2.772727272727273,0.5491606714628298
17,3,2,"post","True",10,6,0,7,28,0,2,8,77,33.45,-6,"Loss",0.3888888888888889,0.6521739130434783,"Ohio State_2019",0.8478260869565217,0.3798449612403101
8,26,5,"regular","False",14,10,14,14,28,1,0,3,14,33.23,35,"Win",0.6153846153846154,0.9523809523809523,"Ohio State_2020",2.2857142857142856,0.4378818737270876
10,26,3,"regular","False",7,28,7,7,25,1,0,9,74,31.15,22,"Win",0.5833333333333334,0.8571428571428571,"Ohio State_2020",1.3214285714285714,0.39264990328820115
12,9,3,"regular","False",7,21,14,0,27,0,3,3,35,36.4,7,"Win",0.42857142857142855,0.6,"Ohio State_2020",1.6666666666666667,0.5057660626029654
16,14,4,"regular","True",3,3,7,9,24,0,2,5,45,31.33,12,"Win",0.36363636363636365,0.4444444444444444,"Ohio State_2020",1.6296296296296295,0.7777777777777778
2,12,3,"regular","False",0,7,7,14,32,0,1,8,71,30.23,-7,"Loss",0.4,0.6481481481481481,"Ohio State_2021",0.5740740740740741,0.20915032679738563
3,26,9,"regular","False",3,10,14,14,24,1,1,8,81,28.43,21,"Win",0.5454545454545454,0.6,"Ohio State_2021",1.64,0.6358267716535433
4,26,10,"regular","False",14,24,14,7,26,0,1,8,95,23.33,52,"Win",0.7272727272727273,0.6923076923076923,"Ohio State_2021",1.3461538461538463,0.38102893890675243
6,26,7,"regular","False",14,21,21,10,29,0,0,4,40,25.27,49,"Win",0.6363636363636364,0.6842105263157895,"Ohio State_2021",0.868421052631579,0.27759197324414714
9,20,5,"regular","False",3,14,10,6,22,1,0,10,74,30.17,9,"Win",0.35714285714285715,0.6470588235294118,"Ohio State_2021",1.0,0.34549356223175964
11,19,4,"regular","False",21,24,7,7,30,0,0,5,50,31.35,28,"Win",0.5714285714285714,0.8157894736842105,"Ohio State_2021",0.8157894736842105,0.421474358974359
12,7,4,"regular","False",21,28,0,7,36,0,1,1,5,37.97,49,"Win",0.6,0.8372093023255814,"Ohio State_2021",1.0,0.3145038167938931
17,11,6,"post","True",0,21,10,17,28,1,1,7,70,25.72,3,"Win",0.4444444444444444,0.7872340425531915,"Ohio State_2021",0.425531914893617,0.16105417276720352
1,5,2,"regular","False",7,0,7,7,22,0,0,7,75,32.98,11,"Win",0.5384615384615384,0.7058823529411765,"Ohio State_2022",1.0294117647058822,0.43544303797468353
2,26,3,"regular","False",14,10,21,0,19,1,0,9,85,22.27,33,"Win",0.45454545454545453,0.6785714285714286,"Ohio State_2022",0.9285714285714286,0.31226765799256506
3,26,3,"regular","False",28,14,14,21,36,0,0,1,5,35.43,56,"Win",0.8461538461538461,0.7941176470588235,"Ohio State_2022",1.2941176470588236,0.36828309305373524
4,26,3,"regular","False",21,10,14,7,28,0,1,3,27,33.03,31,"Win",0.6363636363636364,0.6296296296296297,"Ohio State_2022",1.5925925925925926,0.47866419294990725
5,26,3,"regular","False",14,14,14,7,25,1,1,6,41,26.92,39,"Win",0.5,0.6,"Ohio State_2022",1.36,0.6101694915254238
8,26,2,"regular","False",16,10,14,14,16,1,1,5,45,30.77,44,"Win",0.23076923076923078,0.6875,"Ohio State_2022",0.9375,0.18333333333333332
11,26,2,"regular","False",21,7,14,14,27,1,0,3,15,33.32,42,"Win",0.5,0.6333333333333333,"Ohio State_2022",1.4333333333333333,0.513595166163142
13,3,2,"regular","False",10,10,0,3,23,0,2,9,91,31.77,-22,"Loss",0.3125,0.6458333333333334,"Ohio State_2022",0.6041666666666666,0.29065040650406504
2,26,5,"regular","False",14,14,7,0,23,0,0,6,65,26.0,28,"Win",0.4166666666666667,0.6363636363636364,"Ohio State_2023",0.8181818181818182,0.2551867219917012
3,26,6,"regular","False",7,35,7,14,24,1,1,5,40,27.43,53,"Win",0.5,0.8148148148148148,"Ohio State_2023",1.2222222222222223,0.36298932384341637
6,26,4,"regular","False",0,10,10,17,19,0,0,10,81,29.93,20,"Win",0.25,0.6551724137931034,"Ohio State_2023",1.1379310344827587,0.16230366492146597
8,7,3,"regular","False",3,7,0,10,22,1,0,6,54,34.4,8,"Win",0.375,0.6285714285714286,"Ohio State_2023",1.1714285714285715,0.21643835616438356
11,26,1,"regular","False",14,21,3,0,25,0,0,3,25,31.2,35,"Win",0.45454545454545453,0.7647058823529411,"Ohio State_2023",0.9411764705882353,0.3339622641509434
12,26,2,"regular","False",7,6,17,7,23,0,0,5,43,31.37,34,"Win",0.625,0.6875,"Ohio State_2023",1.09375,0.49539170506912444
17,9,7,"post","True",3,0,0,0,12,1,0,8,57,26.12,-11,"Loss",0.13333333333333333,0.4166666666666667,"Ohio State_2023",1.375,0.47783251231527096
1,26,2,"regular","False",7,10,21,14,24,0,0,7,45,25.95,46,"Win",0.6428571428571429,0.5806451612903226,"Ohio State_2024",1.064516129032258,0.4207920792079208
2,26,2,"regular","False",21,14,14,7,30,0,0,6,58,34.6,56,"Win",0.3,0.7575757575757576,"Ohio State_2024",1.1818181818181819,0.39970717423133234
4,26,3,"regular","False",7,21,14,7,23,0,1,5,54,23.75,35,"Win",0.5,0.6923076923076923,"Ohio State_2024",1.1923076923076923,0.492091388400703
6,26,3,"regular","False",7,0,21,7,21,1,1,1,10,34.77,28,"Win",0.6363636363636364,0.84,"Ohio State_2024",1.6,0.49271844660194175
9,26,4,"regular","False",7,7,0,7,11,0,1,3,36,24.88,4,"Win",0.1,0.8125,"Ohio State_2024",1.9375,0.22456140350877193
11,26,2,"regular","False",7,14,17,7,24,0,0,3,44,30.82,45,"Win",0.4166666666666667,0.6774193548387096,"Ohio State_2024",1.1290322580645162,0.3995381062355658
13,5,2,"regular","False",0,14,14,10,14,0,1,8,58,29.33,23,"Win",0.36363636363636365,0.8461538461538461,"Ohio State_2024",1.1153846153846154,0.3639240506329114
14,26,2,"regular","False",3,7,0,0,16,0,2,2,19,26.42,-3,"Loss",0.375,0.5757575757575758,"Ohio State_2024",0.7878787878787878,0.3055555555555556
17,9,8,"post","False",21,0,14,7,24,0,1,3,25,32.83,25,"Win",0.4444444444444444,0.8064516129032258,"Ohio State_2024",1.064516129032258,0.3298097251585624
1,26,4,"regular","False",21,10,10,7,26,1,1,3,34,28.9,32,"Win",0.38461538461538464,0.5588235294117647,"Oklahoma_2014",1.1764705882352942,0.4197247706422018
3,26,4,"regular","False",13,7,7,7,21,1,1,5,41,38.2,24,"Win",0.25,0.6060606060606061,"Oklahoma_2014",1.0303030303030303,0.32158590308370044
7,26,11,"regular","True",7,10,7,7,11,0,0,3,20,22.03,5,"Win",0.09090909090909091,0.6,"Oklahoma_2014",1.5,0.44396551724137934
8,14,11,"regular","False",7,10,7,6,30,0,2,3,19,32.12,-1,"Loss",0.6363636363636364,0.7777777777777778,"Oklahoma_2014",1.1666666666666667,0.3714821763602251
11,12,15,"regular","False",14,0,0,0,13,0,1,7,59,24.62,-34,"Loss",0.3076923076923077,0.4482758620689655,"Oklahoma_2014",1.1379310344827587,0.5360501567398119
13,26,21,"regular","False",10,14,17,3,19,2,0,4,25,31.28,37,"Win",0.2857142857142857,0.23076923076923078,"Oklahoma_2014",4.230769230769231,0.9289617486338798
15,26,20,"regular","False",7,21,0,7,21,1,0,3,28,37.12,-3,"Loss",0.47058823529411764,0.5882352941176471,"Oklahoma_2014",3.7058823529411766,0.7169811320754716
1,26,19,"regular","False",3,14,21,3,26,1,1,9,90,27.2,38,"Win",0.3076923076923077,0.6666666666666666,"Oklahoma_2015",0.7857142857142857,0.18552875695732837
3,26,16,"regular","False",17,14,14,7,38,2,0,8,85,32.38,14,"Win",0.5454545454545454,0.8421052631578947,"Oklahoma_2015",1.236842105263158,0.36998706338939197
5,23,15,"regular","False",7,17,10,10,16,1,1,12,134,26.82,20,"Win",0.16666666666666666,0.56,"Oklahoma_2015",1.32,0.2505854800936768
8,26,17,"regular","False",14,14,21,14,35,1,1,3,34,31.67,36,"Win",0.7692307692307693,0.6818181818181818,"Oklahoma_2015",2.590909090909091,0.6564019448946515
10,26,15,"regular","False",21,0,17,14,28,1,0,2,10,26.47,36,"Win",0.4,0.7575757575757576,"Oklahoma_2015",1.1818181818181819,0.40789473684210525
12,18,7,"regular","False",7,16,7,0,28,0,1,8,90,36.62,1,"Win",0.2,0.3783783783783784,"Oklahoma_2015",1.5945945945945945,0.621268656716418
2,26,14,"regular","False",21,21,3,14,30,1,0,4,30,30.72,42,"Win",0.4444444444444444,0.7428571428571429,"Oklahoma_2016",1.3142857142857143,0.45
3,3,14,"regular","False",7,10,7,0,19,0,2,4,28,24.18,-21,"Loss",0.38461538461538464,0.53125,"Oklahoma_2016",1.125,0.4392059553349876
6,26,20,"regular","True",7,7,21,10,28,2,2,5,55,35.67,5,"Win",0.5714285714285714,0.7096774193548387,"Oklahoma_2016",1.7741935483870968,0.41964285714285715
7,26,19,"regular","False",14,10,7,7,24,0,1,3,35,29.03,21,"Win",0.5384615384615384,0.8125,"Oklahoma_2016",1.03125,0.27058823529411763
9,26,16,"regular","False",7,21,28,0,24,1,0,6,45,30.08,53,"Win",0.4166666666666667,0.6060606060606061,"Oklahoma_2016",1.1515151515151516,0.4962825278810409
11,26,11,"regular","False",14,7,14,10,23,0,1,3,30,35.8,21,"Win",0.7058823529411765,0.8,"Oklahoma_2016",2.0,0.45750452079566006
14,10,9,"regular","False",0,17,14,7,25,1,0,4,54,35.12,18,"Win",0.46153846153846156,0.6842105263157895,"Oklahoma_2016",2.736842105263158,0.5421303656597775
17,14,7,"post","True",0,14,14,7,28,0,0,10,100,33.3,16,"Win",0.5,0.6785714285714286,"Oklahoma_2016",1.5357142857142858,0.4351145038167939
1,26,7,"regular","False",14,21,14,7,35,0,0,5,60,34.6,49,"Win",0.5714285714285714,0.8888888888888888,"Oklahoma_2017",1.0555555555555556,0.26627218934911245
3,26,2,"regular","False",14,14,7,21,24,2,0,4,37,22.88,42,"Win",0.5714285714285714,0.6666666666666666,"Oklahoma_2017",1.0666666666666667,0.312202852614897
6,26,3,"regular","False",14,10,0,7,28,1,0,6,59,31.05,-7,"Loss",0.6,0.7352941176470589,"Oklahoma_2017",1.0294117647058822,0.37037037037037035
9,26,10,"regular","False",14,14,21,0,31,0,1,7,94,32.03,22,"Win",0.5384615384615384,0.6470588235294118,"Oklahoma_2017",1.3823529411764706,0.5445705024311183
11,6,5,"regular","False",17,21,0,0,21,0,0,4,29,34.15,18,"Win",0.38461538461538464,0.6666666666666666,"Oklahoma_2017",1.5185185185185186,0.37523452157598497
13,26,4,"regular","False",14,31,14,0,27,0,0,9,101,24.8,28,"Win",0.42857142857142855,0.8421052631578947,"Oklahoma_2017",1.8421052631578947,0.4845201238390093
14,11,3,"regular","True",17,7,17,0,22,0,0,3,30,35.32,24,"Win",0.38461538461538464,0.6521739130434783,"Oklahoma_2017",1.8695652173913044,0.47288503253796094
17,3,2,"post","True",14,17,0,14,24,0,1,1,5,32.97,-6,"Loss",0.3888888888888889,0.6666666666666666,"Oklahoma_2017",1.25,0.455743879472693
1,26,7,"regular","False",28,14,14,7,25,0,0,6,70,29.25,49,"Win",0.6,0.8260869565217391,"Oklahoma_2018",1.6956521739130435,0.48615384615384616
2,26,6,"regular","False",14,7,14,14,27,0,1,6,40,28.73,28,"Win",0.5833333333333334,0.5428571428571428,"Oklahoma_2018",1.0,0.36907216494845363
4,26,5,"regular","False",14,7,0,0,19,0,1,4,20,15.32,7,"Win",0.3333333333333333,0.7333333333333333,"Oklahoma_2018",1.6666666666666667,0.5352112676056338
5,26,6,"regular","False",14,14,21,17,22,0,0,7,80,22.67,33,"Win",0.5,0.7391304347826086,"Oklahoma_2018",1.3478260869565217,0.2883031301482702
6,19,7,"regular","True",7,10,7,21,21,2,1,7,73,26.17,-3,"Loss",0.375,0.7407407407407407,"Oklahoma_2018",1.1481481481481481,0.41729323308270677
9,26,8,"regular","False",17,17,14,3,32,0,0,5,69,32.4,37,"Win",0.6,0.7586206896551724,"Oklahoma_2018",1.3448275862068966,0.4586894586894587
11,26,6,"regular","False",14,20,7,7,29,0,0,8,70,33.82,1,"Win",0.3,0.7,"Oklahoma_2018",1.5666666666666667,0.5028490028490028
12,26,6,"regular","False",7,14,14,20,31,1,1,2,25,29.8,15,"Win",0.9,0.65625,"Oklahoma_2018",1.25,0.519434628975265
14,14,5,"regular","True",3,17,7,12,29,1,0,5,60,32.0,12,"Win",0.5714285714285714,0.7352941176470589,"Oklahoma_2018",1.1764705882352942,0.25393700787401574
1,26,4,"regular","False",7,14,21,7,30,2,0,7,94,28.33,18,"Win",0.625,0.8333333333333334,"Oklahoma_2019",1.5416666666666667,0.5160349854227405
2,26,4,"regular","False",14,14,28,14,28,0,0,12,105,33.55,56,"Win",0.7,0.8,"Oklahoma_2019",1.3,0.4229195088676671
5,26,6,"regular","False",17,17,14,7,24,0,1,9,114,28.1,39,"Win",0.3333333333333333,0.6764705882352942,"Oklahoma_2019",0.8823529411764706,0.31211180124223603
8,26,5,"regular","False",14,14,21,3,25,0,0,6,64,26.6,38,"Win",0.2857142857142857,0.8571428571428571,"Oklahoma_2019",1.8095238095238095,0.3517857142857143
11,26,9,"regular","False",14,21,7,0,24,1,1,7,63,27.35,1,"Win",0.6153846153846154,0.6923076923076923,"Oklahoma_2019",1.5769230769230769,0.4529058116232465
13,26,9,"regular","False",14,7,7,0,30,2,1,5,51,39.52,4,"Win",0.5384615384615384,0.5238095238095238,"Oklahoma_2019",3.0476190476190474,0.7162426614481409
15,7,6,"regular","True",10,0,10,3,21,1,1,6,50,36.6,7,"Win",0.4,0.7083333333333334,"Oklahoma_2019",2.0833333333333335,0.3371824480369515
2,26,5,"regular","False",31,10,0,7,27,0,1,9,75,37.18,48,"Win",0.5,0.8333333333333334,"Oklahoma_2020",0.9722222222222222,0.20394736842105263
4,26,3,"regular","False",7,14,14,0,28,1,3,10,75,32.13,-3,"Loss",0.5833333333333334,0.7317073170731707,"Oklahoma_2020",0.8536585365853658,0.2514506769825919
6,22,26,"regular","True",10,7,14,0,30,2,1,11,121,36.07,8,"Win",0.42105263157894735,0.6666666666666666,"Oklahoma_2020",1.3095238095238095,0.44349680170575695
10,26,19,"regular","False",14,17,10,21,31,1,1,5,45,27.2,53,"Win",0.375,0.6111111111111112,"Oklahoma_2020",0.8611111111111112,0.37037037037037035
12,14,18,"regular","False",21,6,0,14,23,0,0,7,87,34.87,28,"Win",0.3333333333333333,0.7083333333333334,"Oklahoma_2020",1.8333333333333333,0.3882113821138211
14,26,11,"regular","False",3,7,7,10,16,0,1,8,62,30.17,13,"Win",0.38461538461538464,0.7142857142857143,"Oklahoma_2020",1.1071428571428572,0.2825278810408922
17,7,6,"post","True",17,14,10,14,25,2,0,4,40,26.67,35,"Win",0.4444444444444444,0.6,"Oklahoma_2020",1.6,0.6359649122807017
1,26,2,"regular","False",14,23,3,0,24,0,2,7,50,33.37,5,"Win",0.25,0.775,"Oklahoma_2021",0.875,0.26976744186046514
2,26,4,"regular","False",17,28,17,14,31,0,0,6,61,29.98,76,"Win",0.6666666666666666,0.7105263157894737,"Oklahoma_2021",1.0,0.4439102564102564
3,26,3,"regular","False",7,0,9,7,21,0,0,7,70,30.83,7,"Win",0.5454545454545454,0.7058823529411765,"Oklahoma_2021",1.0294117647058822,0.47549019607843135
4,26,4,"regular","False",7,0,3,6,18,0,1,4,35,27.0,3,"Win",0.38461538461538464,0.7222222222222222,"Oklahoma_2021",0.7777777777777778,0.18210862619808307
7,26,4,"regular","False",14,10,21,7,25,1,0,3,15,30.78,21,"Win",0.4444444444444444,0.782608695652174,"Oklahoma_2021",1.5217391304347827,0.4380952380952381
9,26,4,"regular","False",14,14,10,14,25,0,0,5,60,26.6,31,"Win",0.6666666666666666,0.8,"Oklahoma_2021",0.5714285714285714,0.133086876155268
12,26,13,"regular","False",7,7,7,7,14,0,1,4,42,21.67,7,"Win",0.1,0.47368421052631576,"Oklahoma_2021",1.7894736842105263,0.6852459016393443
17,14,16,"post","True",6,24,14,3,27,0,0,8,75,33.57,15,"Win",0.5,0.7777777777777778,"Oklahoma_2021",1.5925925925925926,0.5709219858156028
1,26,9,"regular","False",21,7,14,3,23,0,0,7,59,21.45,32,"Win",0.375,0.6521739130434783,"Oklahoma_2022",1.6521739130434783,0.5264227642276422
2,26,7,"regular","False",0,7,24,2,20,0,0,5,25,23.68,30,"Win",0.25,0.75,"Oklahoma_2022",1.2857142857142858,0.3116279069767442
4,26,6,"regular","False",7,10,3,14,26,0,0,11,87,24.93,-7,"Loss",0.3076923076923077,0.6666666666666666,"Oklahoma_2022",0.8717948717948718,0.4
6,26,26,"regular","True",0,0,0,0,11,0,2,3,36,27.02,-49,"Loss",0.2,0.5294117647058824,"Oklahoma_2022",2.4705882352941178,0.8
7,19,26,"regular","False",14,21,14,3,36,2,1,4,45,30.32,10,"Win",0.7619047619047619,0.6744186046511628,"Oklahoma_2022",1.3255813953488371,0.42510699001426533
10,26,26,"regular","False",14,7,7,7,29,0,3,8,64,26.3,-3,"Loss",0.6666666666666666,0.6470588235294118,"Oklahoma_2022",1.3235294117647058,0.47695390781563124
12,22,26,"regular","False",28,0,0,0,17,1,1,2,23,22.37,15,"Win",0.07142857142857142,0.5,"Oklahoma_2022",0.85,0.4032258064516129
1,26,20,"regular","False",28,17,21,7,36,0,0,6,65,36.93,73,"Win",0.7857142857142857,0.9090909090909091,"Oklahoma_2023",1.4848484848484849,0.3426791277258567
2,26,18,"regular","False",7,7,0,14,22,0,0,9,88,27.67,17,"Win",0.4666666666666667,0.7037037037037037,"Oklahoma_2023",1.7407407407407407,0.5178082191780822
5,26,14,"regular","False",21,19,7,3,30,0,1,5,35,33.07,30,"Win",0.42857142857142855,0.6666666666666666,"Oklahoma_2023",1.0512820512820513,0.30019120458891013
8,26,6,"regular","False",7,10,0,14,30,0,1,6,37,29.73,2,"Win",0.4375,0.6578947368421053,"Oklahoma_2023",1.2105263157894737,0.4276018099547511
11,26,17,"regular","False",14,17,14,14,25,1,0,5,60,29.47,39,"Win",0.5714285714285714,0.6388888888888888,"Oklahoma_2023",1.1666666666666667,0.34316770186335405
13,26,13,"regular","False",14,28,10,17,30,1,1,5,46,29.63,24,"Win",0.5714285714285714,0.631578947368421,"Oklahoma_2023",1.0789473684210527,0.34102141680395387
17,14,12,"post","True",0,14,10,0,23,3,3,8,76,28.58,-14,"Loss",0.4666666666666667,0.5777777777777777,"Oklahoma_2023",0.7555555555555555,0.35765124555160144
1,26,16,"regular","False",17,17,3,14,18,0,0,7,62,28.48,48,"Win",0.08333333333333333,0.6551724137931034,"Oklahoma_2024",1.2413793103448276,0.582010582010582
2,26,15,"regular","False",7,7,0,2,15,0,1,5,67,24.95,4,"Win",0.2857142857142857,0.59375,"Oklahoma_2024",0.90625,0.30120481927710846
3,26,15,"regular","False",7,14,3,10,23,0,1,6,45,31.7,15,"Win",0.5,0.6333333333333333,"Oklahoma_2024",1.5,0.5214899713467048
4,6,15,"regular","False",3,0,0,12,16,2,1,3,32,24.32,-10,"Loss",0.2,0.5294117647058824,"Oklahoma_2024",1.0,0.16216216216216217
7,1,18,"regular","True",3,0,0,0,18,2,0,7,49,32.12,-31,"Loss",0.26666666666666666,0.6333333333333333,"Oklahoma_2024",1.3,0.3755274261603376
8,26,26,"regular","False",0,3,6,0,19,2,2,3,27,28.22,-26,"Loss",0.3157894736842105,0.5238095238095238,"Oklahoma_2024",0.9761904761904762,0.18213058419243985
10,26,26,"regular","False",7,28,14,10,26,1,0,6,65,29.73,45,"Win",0.7142857142857143,0.6923076923076923,"Oklahoma_2024",2.0,0.5729323308270676
13,7,26,"regular","False",0,10,14,0,18,1,0,4,20,34.18,21,"Win",0.4666666666666667,0.75,"Oklahoma_2024",4.166666666666667,0.7907692307692308
1,26,18,"regular","True",7,0,0,28,22,0,3,14,78,23.77,22,"Win",0.38461538461538464,0.6944444444444444,"Ole Miss_2014",0.9444444444444444,0.15502183406113537
3,26,14,"regular","False",14,14,21,7,27,0,1,4,30,28.68,41,"Win",0.5833333333333334,0.8055555555555556,"Ole Miss_2014",0.9722222222222222,0.3862815884476534
5,26,10,"regular","False",7,0,0,17,26,2,2,10,117,43.22,21,"Win",0.4666666666666667,0.5945945945945946,"Ole Miss_2014",1.135135135135135,0.41784037558685444
6,3,11,"regular","False",3,0,7,13,16,1,0,3,25,26.62,6,"Win",0.42857142857142855,0.5806451612903226,"Ole Miss_2014",1.032258064516129,0.2324159021406728
8,26,3,"regular","False",0,14,10,10,18,0,0,1,15,33.07,31,"Win",0.35,0.45161290322580644,"Ole Miss_2014",1.5161290322580645,0.4699738903394256
10,3,4,"regular","False",7,10,7,7,24,2,0,6,48,27.82,-4,"Loss",0.38461538461538464,0.7,"Ole Miss_2014",0.75,0.30103092783505153
11,26,11,"regular","False",14,21,7,6,22,0,1,4,40,26.45,48,"Win",0.5714285714285714,0.8,"Ole Miss_2014",1.2,0.628125
14,4,19,"regular","False",7,0,17,7,15,0,1,2,25,24.25,14,"Win",0.2857142857142857,0.45161290322580644,"Ole Miss_2014",1.0,0.38533834586466165
1,26,17,"regular","False",27,14,14,21,28,0,1,3,30,23.85,73,"Win",0.4444444444444444,0.6785714285714286,"Ole Miss_2015",1.2857142857142858,0.5105740181268882
2,26,17,"regular","False",28,7,21,17,27,2,1,5,58,25.3,52,"Win",0.6428571428571429,0.7027027027027027,"Ole Miss_2015",0.9459459459459459,0.3542009884678748
4,26,3,"regular","False",7,6,7,7,29,0,2,11,119,26.65,11,"Win",0.23076923076923078,0.5714285714285714,"Ole Miss_2015",1.0,0.3199152542372881
6,26,14,"regular","False",17,14,14,7,31,2,1,3,23,23.23,49,"Win",0.625,0.7142857142857143,"Ole Miss_2015",0.9714285714285714,0.39849624060150374
8,15,24,"regular","False",7,9,7,0,28,1,3,10,108,35.8,20,"Win",0.42105263157894735,0.6341463414634146,"Ole Miss_2015",1.2439024390243902,0.4883227176220807
10,26,18,"regular","False",7,10,14,14,31,0,0,4,22,18.95,-1,"Loss",0.6,0.7058823529411765,"Ole Miss_2015",0.9411764705882353,0.376271186440678
12,15,22,"regular","False",3,21,14,0,21,1,0,7,39,23.75,21,"Win",0.25,0.5588235294117647,"Ole Miss_2015",0.9117647058823529,0.35185185185185186
17,16,12,"post","True",10,24,7,7,28,0,1,5,75,28.12,28,"Win",0.46153846153846156,0.6285714285714286,"Ole Miss_2015",1.0571428571428572,0.37364620938628157
2,26,19,"regular","False",10,14,7,7,22,0,1,2,25,24.57,25,"Win",0.7692307692307693,0.7333333333333333,"Ole Miss_2016",1.1333333333333333,0.4182692307692308
3,1,19,"regular","False",7,17,3,16,23,2,0,6,65,24.62,-5,"Loss",0.3333333333333333,0.65,"Ole Miss_2016",0.825,0.19348659003831417
4,12,23,"regular","False",17,14,14,0,23,0,1,4,25,24.2,31,"Win",0.2222222222222222,0.7,"Ole Miss_2016",1.0333333333333334,0.35294117647058826
5,26,16,"regular","False",14,10,10,14,34,0,1,6,65,32.22,20,"Win",0.2727272727272727,0.6818181818181818,"Ole Miss_2016",1.0,0.421474358974359
9,15,26,"regular","False",13,9,7,0,32,0,1,6,35,27.55,-11,"Loss",0.4375,0.6101694915254238,"Ole Miss_2016",0.5254237288135594,0.18421052631578946
10,26,26,"regular","False",3,28,3,3,25,0,1,6,65,23.95,10,"Win",0.42857142857142855,0.6071428571428571,"Ole Miss_2016",1.6071428571428572,0.4444444444444444
13,26,26,"regular","False",10,10,0,0,31,0,2,3,20,31.38,-35,"Loss",0.3333333333333333,0.5625,"Ole Miss_2016",0.7916666666666666,0.3939393939393939
1,26,26,"regular","False",10,3,27,7,23,1,0,7,45,28.15,20,"Win",0.5454545454545454,0.8,"Ole Miss_2017",0.8285714285714286,0.192090395480226
2,26,26,"regular","False",7,10,21,7,24,0,1,7,62,22.88,22,"Win",0.6,0.7441860465116279,"Ole Miss_2017",0.4186046511627907,0.09944751381215469
7,26,26,"regular","False",7,28,12,10,27,0,0,11,79,28.18,22,"Win",0.2727272727272727,0.6285714285714286,"Ole Miss_2017",1.1714285714285715,0.417910447761194
8,24,26,"regular","False",3,3,10,8,21,0,3,5,55,22.33,-16,"Loss",0.25,0.5,"Ole Miss_2017",0.8235294117647058,0.4409221902017291
9,26,26,"regular","False",21,10,0,6,22,2,1,3,27,19.55,-1,"Loss",0.4444444444444444,0.6666666666666666,"Ole Miss_2017",0.9666666666666667,0.3498233215547703
11,26,26,"regular","False",21,14,7,8,30,0,1,2,20,29.73,28,"Win",0.7692307692307693,0.7777777777777778,"Ole Miss_2017",1.1944444444444444,0.34789391575663026
12,26,26,"regular","False",14,10,0,0,19,1,1,13,102,27.22,-7,"Loss",0.35294117647058826,0.5588235294117647,"Ole Miss_2017",1.1470588235294117,0.5166240409207161
2,26,26,"regular","False",14,21,14,27,26,0,0,9,75,22.17,35,"Win",0.6,0.6857142857142857,"Ole Miss_2018",0.9142857142857143,0.2585139318885449
3,1,26,"regular","False",7,0,0,0,9,1,2,8,67,25.67,-55,"Loss",0.25,0.3181818181818182,"Ole Miss_2018",1.6818181818181819,0.4637096774193548
4,26,26,"regular","False",7,0,17,14,26,0,1,8,90,32.13,21,"Win",0.46153846153846156,0.7368421052631579,"Ole Miss_2018",0.9736842105263158,0.3210445468509985
6,26,26,"regular","False",21,28,14,7,35,0,0,7,73,30.3,49,"Win",0.6666666666666666,0.9117647058823529,"Ole Miss_2018",1.1176470588235294,0.37409200968523004
8,26,26,"regular","False",3,3,3,7,27,0,0,6,35,30.18,-15,"Loss",0.35294117647058826,0.574468085106383,"Ole Miss_2018",0.8297872340425532,0.2751677852348993
10,26,26,"regular","False",3,24,10,7,34,1,0,4,35,35.58,-4,"Loss",0.35294117647058826,0.6458333333333334,"Ole Miss_2018",1.0416666666666667,0.3847402597402597
13,18,26,"regular","False",0,3,0,0,13,1,2,3,24,23.77,-32,"Loss",0.0,0.52,"Ole Miss_2018",1.16,0.19576719576719576
2,26,26,"regular","False",7,3,7,14,23,2,0,5,60,32.47,14,"Win",0.5333333333333333,0.6666666666666666,"Ole Miss_2019",2.2083333333333335,0.4906832298136646
3,26,26,"regular","False",13,14,7,6,24,2,0,3,15,32.07,11,"Win",0.47058823529411764,0.7,"Ole Miss_2019",1.6666666666666667,0.4793028322440087
4,23,26,"regular","False",7,6,0,7,27,0,0,6,55,29.0,-8,"Loss",0.29411764705882354,0.6041666666666666,"Ole Miss_2019",0.7916666666666666,0.33714285714285713
6,26,26,"regular","False",10,0,14,7,15,0,0,5,54,26.97,25,"Win",0.2857142857142857,0.5555555555555556,"Ole Miss_2019",2.4444444444444446,0.806640625
8,26,26,"regular","False",7,0,7,3,22,1,1,7,65,25.88,-7,"Loss",0.25,0.45161290322580644,"Ole Miss_2019",1.4193548387096775,0.6172839506172839
11,26,26,"regular","False",10,14,7,10,32,1,0,2,20,34.62,38,"Win",0.625,0.6842105263157895,"Ole Miss_2019",3.210526315789474,0.7376237623762376
12,1,26,"regular","False",0,7,16,14,26,0,1,5,50,27.15,-21,"Loss",0.18181818181818182,0.5555555555555556,"Ole Miss_2019",1.6296296296296295,0.6547231270358306
4,5,26,"regular","False",7,7,7,14,29,0,1,4,45,26.52,-16,"Loss",0.6428571428571429,0.7272727272727273,"Ole Miss_2020",1.3636363636363635,0.27732463295269166
6,2,26,"regular","False",7,14,14,13,31,0,0,6,67,31.25,-15,"Loss",0.5294117647058824,0.7586206896551724,"Ole Miss_2020",1.9655172413793103,0.4142194744976816
8,26,26,"regular","False",0,14,7,7,25,0,2,1,5,28.2,-7,"Loss",0.625,0.6071428571428571,"Ole Miss_2020",1.8214285714285714,0.6373873873873874
11,26,26,"regular","False",14,10,14,21,31,1,0,6,45,30.68,17,"Win",0.5384615384615384,0.875,"Ole Miss_2020",1.5,0.2754237288135593
13,26,26,"regular","False",14,7,0,10,24,0,0,10,81,27.55,7,"Win",0.4444444444444444,0.6756756756756757,"Ole Miss_2020",1.2162162162162162,0.2963636363636364
1,26,26,"regular","True",9,17,3,14,31,0,0,14,125,24.13,19,"Win",0.2222222222222222,0.6875,"Ole Miss_2021",1.28125,0.3304042179261863
2,26,20,"regular","False",14,23,14,3,29,1,0,12,130,29.65,37,"Win",0.35714285714285715,0.6153846153846154,"Ole Miss_2021",1.1025641025641026,0.5333333333333333
3,26,17,"regular","False",19,21,21,0,41,1,0,9,65,32.28,40,"Win",0.5,0.696969696969697,"Ole Miss_2021",1.8484848484848484,0.5261669024045261
6,13,17,"regular","False",0,21,10,21,22,0,0,8,75,24.42,1,"Win",0.35714285714285715,0.6666666666666666,"Ole Miss_2021",2.3333333333333335,0.530278232405892
8,26,12,"regular","False",0,17,14,0,25,1,0,12,106,30.87,14,"Win",0.38461538461538464,0.8,"Ole Miss_2021",1.96,0.5638297872340425
10,26,16,"regular","False",10,14,3,0,20,0,0,9,79,20.42,13,"Win",0.2222222222222222,0.7407407407407407,"Ole Miss_2021",1.037037037037037,0.30472103004291845
11,11,15,"regular","False",10,5,0,14,32,1,0,6,51,29.95,10,"Win",0.3125,0.6486486486486487,"Ole Miss_2021",1.5135135135135136,0.5099206349206349
12,26,12,"regular","False",10,14,0,7,23,0,1,5,38,21.05,14,"Win",0.125,0.7567567567567568,"Ole Miss_2021",0.7567567567567568,0.2957446808510638
17,7,8,"post","True",0,0,7,0,20,0,3,7,49,31.6,-14,"Loss",0.2727272727272727,0.5,"Ole Miss_2021",1.588235294117647,0.42857142857142855
1,26,21,"regular","False",7,14,7,0,24,2,1,3,16,23.03,18,"Win",0.6428571428571429,0.6551724137931034,"Ole Miss_2022",1.5172413793103448,0.6143187066974596
2,26,22,"regular","False",28,3,21,7,25,0,1,9,79,23.73,56,"Win",0.375,0.5625,"Ole Miss_2022",1.15625,0.4568627450980392
4,26,16,"regular","False",7,28,0,0,27,1,0,6,61,25.78,8,"Win",0.4666666666666667,0.5416666666666666,"Ole Miss_2022",2.125,0.6666666666666666
5,7,14,"regular","False",14,5,3,0,19,0,1,3,31,23.12,3,"Win",0.5,0.5172413793103449,"Ole Miss_2022",1.3448275862068966,0.46616541353383456
7,26,9,"regular","False",14,14,10,10,29,0,1,6,50,29.55,14,"Win",0.631578947368421,0.47368421052631576,"Ole Miss_2022",3.6315789473684212,0.7750865051903114
11,9,11,"regular","False",7,10,7,0,22,1,0,6,50,28.62,-6,"Loss",0.5,0.5625,"Ole Miss_2022",1.53125,0.4739454094292804
13,26,20,"regular","False",6,10,0,6,19,1,0,4,20,27.63,-2,"Loss",0.23529411764705882,0.7948717948717948,"Ole Miss_2022",1.0,0.23283582089552238
17,26,26,"post","True",7,0,6,12,27,2,3,8,86,26.72,-17,"Loss",0.38461538461538464,0.6097560975609756,"Ole Miss_2022",1.048780487804878,0.35304659498207885
1,26,22,"regular","False",28,10,28,7,32,1,0,7,65,24.83,66,"Win",0.7272727272727273,0.7073170731707317,"Ole Miss_2023",0.8048780487804879,0.2143928035982009
3,26,17,"regular","False",10,0,14,24,19,0,0,5,40,20.72,25,"Win",0.5,0.5263157894736842,"Ole Miss_2023",1.9473684210526316,0.5436363636363636
5,13,20,"regular","False",21,10,3,21,32,0,0,11,121,30.72,6,"Win",0.5625,0.6666666666666666,"Ole Miss_2023",1.2564102564102564,0.4490084985835694
6,26,16,"regular","False",10,7,0,10,21,0,0,5,44,27.47,7,"Win",0.2857142857142857,0.64,"Ole Miss_2023",1.8,0.5616045845272206
9,26,12,"regular","False",13,13,0,7,22,0,1,6,46,27.02,26,"Win",0.38461538461538464,0.6896551724137931,"Ole Miss_2023",1.3793103448275863,0.41067285382830626
10,26,10,"regular","False",7,13,11,7,26,0,0,8,61,24.38,3,"Win",0.36363636363636365,0.7272727272727273,"Ole Miss_2023",1.0,0.2528957528957529
12,26,13,"regular","False",7,0,21,7,27,0,0,8,81,25.93,32,"Win",0.5,0.7777777777777778,"Ole Miss_2023",1.0277777777777777,0.25502008032128515
1,26,6,"regular","False",24,28,21,3,37,0,0,3,35,29.17,76,"Win",0.5714285714285714,0.6444444444444445,"Ole Miss_2024",0.8222222222222222,0.31476683937823835
2,26,6,"regular","False",17,14,14,7,34,0,0,8,80,26.95,49,"Win",0.7777777777777778,0.8709677419354839,"Ole Miss_2024",1.3548387096774193,0.3938931297709924
4,26,5,"regular","False",17,7,14,14,26,0,1,11,135,25.57,39,"Win",0.5,0.696969696969697,"Ole Miss_2024",1.0909090909090908,0.36079077429983525
5,26,6,"regular","False",7,0,10,0,14,1,0,8,53,20.28,-3,"Loss",0.1,0.6666666666666666,"Ole Miss_2024",1.0740740740740742,0.26062322946175637
9,26,18,"regular","False",7,3,13,3,18,1,0,7,94,26.25,12,"Win",0.38461538461538464,0.7333333333333333,"Ole Miss_2024",1.0333333333333334,0.18157894736842106
11,3,16,"regular","False",10,6,6,6,19,0,1,3,30,27.75,18,"Win",0.3076923076923077,0.6428571428571429,"Ole Miss_2024",1.2857142857142858,0.33753148614609574
14,26,14,"regular","False",10,7,3,6,21,0,0,4,40,31.72,12,"Win",0.4444444444444444,0.5833333333333334,"Ole Miss_2024",2.125,0.6397984886649875
17,26,14,"post","True",14,10,14,14,27,0,1,6,45,29.97,32,"Win",0.5454545454545454,0.7567567567567568,"Ole Miss_2024",0.8918918918918919,0.2563667232597623
1,26,3,"regular","False",21,20,7,14,32,1,0,9,64,20.93,49,"Win",0.7777777777777778,0.78125,"Oregon_2014",1.1875,0.43536404160475484
2,7,3,"regular","False",8,10,14,14,19,0,0,9,70,26.33,19,"Win",0.375,0.6071428571428571,"Oregon_2014",1.4285714285714286,0.35234215885947046
3,26,2,"regular","False",0,27,14,7,32,0,0,4,30,22.37,34,"Win",0.8181818181818182,0.8064516129032258,"Oregon_2014",1.1935483870967742,0.47302158273381295
6,26,2,"regular","False",0,7,7,10,25,2,0,10,79,26.47,-7,"Loss",0.2857142857142857,0.6363636363636364,"Oregon_2014",1.2424242424242424,0.32286995515695066
8,26,9,"regular","False",7,21,7,10,29,0,0,7,90,30.55,25,"Win",0.6111111111111112,0.7272727272727273,"Oregon_2014",1.5151515151515151,0.3935018050541516
10,26,5,"regular","False",14,10,7,14,30,0,1,7,60,24.37,29,"Win",0.6153846153846154,0.6129032258064516,"Oregon_2014",1.4838709677419355,0.5085714285714286
13,26,2,"regular","False",13,17,14,0,30,0,0,8,98,28.33,34,"Win",0.6,0.7222222222222222,"Oregon_2014",1.1388888888888888,0.4438860971524288
15,7,2,"regular","True",6,17,21,7,32,0,0,13,84,38.92,38,"Win",0.5,0.675,"Oregon_2014",1.35,0.4800637958532695
1,26,7,"regular","False",20,17,17,7,34,1,0,8,70,26.78,19,"Win",0.5,0.76,"Oregon_2015",2.28,0.6634746922024624
3,26,12,"regular","False",13,20,14,14,29,1,0,7,62,28.9,33,"Win",0.3333333333333333,0.7419354838709677,"Oregon_2015",1.7096774193548387,0.5769944341372912
4,18,13,"regular","False",6,7,0,7,20,1,2,10,90,23.33,-42,"Loss",0.2857142857142857,0.4666666666666667,"Oregon_2015",1.3333333333333333,0.555
6,26,26,"regular","False",10,7,7,7,18,1,1,5,44,27.13,-7,"Loss",0.3125,0.5416666666666666,"Oregon_2015",2.0833333333333335,0.7692307692307693
10,26,26,"regular","False",3,28,3,10,36,0,2,10,90,37.27,16,"Win",0.5882352941176471,0.5862068965517241,"Oregon_2015",2.1724137931034484,0.6138996138996139
12,24,23,"regular","False",14,17,7,10,28,0,1,4,42,25.1,20,"Win",0.25,0.8,"Oregon_2015",1.52,0.2958477508650519
13,26,17,"regular","False",14,17,7,14,37,1,0,9,93,32.25,10,"Win",0.625,0.7368421052631579,"Oregon_2015",1.3421052631578947,0.456973293768546
1,26,24,"regular","False",8,17,14,14,21,2,0,8,71,22.72,25,"Win",0.5384615384615384,0.7,"Oregon_2016",1.2333333333333334,0.48084291187739464
2,26,24,"regular","False",13,17,14,0,25,0,0,12,117,28.47,18,"Win",0.6,0.6774193548387096,"Oregon_2016",1.4516129032258065,0.4762658227848101
4,26,26,"regular","False",7,10,21,0,24,0,1,8,75,26.57,-3,"Loss",0.4,0.6666666666666666,"Oregon_2016",1.3636363636363635,0.42322834645669294
6,5,26,"regular","False",0,7,14,0,21,1,1,5,40,27.63,-49,"Loss",0.35294117647058826,0.6176470588235294,"Oregon_2016",1.2647058823529411,0.5623471882640587
9,26,26,"regular","False",17,13,3,21,30,1,0,9,73,32.87,19,"Win",0.26666666666666666,0.7380952380952381,"Oregon_2016",1.0952380952380953,0.3337874659400545
11,26,26,"regular","False",6,7,0,14,24,2,2,8,77,25.7,-25,"Loss",0.15384615384615385,0.7,"Oregon_2016",1.5,0.452
1,26,26,"regular","False",21,21,21,14,37,2,0,12,115,26.23,56,"Win",0.625,0.8518518518518519,"Oregon_2017",1.9259259259259258,0.4950213371266003
2,26,26,"regular","False",21,21,0,0,22,1,1,12,103,30.63,7,"Win",0.5,0.7575757575757576,"Oregon_2017",1.3333333333333333,0.3551236749116608
5,26,26,"regular","False",17,0,7,21,23,0,1,10,110,28.9,21,"Win",0.42857142857142855,0.7727272727272727,"Oregon_2017",2.5454545454545454,0.7145969498910676
6,11,26,"regular","False",10,0,0,0,13,1,2,10,95,30.1,-23,"Loss",0.11764705882352941,0.5555555555555556,"Oregon_2017",1.6666666666666667,0.47653429602888087
9,26,26,"regular","False",7,10,10,14,19,1,0,8,60,28.63,21,"Win",0.46153846153846156,0.7692307692307693,"Oregon_2017",3.769230769230769,0.8341346153846154
12,26,26,"regular","False",14,14,7,13,24,0,1,13,127,28.63,20,"Win",0.6153846153846154,0.6666666666666666,"Oregon_2017",2.380952380952381,0.6003401360544217
13,26,26,"regular","False",17,35,10,7,28,0,0,12,138,30.33,59,"Win",0.5625,0.6153846153846154,"Oregon_2017",1.8846153846153846,0.5389948006932409
17,25,26,"post","True",0,14,0,14,14,2,2,10,95,23.4,-10,"Loss",0.2857142857142857,0.7222222222222222,"Oregon_2017",0.7777777777777778,0.16785714285714284
1,26,24,"regular","False",7,30,14,7,21,1,2,3,35,21.95,34,"Win",0.42857142857142855,0.4230769230769231,"Oregon_2018",1.6153846153846154,0.42063492063492064
2,26,23,"regular","False",14,21,14,13,32,0,0,5,55,27.27,48,"Win",0.6363636363636364,0.7931034482758621,"Oregon_2018",1.6206896551724137,0.5266903914590747
3,26,20,"regular","False",14,7,7,7,20,0,2,6,59,30.6,13,"Win",0.3888888888888889,0.4444444444444444,"Oregon_2018",1.3611111111111112,0.30248306997742663
4,7,20,"regular","False",7,17,0,7,27,2,1,4,32,35.7,-7,"Loss",0.5625,0.7878787878787878,"Oregon_2018",1.4848484848484849,0.33969465648854963
7,7,17,"regular","False",10,7,7,0,24,1,0,7,70,29.38,3,"Win",0.5,0.5625,"Oregon_2018",1.53125,0.46701846965699206
10,26,26,"regular","False",14,7,7,14,20,0,0,1,15,29.25,21,"Win",0.47058823529411764,0.5757575757575758,"Oregon_2018",1.2727272727272727,0.4065040650406504
12,26,26,"regular","False",7,21,0,3,21,2,2,6,55,26.52,2,"Win",0.4375,0.5588235294117647,"Oregon_2018",1.2058823529411764,0.41648106904231624
17,26,26,"post","True",0,0,0,7,11,0,0,2,15,22.75,1,"Win",0.14285714285714285,0.5757575757575758,"Oregon_2018",0.8181818181818182,0.18226600985221675
2,26,16,"regular","False",7,28,28,14,28,1,0,6,34,26.42,71,"Win",0.4166666666666667,0.7714285714285715,"Oregon_2019",1.1142857142857143,0.3547351524879615
3,26,15,"regular","False",14,7,7,7,30,0,0,2,20,30.12,32,"Win",0.46153846153846156,0.7209302325581395,"Oregon_2019",0.8837209302325582,0.44107142857142856
6,26,13,"regular","False",0,0,10,7,26,2,1,8,85,29.17,10,"Win",0.38461538461538464,0.6060606060606061,"Oregon_2019",1.2121212121212122,0.47029702970297027
7,26,13,"regular","False",7,17,14,7,25,0,0,10,119,24.38,42,"Win",0.45454545454545453,0.5428571428571428,"Oregon_2019",1.0285714285714285,0.4781783681214421
9,26,11,"regular","False",9,8,7,13,25,0,0,9,100,34.57,2,"Win",0.6470588235294118,0.7,"Oregon_2019",1.5666666666666667,0.5795454545454546
12,26,6,"regular","False",14,7,7,6,21,0,1,5,63,32.23,28,"Win",0.5333333333333333,0.7142857142857143,"Oregon_2019",1.3928571428571428,0.2929936305732484
14,26,14,"regular","False",10,7,0,7,19,1,0,4,30,28.38,14,"Win",0.21428571428571427,0.6,"Oregon_2019",1.2333333333333334,0.5232876712328767
15,5,13,"regular","True",10,10,3,14,19,0,0,12,95,29.33,22,"Win",0.2857142857142857,0.5384615384615384,"Oregon_2019",1.5769230769230769,0.5532407407407407
10,26,12,"regular","False",7,7,14,7,29,1,1,6,43,27.4,21,"Win",0.8181818181818182,0.6538461538461539,"Oregon_2020",1.5384615384615385,0.5423387096774194
12,26,11,"regular","False",14,10,14,0,21,1,0,7,65,29.55,3,"Win",0.2727272727272727,0.6333333333333333,"Oregon_2020",1.1333333333333333,0.20853080568720378
1,26,11,"regular","False",14,7,0,10,20,1,0,8,87,29.45,7,"Win",0.4375,0.625,"Oregon_2021",2.0416666666666665,0.5195530726256983
3,26,4,"regular","False",10,7,14,17,26,0,0,6,80,28.98,41,"Win",0.3,0.7241379310344828,"Oregon_2021",1.3793103448275863,0.41743119266055045
4,26,3,"regular","False",17,7,0,17,17,0,0,9,95,22.03,22,"Win",0.5,0.4166666666666667,"Oregon_2021",1.2916666666666667,0.4758269720101781
7,26,9,"regular","False",3,7,0,14,23,2,0,9,82,27.83,7,"Win",0.45454545454545453,0.7142857142857143,"Oregon_2021",1.25,0.46255506607929514
9,26,7,"regular","False",14,17,14,7,32,0,1,5,40,31.6,23,"Win",0.7,0.7222222222222222,"Oregon_2021",1.0,0.4507042253521127
11,26,3,"regular","False",14,0,10,14,25,2,0,5,41,35.35,14,"Win",0.6666666666666666,0.7727272727272727,"Oregon_2021",2.1363636363636362,0.6938775510204082
13,26,11,"regular","False",14,10,0,14,26,0,0,10,52,37.07,9,"Win",0.7692307692307693,0.8214285714285714,"Oregon_2021",1.4642857142857142,0.45652173913043476
2,26,26,"regular","False",14,28,21,7,40,0,0,6,55,38.92,56,"Win",0.7142857142857143,0.8292682926829268,"Oregon_2022",1.170731707317073,0.43543046357615894
3,12,25,"regular","False",10,14,14,3,23,0,1,8,48,33.18,21,"Win",0.3333333333333333,0.7,"Oregon_2022",2.2,0.48291571753986334
5,26,13,"regular","False",10,21,7,7,23,0,1,14,135,27.4,18,"Win",0.35714285714285715,0.5,"Oregon_2022",1.088235294117647,0.6815533980582524
8,9,10,"regular","False",3,28,7,7,31,0,0,8,50,33.45,15,"Win",0.5,0.7857142857142857,"Oregon_2022",1.6428571428571428,0.48073394495412847
11,25,6,"regular","False",3,7,21,3,32,1,0,7,51,34.52,-3,"Loss",0.5,0.6785714285714286,"Oregon_2022",1.8214285714285714,0.527027027027027
12,10,12,"regular","False",7,10,0,3,16,2,1,6,60,26.58,3,"Win",0.4666666666666667,0.6756756756756757,"Oregon_2022",0.6756756756756757,0.17052023121387283
1,26,15,"regular","False",22,28,17,14,37,0,0,2,20,31.38,74,"Win",0.42857142857142855,0.868421052631579,"Oregon_2023",0.8947368421052632,0.4773662551440329
3,26,13,"regular","False",24,10,14,7,25,0,0,9,76,29.62,45,"Win",0.5454545454545454,0.7647058823529411,"Oregon_2023",0.8823529411764706,0.40535714285714286
4,19,10,"regular","False",13,22,7,0,30,0,1,9,80,35.1,36,"Win",0.3,0.8571428571428571,"Oregon_2023",1.0857142857142856,0.45977011494252873
8,26,9,"regular","False",3,14,14,7,20,0,0,7,45,27.1,14,"Win",0.5,0.72,"Oregon_2023",1.28,0.4584103512014787
10,26,6,"regular","False",14,21,7,21,32,1,1,9,99,36.57,44,"Win",0.7142857142857143,0.7608695652173914,"Oregon_2023",0.782608695652174,0.2562814070351759
11,26,6,"regular","False",13,9,7,7,25,0,0,13,120,30.7,9,"Win",0.4444444444444444,0.71875,"Oregon_2023",0.96875,0.2536231884057971
13,16,6,"regular","False",7,14,3,7,28,0,0,6,65,34.05,24,"Win",0.45454545454545453,0.825,"Oregon_2023",0.7,0.23541666666666666
17,23,8,"post","True",3,28,7,7,28,0,0,2,20,35.25,39,"Win",0.5454545454545454,0.7857142857142857,"Oregon_2023",0.6904761904761905,0.3133561643835616
1,26,3,"regular","False",7,7,0,10,31,1,0,8,60,39.25,10,"Win",0.4375,0.82,"Oregon_2024",0.74,0.21971252566735114
2,26,7,"regular","False",7,7,13,10,16,2,0,9,74,29.38,3,"Win",0.3333333333333333,0.8571428571428571,"Oregon_2024",1.7142857142857142,0.3096590909090909
6,26,6,"regular","False",7,14,3,7,25,0,2,5,35,30.97,21,"Win",0.5,0.6176470588235294,"Oregon_2024",1.088235294117647,0.44654088050314467
7,2,3,"regular","False",6,16,0,10,18,0,0,3,25,26.93,1,"Win",0.42857142857142855,0.6764705882352942,"Oregon_2024",0.9117647058823529,0.3125
9,20,1,"regular","False",14,21,0,3,27,0,1,3,30,31.25,29,"Win",0.5454545454545454,0.7142857142857143,"Oregon_2024",1.3928571428571428,0.43453510436432635
11,26,1,"regular","False",7,14,8,10,19,0,0,12,95,27.18,21,"Win",0.4,0.6764705882352942,"Oregon_2024",0.9117647058823529,0.49586776859504134
14,26,1,"regular","False",7,21,7,14,28,1,0,6,49,27.95,28,"Win",0.625,0.7307692307692307,"Oregon_2024",1.4230769230769231,0.4847161572052402
15,3,1,"regular","True",14,17,7,7,24,0,0,3,24,32.6,8,"Win",0.46153846153846156,0.6875,"Oregon_2024",1.28125,0.39658848614072495
17,8,1,"post","True",0,8,7,6,15,0,0,3,13,30.92,-20,"Loss",0.42105263157894735,0.6904761904761905,"Oregon_2024",0.6666666666666666,-0.08333333333333333
2,26,26,"regular","False",7,0,7,7,27,1,2,3,25,30.65,18,"Win",0.4,0.5945945945945946,"Penn State_2014",0.8378378378378378,0.24941176470588236
4,26,26,"regular","False",6,28,14,0,23,0,0,6,52,37.53,41,"Win",0.5882352941176471,0.5625,"Penn State_2014",1.40625,0.49137931034482757
5,26,26,"regular","False",0,3,3,0,14,1,1,4,35,29.62,-23,"Loss",0.17647058823529413,0.4782608695652174,"Penn State_2014",0.5434782608695652,0.18796992481203006
9,13,26,"regular","False",0,0,7,10,20,0,2,4,42,25.45,-7,"Loss",0.4444444444444444,0.62,"Penn State_2014",0.62,0.06666666666666667
10,26,26,"regular","False",3,6,7,3,16,3,1,8,64,32.2,-1,"Loss",0.3,0.42857142857142855,"Penn State_2014",0.9761904761904762,0.1917808219178082
12,26,26,"regular","False",3,3,14,10,19,1,2,5,45,35.5,17,"Win",0.3076923076923077,0.46153846153846156,"Penn State_2014",1.8076923076923077,0.6939890710382514
14,10,26,"regular","False",0,3,7,0,16,1,1,4,35,25.08,-24,"Loss",0.375,0.4666666666666667,"Penn State_2014",0.4888888888888889,0.1630901287553648
17,26,26,"post","True",7,0,7,10,25,2,0,10,60,27.68,1,"Win",0.5294117647058824,0.68,"Penn State_2014",0.58,0.18101545253863136
2,26,26,"regular","False",0,10,3,14,15,0,0,7,65,29.57,13,"Win",0.4,0.5185185185185185,"Penn State_2015",1.4444444444444444,0.6097560975609756
3,26,26,"regular","False",0,21,0,7,17,0,1,8,80,27.35,25,"Win",0.3333333333333333,0.5263157894736842,"Penn State_2015",2.1578947368421053,0.7006369426751592
4,26,26,"regular","False",10,17,0,10,19,1,0,5,37,34.57,16,"Win",0.26666666666666666,0.6111111111111112,"Penn State_2015",0.9444444444444444,0.18
5,26,26,"regular","False",7,3,10,0,12,0,0,3,20,28.68,6,"Win",0.3333333333333333,0.5263157894736842,"Penn State_2015",1.7894736842105263,0.4090909090909091
6,26,26,"regular","False",7,12,0,10,22,1,0,3,30,35.58,22,"Win",0.35714285714285715,0.55,"Penn State_2015",0.8,0.36666666666666664
9,26,26,"regular","False",12,3,10,14,23,2,0,3,25,33.7,39,"Win",0.38461538461538464,0.6666666666666666,"Penn State_2015",1.121212121212121,0.3
12,12,26,"regular","False",3,7,0,6,14,1,0,3,30,26.63,-12,"Loss",0.21428571428571427,0.40625,"Penn State_2015",0.6875,0.33816425120772947
1,26,26,"regular","False",6,10,10,7,19,1,0,5,55,27.07,20,"Win",0.3333333333333333,0.5161290322580645,"Penn State_2016",1.2258064516129032,0.4096045197740113
3,26,26,"regular","False",14,7,3,10,21,2,1,7,62,28.55,7,"Win",0.2222222222222222,0.75,"Penn State_2016",1.5416666666666667,0.2878411910669975
5,26,26,"regular","False",0,3,17,3,19,0,0,5,65,23.18,3,"Win",0.26666666666666666,0.4523809523809524,"Penn State_2016",0.6666666666666666,0.28874734607218683
6,26,26,"regular","False",7,17,7,7,28,1,0,7,50,35.0,24,"Win",0.38461538461538464,0.5263157894736842,"Penn State_2016",3.263157894736842,0.7099236641221374
8,2,26,"regular","False",0,7,0,17,13,1,0,1,5,22.68,3,"Win",0.15384615384615385,0.34782608695652173,"Penn State_2016",1.608695652173913,0.4420289855072464
10,26,12,"regular","False",7,17,3,14,24,0,0,9,86,35.05,27,"Win",0.5,0.6111111111111112,"Penn State_2016",2.888888888888889,0.5993322203672788
13,26,7,"regular","False",0,10,21,14,18,0,0,1,15,25.6,33,"Win",0.4,0.75,"Penn State_2016",1.375,0.16630669546436286
14,6,7,"regular","True",7,7,14,10,21,2,0,3,25,23.05,7,"Win",0.3,0.7096774193548387,"Penn State_2016",0.9354838709677419,0.11724137931034483
17,9,5,"post","True",0,21,28,0,23,0,3,5,65,26.65,-3,"Loss",0.4,0.6206896551724138,"Penn State_2016",1.1379310344827587,0.45376344086021503
1,26,6,"regular","False",14,21,10,7,24,0,1,5,45,29.5,52,"Win",0.3333333333333333,0.6774193548387096,"Penn State_2017",1.096774193548387,0.43409490333919154
2,26,4,"regular","False",14,0,7,12,14,0,1,1,15,21.67,19,"Win",0.3333333333333333,0.5357142857142857,"Penn State_2017",0.8571428571428571,0.47435897435897434
3,26,5,"regular","False",14,21,14,7,19,0,0,5,45,21.22,56,"Win",0.4444444444444444,0.7241379310344828,"Penn State_2017",0.8275862068965517,0.3155893536121673
5,26,4,"regular","False",28,0,10,7,20,0,1,2,7,33.48,31,"Win",0.3333333333333333,0.6486486486486487,"Penn State_2017",1.0,0.10540540540540541
8,19,2,"regular","False",14,7,7,14,25,0,1,1,10,27.07,29,"Win",0.5714285714285714,0.6538461538461539,"Penn State_2017",1.3461538461538463,0.4426877470355731
11,26,14,"regular","False",0,14,14,7,18,0,0,4,20,27.52,29,"Win",0.4444444444444444,0.7619047619047619,"Penn State_2017",1.4761904761904763,0.29605263157894735
12,26,10,"regular","False",14,28,0,14,32,1,0,5,39,30.18,12,"Win",0.6666666666666666,0.6666666666666666,"Penn State_2017",0.8974358974358975,0.4318555008210181
17,11,9,"post","True",14,14,7,0,25,1,2,2,20,35.92,7,"Win",0.7647058823529411,0.7804878048780488,"Penn State_2017",0.926829268292683,0.3724770642201835
1,26,10,"regular","False",7,3,14,14,24,0,0,2,10,27.53,7,"Win",0.4,0.5714285714285714,"Penn State_2018",1.2571428571428571,0.47235023041474655
3,26,11,"regular","False",21,7,21,14,26,0,1,9,85,28.37,53,"Win",0.4166666666666667,0.56,"Penn State_2018",1.8,0.4618973561430793
5,4,9,"regular","False",3,10,0,13,22,1,0,7,64,31.65,-1,"Loss",0.17647058823529413,0.5,"Penn State_2018",1.375,0.4186991869918699
7,26,8,"regular","False",7,7,0,3,14,1,0,6,41,25.8,-4,"Loss",0.21428571428571427,0.59375,"Penn State_2018",1.0,0.5163727959697733
9,18,17,"regular","False",7,10,10,3,16,1,1,6,47,24.7,6,"Win",0.2857142857142857,0.4482758620689655,"Penn State_2018",1.206896551724138,0.3782051282051282
11,26,20,"regular","False",10,6,3,3,23,2,0,3,22,33.98,12,"Win",0.4,0.76,"Penn State_2018",1.88,0.5335276967930029
13,26,12,"regular","False",14,3,7,14,28,1,0,3,23,27.2,35,"Win",0.42857142857142855,0.5833333333333334,"Penn State_2018",1.8333333333333333,0.5486725663716814
17,14,12,"post","True",0,7,0,17,20,1,1,3,24,29.3,-3,"Loss",0.2857142857142857,0.4857142857142857,"Penn State_2018",1.1714285714285715,0.3955773955773956
1,26,15,"regular","False",20,24,14,21,35,1,0,3,30,32.93,72,"Win",0.125,0.6756756756756757,"Penn State_2019",1.2162162162162162,0.4918276374442793
2,26,15,"regular","False",7,0,28,10,14,1,0,3,25,17.47,32,"Win",0.2222222222222222,0.7272727272727273,"Penn State_2019",1.0909090909090908,0.2184873949579832
3,26,13,"regular","False",7,3,7,0,17,0,0,3,40,25.73,7,"Win",0.3076923076923077,0.4666666666666667,"Penn State_2019",1.0666666666666667,0.42930591259640105
6,26,12,"regular","False",21,7,0,7,24,2,1,4,49,33.63,28,"Win",0.5333333333333333,0.6896551724137931,"Penn State_2019",1.5862068965517242,0.4260869565217391
8,16,7,"regular","False",7,14,0,7,14,0,0,5,58,22.25,7,"Win",0.3076923076923077,0.56,"Penn State_2019",1.16,0.3568904593639576
12,26,9,"regular","False",17,3,7,7,21,1,0,1,0,27.9,7,"Win",0.5,0.4782608695652174,"Penn State_2019",1.9565217391304348,0.5175202156334232
14,26,10,"regular","False",7,0,6,14,17,0,1,3,30,26.82,21,"Win",0.3,0.5333333333333333,"Penn State_2019",3.066666666666667,0.7567567567567568
17,17,10,"post","True",7,28,10,8,25,0,1,2,15,27.3,14,"Win",0.5384615384615384,0.55,"Penn State_2019",2.65,0.7485822306238186
9,3,18,"regular","False",3,3,7,12,20,0,1,5,31,22.98,-13,"Loss",0.3333333333333333,0.6,"Penn State_2020",0.9,0.13538461538461538
10,26,26,"regular","False",0,7,0,12,30,1,2,4,25,33.63,-16,"Loss",0.45,0.47368421052631576,"Penn State_2020",0.631578947368421,0.21658986175115208
12,26,26,"regular","False",7,0,14,0,19,2,2,2,15,28.17,-20,"Loss",0.4666666666666667,0.6842105263157895,"Penn State_2020",0.9210526315789473,0.18128654970760233
15,26,26,"regular","False",3,7,15,14,21,1,0,5,45,33.4,15,"Win",0.3333333333333333,0.6666666666666666,"Penn State_2020",1.3333333333333333,0.2938271604938272
16,26,26,"regular","False",21,21,7,7,28,1,0,2,19,34.83,35,"Win",0.3333333333333333,0.7037037037037037,"Penn State_2020",1.962962962962963,0.4362068965517241
2,26,11,"regular","False",14,10,10,10,32,0,0,6,62,34.15,31,"Win",0.46153846153846156,0.7096774193548387,"Penn State_2021",1.5483870967741935,0.486815415821501
3,22,10,"regular","False",7,7,7,7,22,0,1,5,30,28.3,8,"Win",0.5,0.8787878787878788,"Penn State_2021",1.0,0.21761658031088082
4,26,6,"regular","False",7,10,14,7,20,0,1,3,35,28.75,21,"Win",0.25,0.7096774193548387,"Penn State_2021",1.096774193548387,0.15717092337917485
5,26,4,"regular","False",7,7,7,3,20,0,1,5,37,34.88,24,"Win",0.375,0.5294117647058824,"Penn State_2021",1.2352941176470589,0.5122549019607843
8,26,7,"regular","False",7,3,0,0,14,0,0,7,81,23.58,-2,"Loss",0.23529411764705882,0.5588235294117647,"Penn State_2021",0.8529411764705882,0.27312775330396477
11,6,26,"regular","False",3,3,0,11,20,1,0,4,29,29.67,-4,"Loss",0.3333333333333333,0.5454545454545454,"Penn State_2021",0.9545454545454546,0.32831325301204817
12,26,26,"regular","False",0,7,14,7,21,0,0,4,50,33.57,28,"Win",0.3333333333333333,0.53125,"Penn State_2021",1.3125,0.36609336609336607
2,26,26,"regular","False",14,12,14,6,27,0,0,4,35,31.97,36,"Win",0.25,0.7380952380952381,"Penn State_2022",0.8095238095238095,0.4090909090909091
4,26,14,"regular","False",14,7,6,6,21,0,0,5,45,30.45,19,"Win",0.38461538461538464,0.6153846153846154,"Penn State_2022",0.8205128205128205,0.4119106699751861
5,26,11,"regular","False",7,7,0,3,21,4,1,7,55,37.47,10,"Win",0.26666666666666666,0.5,"Penn State_2022",2.9,0.6111111111111112
8,26,16,"regular","False",0,17,21,7,24,0,1,4,35,28.5,28,"Win",0.45454545454545453,0.7272727272727273,"Penn State_2022",1.0303030303030303,0.3653444676409186
9,2,13,"regular","False",0,14,0,17,24,1,3,6,50,30.43,-13,"Loss",0.375,0.6808510638297872,"Penn State_2022",0.7021276595744681,0.23029045643153526
11,26,14,"regular","False",14,13,3,0,21,1,0,6,65,34.77,30,"Win",0.3333333333333333,0.5333333333333333,"Penn State_2022",1.4333333333333333,0.6029055690072639
13,26,11,"regular","False",7,7,7,14,24,0,0,6,46,34.03,19,"Win",0.5,0.8,"Penn State_2022",1.8,0.3902439024390244
1,26,7,"regular","False",7,7,7,17,27,0,0,1,5,28.73,23,"Win",0.3333333333333333,0.7333333333333333,"Penn State_2023",1.1666666666666667,0.3054393305439331
2,26,7,"regular","False",14,21,21,7,34,0,0,7,55,42.37,56,"Win",0.5714285714285714,0.8064516129032258,"Penn State_2023",1.935483870967742,0.5822550831792976
4,24,7,"regular","False",3,7,14,7,28,0,0,4,45,45.45,31,"Win",0.45,0.65,"Penn State_2023",1.425,0.5415617128463476
7,26,6,"regular","False",7,21,21,14,28,2,0,6,60,27.03,63,"Win",0.7777777777777778,0.6956521739130435,"Penn State_2023",1.608695652173913,0.6029411764705882
9,26,10,"regular","False",7,10,7,9,19,0,1,6,60,35.42,9,"Win",0.3888888888888889,0.6451612903225806,"Penn State_2023",1.3870967741935485,0.38596491228070173
11,3,10,"regular","False",3,6,0,6,17,1,0,5,33,26.8,-9,"Loss",0.2857142857142857,0.4782608695652174,"Penn State_2023",1.5217391304347827,0.6890756302521008
12,26,12,"regular","False",0,10,3,14,16,1,0,1,2,28.0,21,"Win",0.4444444444444444,0.5,"Penn State_2023",2.7857142857142856,0.7267080745341615
17,11,10,"post","True",3,14,0,8,21,1,1,6,50,26.37,-13,"Loss",0.4,0.5,"Penn State_2023",0.7,0.32745098039215687
2,26,8,"regular","False",7,13,7,7,21,0,1,7,76,28.0,7,"Win",0.2222222222222222,0.65,"Penn State_2024",1.85,0.5342465753424658
4,26,10,"regular","False",7,21,14,14,40,0,1,7,65,35.68,56,"Win",0.8,0.7741935483870968,"Penn State_2024",1.6129032258064515,0.43036211699164345
5,19,9,"regular","False",7,0,7,7,24,0,0,6,63,33.82,14,"Win",0.5454545454545454,0.7142857142857143,"Penn State_2024",2.0952380952380953,0.6390374331550802
6,26,7,"regular","False",0,14,10,3,18,0,0,2,20,27.05,16,"Win",0.5833333333333334,0.7083333333333334,"Penn State_2024",1.25,0.2639751552795031
10,4,3,"regular","False",10,0,3,0,15,0,1,5,45,28.52,-7,"Loss",0.2727272727272727,0.6190476190476191,"Penn State_2024",1.5238095238095237,0.4444444444444444
11,26,6,"regular","False",7,21,0,7,24,1,0,5,54,31.13,29,"Win",0.7692307692307693,0.6666666666666666,"Penn State_2024",1.3333333333333333,0.5473251028806584
14,26,4,"regular","False",3,28,0,13,24,1,0,5,47,32.67,37,"Win",0.3333333333333333,0.6666666666666666,"Penn State_2024",1.6333333333333333,0.5315533980582524
17,11,6,"post","False",7,21,3,7,18,0,1,6,65,31.2,28,"Win",0.46153846153846156,0.56,"Penn State_2024",1.6,0.5815384615384616
17,7,6,"post","True",0,10,0,14,20,0,1,5,44,30.07,-3,"Loss",0.2727272727272727,0.5217391304347826,"Penn State_2024",1.826086956521739,0.6017699115044248
1,26,26,"regular","False",7,16,14,6,22,0,0,7,52,29.07,9,"Win",0.4117647058823529,0.5,"Purdue_2014",1.0263157894736843,0.5552825552825553
2,26,26,"regular","False",0,7,3,7,19,1,2,7,69,29.3,-21,"Loss",0.42857142857142855,0.4897959183673469,"Purdue_2014",0.6938775510204082,0.37423312883435583
4,26,26,"regular","False",17,11,0,7,23,1,0,4,26,31.25,22,"Win",0.5,0.5769230769230769,"Purdue_2014",1.6923076923076923,0.48031496062992124
5,26,26,"regular","False",7,3,0,0,9,0,2,3,19,25.5,-14,"Loss",0.35294117647058826,0.40625,"Purdue_2014",0.9375,0.5384615384615384
7,8,26,"regular","False",3,14,0,14,18,1,1,4,21,26.88,-14,"Loss",0.16666666666666666,0.6486486486486487,"Purdue_2014",0.6756756756756757,0.37941176470588234
11,25,26,"regular","False",3,3,10,0,11,0,0,2,15,26.85,-18,"Loss",0.29411764705882354,0.4594594594594595,"Purdue_2014",0.7027027027027027,0.11304347826086956
13,26,26,"regular","False",0,7,0,7,19,3,2,5,56,29.4,-24,"Loss",0.3888888888888889,0.5416666666666666,"Purdue_2014",0.6666666666666666,0.1955128205128205
2,26,26,"regular","False",14,10,7,7,24,2,0,5,42,27.42,24,"Win",0.3333333333333333,0.5555555555555556,"Purdue_2015",1.25,0.4648148148148148
3,26,26,"regular","False",7,10,0,7,9,1,2,10,79,21.82,-27,"Loss",0.13333333333333333,0.34285714285714286,"Purdue_2015",0.8285714285714286,0.5433962264150943
4,26,26,"regular","False",7,7,7,7,25,0,1,9,92,32.48,-7,"Loss",0.5294117647058824,0.75,"Purdue_2015",0.95,0.1807511737089202
6,26,26,"regular","False",6,0,0,7,17,1,3,0,0,23.95,-28,"Loss",0.17647058823529413,0.42857142857142855,"Purdue_2015",0.5714285714285714,0.24727272727272728
9,26,26,"regular","False",7,14,21,13,20,0,0,6,58,30.42,10,"Win",0.47058823529411764,0.6511627906976745,"Purdue_2015",0.8604651162790697,0.40043763676148797
10,26,26,"regular","False",0,7,0,7,17,0,2,3,34,26.4,-34,"Loss",0.3333333333333333,0.6170212765957447,"Purdue_2015",0.5957446808510638,0.33840304182509506
13,26,26,"regular","False",7,7,14,8,30,2,2,8,99,28.88,-18,"Loss",0.375,0.6379310344827587,"Purdue_2015",0.6206896551724138,0.30864197530864196
1,26,26,"regular","False",21,7,0,17,25,0,1,2,17,32.25,21,"Win",0.47058823529411764,0.5909090909090909,"Purdue_2016",0.8863636363636364,0.509765625
2,26,26,"regular","False",0,7,0,13,29,0,5,2,24,29.72,-18,"Loss",0.5882352941176471,0.5614035087719298,"Purdue_2016",0.43859649122807015,0.20436507936507936
4,26,26,"regular","False",0,10,7,7,25,3,1,4,50,31.85,10,"Win",0.7333333333333333,0.6774193548387096,"Purdue_2016",1.4193548387096775,0.3562231759656652
7,26,26,"regular","False",0,7,7,21,24,0,1,6,38,23.9,-14,"Loss",0.3333333333333333,0.5084745762711864,"Purdue_2016",0.3559322033898305,0.09306930693069307
9,24,26,"regular","False",7,10,7,0,20,2,2,8,76,34.78,-38,"Loss",0.4090909090909091,0.6545454545454545,"Purdue_2016",0.4727272727272727,0.1348973607038123
11,26,26,"regular","False",10,0,7,0,22,0,4,2,15,29.23,-28,"Loss",0.375,0.5686274509803921,"Purdue_2016",0.6274509803921569,0.3299492385786802
12,7,26,"regular","False",3,7,3,7,16,0,3,4,20,21.55,-29,"Loss",0.3,0.4838709677419355,"Purdue_2016",0.7096774193548387,0.24232081911262798
1,16,26,"regular","True",7,7,7,7,25,1,3,6,69,28.15,-7,"Loss",0.35714285714285715,0.5789473684210527,"Purdue_2017",0.3684210526315789,0.14825581395348839
2,26,26,"regular","False",10,24,7,3,25,0,0,4,45,31.87,23,"Win",0.36363636363636365,0.6666666666666666,"Purdue_2017",1.8333333333333333,0.471326164874552
4,8,26,"regular","False",0,10,0,0,8,1,0,8,82,21.02,-18,"Loss",0.0,0.43333333333333335,"Purdue_2017",0.6666666666666666,0.15873015873015872
6,26,26,"regular","False",6,0,7,18,22,2,2,6,61,27.2,14,"Win",0.46153846153846156,0.6944444444444444,"Purdue_2017",0.8055555555555556,0.30068337129840544
9,26,26,"regular","False",0,14,3,7,20,0,0,7,63,25.4,-1,"Loss",0.23076923076923078,0.5714285714285714,"Purdue_2017",1.3571428571428572,0.5482093663911846
10,26,26,"regular","False",7,6,3,13,25,1,0,8,66,30.4,19,"Win",0.38461538461538464,0.6428571428571429,"Purdue_2017",1.5714285714285714,0.4804597701149425
13,26,26,"regular","False",7,14,3,7,22,1,0,4,17,30.42,7,"Win",0.2857142857142857,0.5333333333333333,"Purdue_2017",1.4333333333333333,0.6004415011037527
17,26,26,"post","True",14,17,0,7,27,0,1,5,50,32.08,3,"Win",0.3684210526315789,0.6226415094339622,"Purdue_2017",0.7547169811320755,0.2864864864864865
1,26,26,"regular","False",14,3,7,3,23,0,3,9,95,26.82,-4,"Loss",0.5333333333333333,0.6521739130434783,"Purdue_2018",0.5434782608695652,0.4279661016949153
2,26,26,"regular","False",6,6,0,7,19,2,0,7,85,30.02,-1,"Loss",0.3076923076923077,0.5833333333333334,"Purdue_2018",1.75,0.7163865546218487
3,26,26,"regular","False",7,17,3,10,23,0,1,7,65,28.07,-3,"Loss",0.5,0.7090909090909091,"Purdue_2018",0.2909090909090909,0.06840390879478828
4,23,26,"regular","False",7,16,7,0,17,2,0,2,25,37.03,17,"Win",0.4444444444444444,0.75,"Purdue_2018",1.4642857142857142,0.20430107526881722
8,2,26,"regular","False",7,7,7,28,24,0,0,7,95,28.72,29,"Win",0.4,0.5813953488372093,"Purdue_2018",0.6744186046511628,0.2987012987012987
10,16,26,"regular","False",14,7,14,3,21,0,2,6,60,25.92,2,"Win",0.5,0.71875,"Purdue_2018",0.96875,0.23271889400921658
12,26,26,"regular","False",0,10,14,3,28,1,0,5,48,28.53,-3,"Loss",0.3125,0.6458333333333334,"Purdue_2018",0.6458333333333334,0.1645021645021645
2,26,26,"regular","False",7,7,14,14,27,0,1,8,63,28.62,18,"Win",0.4166666666666667,0.6538461538461539,"Purdue_2019",0.34615384615384615,0.05740740740740741
3,26,26,"regular","False",3,3,0,7,8,0,2,2,20,19.45,-21,"Loss",0.26666666666666666,0.4482758620689655,"Purdue_2019",0.8620689655172413,0.11274509803921569
5,26,26,"regular","False",3,7,7,14,28,0,2,3,29,30.98,-7,"Loss",0.4375,0.5510204081632653,"Purdue_2019",0.673469387755102,0.2971014492753623
7,26,26,"regular","False",13,17,3,7,24,1,0,4,40,37.1,26,"Win",0.6111111111111112,0.8048780487804879,"Purdue_2019",0.9024390243902439,0.23217550274223034
9,26,26,"regular","False",0,0,0,6,17,1,1,2,20,27.62,-18,"Loss",0.2777777777777778,0.45454545454545453,"Purdue_2019",1.3333333333333333,0.4981549815498155
10,26,26,"regular","False",0,14,3,14,24,0,2,10,89,33.05,4,"Win",0.5714285714285714,0.7560975609756098,"Purdue_2019",0.8780487804878049,0.32293986636971045
14,26,26,"regular","False",0,10,7,14,28,1,1,1,15,21.92,-3,"Loss",0.5,0.56,"Purdue_2019",0.66,0.3073005093378608
8,26,26,"regular","False",7,7,0,10,24,0,2,3,21,30.18,4,"Win",0.375,0.62,"Purdue_2020",0.54,0.2694300518134715
11,23,26,"regular","False",3,7,3,7,15,1,0,6,24,24.97,-7,"Loss",0.23529411764705882,0.5490196078431373,"Purdue_2020",0.3333333333333333,0.007547169811320755
13,26,26,"regular","False",7,16,7,0,25,0,1,7,47,24.87,-7,"Loss",0.36363636363636365,0.5714285714285714,"Purdue_2020",0.9428571428571428,0.42475728155339804
14,26,26,"regular","False",3,10,7,7,19,0,0,11,126,26.18,-10,"Loss",0.23076923076923078,0.7021276595744681,"Purdue_2020",0.3617021276595745,-0.006024096385542169
1,26,26,"regular","False",7,6,3,14,24,0,1,4,35,34.57,9,"Win",0.4375,0.6904761904761905,"Purdue_2021",0.7857142857142857,0.2194513715710723
4,26,26,"regular","False",6,0,0,7,17,0,2,1,15,26.25,4,"Win",0.5,0.6,"Purdue_2021",0.65,0.12063492063492064
5,26,26,"regular","False",3,10,0,0,28,1,1,3,30,33.37,-7,"Loss",0.3888888888888889,0.6538461538461539,"Purdue_2021",0.6538461538461539,0.171875
8,26,25,"regular","False",0,13,0,0,17,2,3,4,45,27.37,-17,"Loss",0.25,0.7105263157894737,"Purdue_2021",0.631578947368421,-0.06310679611650485
10,3,26,"regular","False",7,14,10,9,29,1,0,3,25,35.22,11,"Win",0.6111111111111112,0.7407407407407407,"Purdue_2021",0.5740740740740741,0.09764309764309764
13,26,26,"regular","False",7,10,14,13,25,0,0,6,66,29.23,37,"Win",0.25,0.8181818181818182,"Purdue_2021",0.8484848484848485,0.37360178970917224
17,26,26,"post","True",7,16,7,15,26,0,3,5,61,30.12,3,"Win",0.375,0.5416666666666666,"Purdue_2021",0.6875,0.14832535885167464
1,26,26,"regular","False",3,7,14,7,26,1,0,9,92,29.27,-4,"Loss",0.3125,0.5084745762711864,"Purdue_2022",0.3728813559322034,0.1431924882629108
2,26,26,"regular","False",21,14,14,7,28,1,0,3,13,31.78,56,"Win",0.6,0.8333333333333334,"Purdue_2022",1.5,0.44529750479846447
4,26,26,"regular","False",7,7,7,7,21,1,1,5,55,30.55,2,"Win",0.25,0.7096774193548387,"Purdue_2022",1.1612903225806452,0.5310734463276836
7,26,26,"regular","False",10,17,7,9,38,0,1,2,14,42.7,6,"Win",0.5,0.6481481481481481,"Purdue_2022",0.8703703703703703,0.3569078947368421
10,26,26,"regular","False",0,3,0,0,17,0,2,4,31,31.97,-21,"Loss",0.125,0.46511627906976744,"Purdue_2022",0.7209302325581395,0.3411764705882353
12,26,26,"regular","False",7,7,0,3,17,0,0,2,20,30.6,8,"Win",0.35714285714285715,0.64,"Purdue_2022",1.68,0.4682274247491639
17,17,26,"post","True",0,0,0,7,16,0,3,5,35,30.62,-56,"Loss",0.2222222222222222,0.4523809523809524,"Purdue_2022",0.8571428571428571,0.3574144486692015
1,26,26,"regular","False",7,14,7,7,19,0,0,4,35,23.45,-4,"Loss",0.25,0.5666666666666667,"Purdue_2023",1.0,0.3002754820936639
3,26,26,"regular","False",0,7,7,6,29,3,1,11,127,30.53,-15,"Loss",0.5,0.6956521739130435,"Purdue_2023",0.6956521739130435,0.19851116625310175
4,26,26,"regular","False",3,0,14,0,23,1,2,7,73,26.1,-21,"Loss",0.46153846153846156,0.5526315789473685,"Purdue_2023",0.8157894736842105,0.4898989898989899
5,26,26,"regular","False",6,10,21,7,25,1,0,3,15,31.93,25,"Win",0.6153846153846154,0.6923076923076923,"Purdue_2023",1.7307692307692308,0.46551724137931033
7,3,26,"regular","False",0,0,0,7,15,0,0,5,41,27.55,-34,"Loss",0.17647058823529413,0.4,"Purdue_2023",1.0,0.4785992217898833
11,26,26,"regular","False",14,14,7,14,25,0,0,6,60,31.28,19,"Win",0.4,0.68,"Purdue_2023",1.76,0.5844370860927153
13,26,26,"regular","False",0,12,6,17,25,0,0,4,50,33.02,4,"Win",0.26666666666666666,0.6176470588235294,"Purdue_2023",1.3823529411764706,0.39293598233995586
1,26,26,"regular","False",7,14,14,14,26,1,0,11,110,29.52,49,"Win",0.5833333333333334,0.8571428571428571,"Purdue_2024",0.8857142857142857,0.42538593481989706
3,18,26,"regular","False",0,0,7,0,6,0,2,7,68,24.28,-59,"Loss",0.08333333333333333,0.4583333333333333,"Purdue_2024",1.0416666666666667,0.2345679012345679
5,26,26,"regular","False",0,0,3,7,12,0,1,13,165,29.7,-18,"Loss",0.4666666666666667,0.72,"Purdue_2024",1.24,0.22321428571428573
8,2,26,"regular","False",0,0,0,0,16,1,1,6,40,30.03,-35,"Loss",0.3333333333333333,0.47368421052631576,"Purdue_2024",2.1052631578947367,0.6910299003322259
10,26,26,"regular","False",3,7,3,7,16,0,0,2,20,24.98,-6,"Loss",0.4375,0.6097560975609756,"Purdue_2024",0.5609756097560976,0.1394658753709199
12,4,26,"regular","False",0,3,0,7,16,0,0,4,34,28.67,-39,"Loss",0.35714285714285715,0.4838709677419355,"Purdue_2024",0.9032258064516129,0.2814569536423841
2,26,26,"regular","False",10,21,7,0,20,1,0,3,41,29.47,13,"Win",0.3,0.7272727272727273,"Rutgers_2014",1.7272727272727273,0.27455919395465994
3,26,26,"regular","False",0,10,0,0,15,0,5,9,75,26.5,-3,"Loss",0.35714285714285715,0.4838709677419355,"Rutgers_2014",1.0,0.3469387755102041
5,26,26,"regular","False",14,7,3,7,20,0,1,4,30,31.78,25,"Win",0.3,0.6666666666666666,"Rutgers_2014",1.9047619047619047,0.37012987012987014
6,26,26,"regular","False",6,13,0,7,18,0,0,9,85,30.58,2,"Win",0.5,0.575,"Rutgers_2014",0.75,0.15546218487394958
10,26,26,"regular","False",0,0,0,0,8,0,1,4,35,24.08,-37,"Loss",0.2,0.25925925925925924,"Rutgers_2014",1.0740740740740742,0.5467625899280576
12,26,26,"regular","False",3,7,21,14,19,1,0,5,41,28.38,22,"Win",0.2857142857142857,0.5925925925925926,"Rutgers_2014",1.4814814814814814,0.49417249417249415
1,26,26,"regular","False",7,14,28,14,26,1,0,9,60,32.38,50,"Win",0.5555555555555556,0.8666666666666667,"Rutgers_2015",3.1333333333333333,0.5398886827458256
2,26,26,"regular","False",0,6,6,22,26,2,1,11,100,31.85,-3,"Loss",0.5,0.7931034482758621,"Rutgers_2015",1.2758620689655173,0.4925373134328358
4,26,26,"regular","False",7,13,7,0,31,1,2,10,80,37.98,13,"Win",0.6666666666666666,0.72,"Rutgers_2015",2.32,0.6081871345029239
6,4,26,"regular","False",0,14,7,3,15,0,0,3,20,25.8,-7,"Loss",0.25,0.5769230769230769,"Rutgers_2015",1.2307692307692308,0.4040114613180516
8,1,26,"regular","False",0,0,0,7,12,0,1,7,55,27.33,-42,"Loss",0.3333333333333333,0.48148148148148145,"Rutgers_2015",1.0740740740740742,0.35494880546075086
11,26,26,"regular","False",0,7,7,0,15,0,2,4,23,29.98,-17,"Loss",0.21428571428571427,0.5172413793103449,"Rutgers_2015",1.3103448275862069,0.3436293436293436
13,26,26,"regular","False",7,24,7,3,23,0,1,9,92,36.83,-5,"Loss",0.2727272727272727,0.6363636363636364,"Rutgers_2015",1.4242424242424243,0.35094339622641507
2,26,26,"regular","False",7,7,21,17,26,0,1,6,61,26.5,38,"Win",0.5,0.4782608695652174,"Rutgers_2016",2.3043478260869565,0.732421875
3,26,26,"regular","False",7,21,3,6,14,1,0,5,37,21.72,9,"Win",0.35294117647058826,0.4,"Rutgers_2016",1.0666666666666667,0.5057142857142857
4,26,26,"regular","False",0,0,0,7,21,1,0,4,50,30.68,-7,"Loss",0.375,0.5416666666666666,"Rutgers_2016",2.2083333333333335,0.5039164490861618
6,4,26,"regular","False",0,0,0,0,2,1,0,7,41,26.73,-78,"Loss",0.0,0.1111111111111111,"Rutgers_2016",2.0,0.8717948717948718
7,26,26,"regular","False",0,0,0,7,23,4,1,4,36,32.8,-17,"Loss",0.5625,0.5666666666666667,"Rutgers_2016",1.6666666666666667,0.5272727272727272
10,26,26,"regular","False",10,7,7,3,13,1,0,8,80,27.25,-6,"Loss",0.0625,0.5277777777777778,"Rutgers_2016",0.9444444444444444,0.26495726495726496
12,8,26,"regular","False",0,0,0,0,5,0,0,6,50,24.82,-39,"Loss",0.07142857142857142,0.4117647058823529,"Rutgers_2016",1.9411764705882353,0.4482758620689655
1,8,26,"regular","False",7,0,0,7,19,0,2,4,25,38.15,-16,"Loss",0.47368421052631576,0.6857142857142857,"Rutgers_2017",1.2,0.42394822006472493
2,26,26,"regular","False",3,0,10,0,15,0,2,9,88,30.38,-3,"Loss",0.23529411764705882,0.4473684210526316,"Rutgers_2017",0.7894736842105263,0.39263803680981596
3,26,26,"regular","False",7,27,17,14,25,1,0,8,60,33.52,65,"Win",0.5384615384615384,0.6842105263157895,"Rutgers_2017",2.8421052631578947,0.6820083682008368
5,11,26,"regular","False",0,0,0,0,13,0,2,10,80,35.43,-56,"Loss",0.3333333333333333,0.4074074074074074,"Rutgers_2017",1.5185185185185186,0.5598086124401914
8,26,26,"regular","False",7,0,7,0,8,0,0,4,35,27.9,2,"Win",0.2,0.5,"Rutgers_2017",2.0555555555555554,0.5990783410138248
10,26,26,"regular","False",0,17,0,14,21,1,1,6,49,28.9,7,"Win",0.5714285714285714,0.4444444444444444,"Rutgers_2017",2.5555555555555554,0.6907514450867052
13,16,26,"regular","False",0,7,0,0,5,1,2,5,44,12.17,-33,"Loss",0.0,0.3157894736842105,"Rutgers_2017",0.631578947368421,0.125
1,26,26,"regular","False",7,14,7,7,23,1,3,7,50,35.53,28,"Win",0.6,0.6666666666666666,"Rutgers_2018",1.5333333333333334,0.5153664302600472
4,26,26,"regular","False",3,3,0,7,14,0,0,9,97,32.55,-29,"Loss",0.1111111111111111,0.4864864864864865,"Rutgers_2018",1.027027027027027,0.4084507042253521
5,26,26,"regular","False",7,0,0,10,19,0,1,6,63,24.6,-7,"Loss",0.3333333333333333,0.5277777777777778,"Rutgers_2018",0.6388888888888888,0.33676975945017185
6,26,26,"regular","False",7,7,0,3,24,0,3,10,105,30.95,-21,"Loss",0.2857142857142857,0.6304347826086957,"Rutgers_2018",0.6521739130434783,0.3082901554404145
8,26,26,"regular","False",0,12,3,0,10,0,0,7,60,25.62,-3,"Loss",0.13333333333333333,0.4838709677419355,"Rutgers_2018",0.8387096774193549,0.5691489361702128
11,4,26,"regular","False",7,0,0,0,11,1,1,3,30,26.37,-35,"Loss",0.3333333333333333,0.45,"Rutgers_2018",1.65,0.7658730158730159
12,14,26,"regular","False",0,0,0,7,17,1,2,5,62,32.3,-13,"Loss",0.3333333333333333,0.3125,"Rutgers_2018",3.4375,0.8034188034188035
1,26,26,"regular","False",7,31,3,7,24,0,3,7,80,36.1,27,"Win",0.5,0.6875,"Rutgers_2019",1.34375,0.37184115523465705
4,26,26,"regular","False",7,6,0,3,14,1,1,11,100,29.6,-14,"Loss",0.26666666666666666,0.6764705882352942,"Rutgers_2019",0.7647058823529411,0.2
6,26,26,"regular","False",0,7,0,0,11,0,2,6,36,34.1,-41,"Loss",0.2222222222222222,0.52,"Rutgers_2019",1.88,0.48089171974522293
8,20,26,"regular","False",0,0,0,7,16,0,3,5,55,26.45,-35,"Loss",0.5714285714285714,0.47368421052631576,"Rutgers_2019",2.1052631578947367,0.746031746031746
9,26,26,"regular","False",7,14,17,6,25,0,0,7,48,37.9,10,"Win",0.7058823529411765,0.7142857142857143,"Rutgers_2019",2.619047619047619,0.5853131749460043
12,2,26,"regular","False",7,0,7,7,10,1,2,5,55,31.43,-35,"Loss",0.3333333333333333,0.46153846153846156,"Rutgers_2019",1.5384615384615385,0.47619047619047616
13,26,26,"regular","False",0,0,0,0,7,1,1,7,84,22.15,-27,"Loss",0.0,0.4,"Rutgers_2019",1.35,0.5928571428571429
9,17,26,"regular","False",7,0,8,6,19,0,3,9,66,27.48,-16,"Loss",0.21428571428571427,0.6285714285714286,"Rutgers_2020",0.9428571428571428,0.4898785425101215
11,26,26,"regular","False",10,3,7,0,19,0,3,7,56,25.37,-3,"Loss",0.2857142857142857,0.6176470588235294,"Rutgers_2020",0.9705882352941176,0.3933649289099526
12,26,26,"regular","False",7,10,10,8,24,0,1,12,99,29.22,-6,"Loss",0.3888888888888889,0.6590909090909091,"Rutgers_2020",0.9090909090909091,0.21604938271604937
14,26,26,"regular","False",0,0,7,0,12,1,0,3,30,23.22,-16,"Loss",0.2,0.5625,"Rutgers_2020",1.0,0.40487804878048783
16,26,26,"regular","False",3,11,7,0,9,0,1,5,32,20.48,-7,"Loss",0.15384615384615385,0.5,"Rutgers_2020",1.3636363636363635,0.5158730158730159
1,26,26,"regular","False",12,14,14,21,21,0,0,1,15,34.8,47,"Win",0.3333333333333333,0.5517241379310345,"Rutgers_2021",1.7586206896551724,0.6027397260273972
3,26,26,"regular","False",7,28,3,7,25,0,0,2,30,29.82,32,"Win",0.7142857142857143,0.7931034482758621,"Rutgers_2021",1.3103448275862069,0.3306288032454361
5,11,26,"regular","False",6,0,0,7,18,0,3,3,25,29.65,-39,"Loss",0.26666666666666666,0.7,"Rutgers_2021",0.775,0.3208092485549133
6,11,26,"regular","False",7,6,0,0,19,1,0,7,65,30.95,-18,"Loss",0.29411764705882354,0.5365853658536586,"Rutgers_2021",0.8780487804878049,0.29442970822281167
10,21,26,"regular","False",3,0,0,0,11,1,3,4,39,22.47,-49,"Loss",0.09090909090909091,0.48148148148148145,"Rutgers_2021",1.1111111111111112,0.45893719806763283
13,26,26,"regular","False",2,0,14,0,15,0,1,1,4,26.33,-24,"Loss",0.18181818181818182,0.5333333333333333,"Rutgers_2021",1.1333333333333333,0.5015290519877675
17,17,26,"post","True",7,3,0,0,17,0,2,7,49,29.92,-28,"Loss",0.38461538461538464,0.5454545454545454,"Rutgers_2021",0.8787878787878788,0.40217391304347827
2,26,26,"regular","False",28,10,14,14,33,0,1,6,64,32.15,59,"Win",0.6153846153846154,0.6,"Rutgers_2022",2.16,0.5606837606837607
4,26,26,"regular","False",3,0,0,7,20,1,2,5,37,30.63,-17,"Loss",0.3125,0.58,"Rutgers_2022",0.48,0.16897506925207756
6,26,26,"regular","False",10,3,0,0,14,0,3,9,97,28.33,-1,"Loss",0.25,0.4,"Rutgers_2022",1.2666666666666666,0.33045977011494254
8,26,26,"regular","False",0,7,10,7,17,0,0,7,55,38.88,7,"Win",0.29411764705882354,0.5,"Rutgers_2022",2.0833333333333335,0.6295081967213115
10,5,26,"regular","False",7,10,0,0,5,0,3,5,45,22.32,-35,"Loss",0.23076923076923078,0.4827586206896552,"Rutgers_2022",0.6551724137931034,0.07777777777777778
12,11,26,"regular","False",10,0,0,0,9,2,1,4,25,29.82,-45,"Loss",0.21052631578947367,0.4411764705882353,"Rutgers_2022",1.0294117647058822,0.19161676646706588
1,26,26,"regular","False",7,10,7,0,20,1,0,2,19,37.93,17,"Win",0.4444444444444444,0.5862068965517241,"Rutgers_2023",1.5172413793103448,0.4280701754385965
2,26,26,"regular","False",7,6,0,23,20,1,0,5,56,34.98,29,"Win",0.5333333333333333,0.47619047619047616,"Rutgers_2023",2.4761904761904763,0.5619469026548672
3,26,26,"regular","False",7,14,0,14,14,0,0,4,35,26.27,19,"Win",0.46153846153846156,0.4375,"Rutgers_2023",2.125,0.847682119205298
5,26,26,"regular","False",10,14,14,14,28,0,0,4,30,37.62,49,"Win",0.4,0.6666666666666666,"Rutgers_2023",2.4761904761904763,0.6123853211009175
7,26,26,"regular","False",3,3,0,21,20,1,2,6,70,30.1,3,"Win",0.3333333333333333,0.4642857142857143,"Rutgers_2023",1.3214285714285714,0.3864406779661017
10,1,26,"regular","False",0,9,0,7,22,0,1,3,30,35.62,-19,"Loss",0.3076923076923077,0.4,"Rutgers_2023",1.72,0.6426592797783933
13,26,26,"regular","False",3,14,0,7,20,0,1,8,80,34.35,-18,"Loss",0.42105263157894735,0.38235294117647056,"Rutgers_2023",1.3235294117647058,0.5352112676056338
1,26,26,"regular","False",7,10,14,13,29,0,0,3,40,33.23,37,"Win",0.5,0.625,"Rutgers_2024",1.9166666666666667,0.6911764705882353
2,26,26,"regular","False",7,14,14,14,26,0,1,5,40,32.5,32,"Win",0.6666666666666666,0.6086956521739131,"Rutgers_2024",1.9130434782608696,0.5533980582524272
5,26,26,"regular","False",0,14,0,7,15,0,0,4,31,29.43,3,"Win",0.4666666666666667,0.5833333333333334,"Rutgers_2024",1.375,0.6153846153846154
7,26,26,"regular","False",0,0,0,7,13,0,1,4,30,25.07,-35,"Loss",0.29411764705882354,0.375,"Rutgers_2024",1.09375,0.6199261992619927
8,26,26,"regular","False",7,3,9,13,23,0,1,3,25,25.3,-3,"Loss",0.3333333333333333,0.6,"Rutgers_2024",0.9666666666666667,0.31990521327014215
11,26,26,"regular","False",7,7,0,12,19,0,1,4,43,31.98,7,"Win",0.2857142857142857,0.5151515151515151,"Rutgers_2024",1.1515151515151516,0.3123209169054441
13,25,26,"regular","False",3,14,0,14,30,1,0,6,73,34.37,-7,"Loss",0.5714285714285714,0.5,"Rutgers_2024",1.25,0.5503875968992248
1,21,9,"regular","False",7,7,14,0,23,0,1,4,21,22.37,-24,"Loss",0.2222222222222222,0.5,"South Carolina_2014",0.55,0.15473441108545036
2,26,21,"regular","False",7,13,10,3,26,0,1,5,60,36.32,10,"Win",0.5384615384615384,0.6578947368421053,"South Carolina_2014",1.0,0.3968253968253968
3,6,24,"regular","False",14,10,7,7,27,1,1,7,69,31.45,3,"Win",0.2222222222222222,0.7,"South Carolina_2014",1.4,0.39373601789709173
5,26,13,"regular","False",3,7,3,7,18,0,0,8,71,35.92,-1,"Loss",0.38095238095238093,0.5675675675675675,"South Carolina_2014",1.135135135135135,0.3520710059171598
8,26,26,"regular","False",14,14,10,3,26,2,0,7,53,29.62,31,"Win",0.3333333333333333,0.5714285714285714,"South Carolina_2014",1.5357142857142858,0.48722627737226276
10,26,26,"regular","False",7,7,14,14,26,0,1,7,51,30.22,-3,"Loss",0.46153846153846156,0.6176470588235294,"South Carolina_2014",1.1470588235294117,0.3968
13,26,26,"regular","False",10,7,6,14,20,4,1,6,57,24.2,25,"Win",0.4,0.55,"South Carolina_2014",1.85,0.46255506607929514
17,26,26,"post","True",0,17,0,7,16,0,0,5,51,28.83,3,"Win",0.4666666666666667,0.6470588235294118,"South Carolina_2014",0.8823529411764706,0.1744186046511628
1,26,26,"regular","True",0,10,0,7,22,0,0,8,60,35.63,4,"Win",0.4666666666666667,0.4444444444444444,"South Carolina_2015",1.7407407407407407,0.6446700507614214
2,26,26,"regular","False",7,0,6,9,22,0,1,5,50,28.2,-4,"Loss",0.2,0.6296296296296297,"South Carolina_2015",1.2592592592592593,0.4676258992805755
4,26,26,"regular","False",3,5,20,3,20,1,0,2,20,33.9,17,"Win",0.4375,0.48,"South Carolina_2015",1.72,0.54
7,26,26,"regular","False",6,0,10,3,17,1,1,6,39,27.17,9,"Win",0.15384615384615385,0.5862068965517241,"South Carolina_2015",1.2758620689655173,0.3584905660377358
11,11,26,"regular","False",0,0,0,14,13,0,2,4,45,20.07,-10,"Loss",0.3,0.56,"South Carolina_2015",0.92,0.1044776119402985
12,26,26,"regular","False",3,6,7,6,18,0,0,7,51,27.47,-1,"Loss",0.375,0.6511627906976745,"South Carolina_2015",0.5813953488372093,0.16400911161731208
13,1,26,"regular","False",0,3,14,15,17,0,1,4,30,29.25,-5,"Loss",0.4,0.4666666666666667,"South Carolina_2015",1.2666666666666666,0.4502487562189055
3,26,26,"regular","False",17,0,0,3,13,0,0,7,65,21.58,5,"Win",0.25,0.5714285714285714,"South Carolina_2016",0.8928571428571429,0.375
5,9,26,"regular","False",7,0,3,3,21,1,1,3,20,31.78,-11,"Loss",0.21428571428571427,0.6285714285714286,"South Carolina_2016",1.0,0.42592592592592593
6,26,26,"regular","False",0,0,7,7,15,2,1,5,44,24.97,-14,"Loss",0.15384615384615385,0.7222222222222222,"South Carolina_2016",0.7222222222222222,0.09748427672955975
8,26,26,"regular","False",14,13,7,0,21,2,0,6,67,31.93,6,"Win",0.5,0.6538461538461539,"South Carolina_2016",1.6923076923076923,0.4911392405063291
9,18,26,"regular","False",7,7,3,7,19,0,0,7,77,35.9,3,"Win",0.3125,0.7142857142857143,"South Carolina_2016",2.3333333333333335,0.48615384615384616
10,26,26,"regular","False",7,14,7,3,22,0,0,6,45,36.17,10,"Win",0.47058823529411764,0.7857142857142857,"South Carolina_2016",1.75,0.40654205607476634
12,26,26,"regular","False",21,14,3,6,28,1,0,3,25,36.15,13,"Win",0.6666666666666666,0.625,"South Carolina_2016",2.3333333333333335,0.717687074829932
17,26,26,"post","True",0,14,10,15,27,3,2,3,35,31.95,-7,"Loss",0.3076923076923077,0.7441860465116279,"South Carolina_2016",0.7906976744186046,0.1891891891891892
1,26,26,"regular","True",14,7,14,0,12,0,1,6,45,23.1,7,"Win",0.4166666666666667,0.5862068965517241,"South Carolina_2017",0.7241379310344828,0.12601626016260162
3,26,26,"regular","False",6,0,0,7,14,0,2,7,45,23.18,-10,"Loss",0.25,0.6486486486486487,"South Carolina_2017",0.5405405405405406,0.15083798882681565
4,26,26,"regular","False",0,0,0,17,23,1,1,1,15,29.13,1,"Win",0.5714285714285714,0.6285714285714286,"South Carolina_2017",0.9142857142857143,0.3264840182648402
6,26,26,"regular","False",3,14,17,14,19,0,0,3,25,29.58,26,"Win",0.3076923076923077,0.5161290322580645,"South Carolina_2017",1.1612903225806452,0.4441340782122905
9,26,26,"regular","False",14,10,7,3,26,0,0,7,50,30.6,7,"Win",0.5,0.6551724137931034,"South Carolina_2017",1.2758620689655173,0.5492227979274611
11,26,26,"regular","False",14,7,7,0,24,1,3,3,26,35.68,8,"Win",0.38461538461538464,0.6551724137931034,"South Carolina_2017",1.6206896551724137,0.4690831556503198
12,26,26,"regular","False",0,14,7,10,23,0,0,3,31,33.53,21,"Win",0.5454545454545454,0.7857142857142857,"South Carolina_2017",1.3571428571428572,0.5012853470437018
13,3,24,"regular","False",0,0,0,10,10,0,2,9,76,24.57,-24,"Loss",0.4,0.5517241379310345,"South Carolina_2017",0.8620689655172413,0.391304347826087
17,26,26,"post","True",0,3,13,10,13,2,1,7,68,25.72,7,"Win",0.14285714285714285,0.59375,"South Carolina_2017",0.8125,0.20333333333333334
1,26,26,"regular","False",14,14,14,7,32,0,0,9,99,30.03,34,"Win",0.5555555555555556,0.7142857142857143,"South Carolina_2018",1.0857142857142856,0.47217235188509876
2,3,24,"regular","False",7,3,0,7,19,0,2,3,40,24.28,-24,"Loss",0.42857142857142855,0.6458333333333334,"South Carolina_2018",0.4166666666666667,0.16071428571428573
6,26,26,"regular","False",7,7,17,6,18,1,0,9,83,29.53,2,"Win",0.42105263157894735,0.5714285714285714,"South Carolina_2018",1.3428571428571427,0.3395225464190981
7,22,26,"regular","False",0,0,16,7,19,1,1,4,39,18.52,-3,"Loss",0.2222222222222222,0.4857142857142857,"South Carolina_2018",0.5142857142857142,0.25418060200668896
9,26,26,"regular","False",3,6,15,3,19,0,1,2,9,21.45,3,"Win",0.4444444444444444,0.6875,"South Carolina_2018",2.5,0.5957446808510638
12,26,26,"regular","False",14,14,7,14,33,0,0,6,48,31.38,40,"Win",0.5,0.8055555555555556,"South Carolina_2018",1.1666666666666667,0.3953488372093023
14,26,26,"regular","False",14,14,0,0,16,2,2,6,41,23.67,25,"Win",0.47058823529411764,0.5185185185185185,"South Carolina_2018",1.4074074074074074,0.4817708333333333
2,26,26,"regular","False",21,23,7,21,29,1,1,3,35,26.07,62,"Win",0.5714285714285714,0.8064516129032258,"South Carolina_2019",1.2258064516129032,0.6361290322580645
3,2,26,"regular","False",10,0,3,10,31,1,1,5,32,27.38,-24,"Loss",0.4444444444444444,0.631578947368421,"South Carolina_2019",0.5087719298245614,0.29411764705882354
5,26,26,"regular","False",7,3,7,7,21,1,0,5,40,33.83,17,"Win",0.3333333333333333,0.5555555555555556,"South Carolina_2019",1.7037037037037037,0.6382428940568475
8,9,26,"regular","False",7,3,10,7,16,1,0,5,60,32.05,-11,"Loss",0.3888888888888889,0.4857142857142857,"South Carolina_2019",1.2285714285714286,0.5607235142118863
10,26,26,"regular","False",0,14,0,10,25,1,0,11,94,33.78,17,"Win",0.6,0.7741935483870968,"South Carolina_2019",1.5806451612903225,0.4659090909090909
11,26,26,"regular","False",6,0,3,6,22,0,1,8,50,30.17,-5,"Loss",0.2222222222222222,0.5517241379310345,"South Carolina_2019",0.46551724137931033,0.06069364161849711
14,3,26,"regular","False",0,3,0,0,9,0,1,4,33,24.72,-35,"Loss",0.3333333333333333,0.5925925925925926,"South Carolina_2019",0.9629629629629629,0.39655172413793105
4,16,26,"regular","False",7,0,14,6,22,1,1,4,40,34.83,-4,"Loss",0.4,0.6410256410256411,"South Carolina_2020",0.8974358974358975,0.23482849604221637
7,15,26,"regular","False",0,14,13,3,20,0,1,5,39,31.28,8,"Win",0.5384615384615384,0.625,"South Carolina_2020",1.7916666666666667,0.5151515151515151
10,7,26,"regular","False",0,0,0,3,9,0,2,1,5,21.65,-45,"Loss",0.21428571428571427,0.42857142857142855,"South Carolina_2020",0.8928571428571429,0.3333333333333333
12,26,26,"regular","False",0,0,3,7,18,0,1,11,85,31.43,-7,"Loss",0.375,0.6060606060606061,"South Carolina_2020",1.0909090909090908,0.4028268551236749
13,9,26,"regular","False",0,10,0,6,18,0,1,2,10,28.85,-29,"Loss",0.3076923076923077,0.8181818181818182,"South Carolina_2020",1.9545454545454546,0.304029304029304
1,26,26,"regular","False",15,14,3,14,22,1,0,8,61,34.67,46,"Win",0.5384615384615384,0.6666666666666666,"South Carolina_2021",1.7407407407407407,0.5785876993166287
4,26,26,"regular","False",0,0,7,3,12,0,0,5,45,24.4,-6,"Loss",0.25,0.68,"South Carolina_2021",1.04,0.26851851851851855
5,26,26,"regular","False",3,14,3,3,19,3,0,10,93,30.63,9,"Win",0.3076923076923077,0.5882352941176471,"South Carolina_2021",0.8235294117647058,0.28370786516853935
7,26,26,"regular","False",14,0,0,7,17,2,2,10,76,28.78,1,"Win",0.5384615384615384,0.6285714285714286,"South Carolina_2021",0.9142857142857143,0.26107226107226106
10,26,26,"regular","False",10,20,10,0,21,0,0,1,5,36.3,23,"Win",0.16666666666666666,0.5833333333333334,"South Carolina_2021",1.75,0.6187363834422658
12,26,26,"regular","False",0,14,7,0,15,0,1,3,25,30.58,4,"Win",0.1111111111111111,0.6666666666666666,"South Carolina_2021",2.7333333333333334,0.4869281045751634
13,23,26,"regular","False",0,0,0,0,12,0,2,3,20,28.42,-30,"Loss",0.25,0.4523809523809524,"South Carolina_2021",0.47619047619047616,0.2087378640776699
17,26,26,"post","True",18,7,7,6,27,0,0,4,20,39.03,17,"Win",0.5454545454545454,0.8,"South Carolina_2021",3.4,0.5543278084714549
1,26,26,"regular","False",0,12,16,7,19,0,2,5,70,35.27,21,"Win",0.21428571428571427,0.6216216216216216,"South Carolina_2022",0.8648648648648649,0.2581699346405229
3,1,26,"regular","False",0,0,0,7,17,0,3,5,60,29.33,-41,"Loss",0.3076923076923077,0.5588235294117647,"South Carolina_2022",0.8823529411764706,0.3006535947712418
4,26,26,"regular","False",3,17,22,14,28,1,1,10,67,26.57,36,"Win",0.625,0.7307692307692307,"South Carolina_2022",1.5384615384615385,0.5412844036697247
5,26,26,"regular","False",8,14,14,14,21,1,2,5,57,29.1,40,"Win",0.5,0.8,"South Carolina_2022",1.0333333333333334,0.45792079207920794
8,26,26,"regular","False",17,0,7,6,13,2,0,6,62,26.85,6,"Win",0.5,0.48,"South Carolina_2022",1.4,0.4125874125874126
9,26,25,"regular","False",0,7,3,0,14,1,1,5,45,23.42,-13,"Loss",0.38461538461538464,0.6666666666666666,"South Carolina_2022",0.7666666666666667,0.15763546798029557
12,5,26,"regular","False",21,14,7,21,35,0,0,9,75,38.97,25,"Win",0.7272727272727273,0.8157894736842105,"South Carolina_2022",1.0,0.2524752475247525
17,21,19,"post","True",21,3,7,7,20,1,1,8,73,23.35,-7,"Loss",0.3333333333333333,0.6326530612244898,"South Carolina_2022",0.4489795918367347,0.1846590909090909
1,21,26,"regular","True",7,7,0,3,20,0,0,6,35,27.38,-14,"Loss",0.2857142857142857,0.7692307692307693,"South Carolina_2023",0.7948717948717948,-0.005698005698005698
2,26,26,"regular","False",7,20,13,7,25,1,0,8,60,31.88,26,"Win",0.6,0.8421052631578947,"South Carolina_2023",1.0263157894736843,0.18914185639229422
4,26,26,"regular","False",7,13,7,10,19,1,0,4,35,31.7,7,"Win",0.38461538461538464,0.9,"South Carolina_2023",2.35,0.3333333333333333
7,26,26,"regular","False",14,7,3,15,23,1,1,9,82,27.2,-2,"Loss",0.5,0.7666666666666667,"South Carolina_2023",1.1,0.32688172043010755
10,26,26,"regular","False",14,7,7,10,20,0,1,10,100,32.88,10,"Win",0.2857142857142857,0.6923076923076923,"South Carolina_2023",0.9743589743589743,0.18237704918032788
11,26,26,"regular","False",6,7,14,20,21,0,1,6,40,27.22,41,"Win",0.5,0.7777777777777778,"South Carolina_2023",0.6666666666666666,0.2792607802874743
12,26,26,"regular","False",10,0,0,7,17,0,0,9,95,31.65,3,"Win",0.35714285714285715,0.7037037037037037,"South Carolina_2023",1.2222222222222223,0.19455252918287938
13,24,26,"regular","False",7,0,0,0,12,1,1,4,30,22.0,-9,"Loss",0.15384615384615385,0.5,"South Carolina_2023",0.75,0.33727810650887574
1,26,26,"regular","False",10,3,3,7,18,1,0,5,33,35.77,4,"Win",0.2777777777777778,0.43478260869565216,"South Carolina_2024",2.4347826086956523,0.6041666666666666
3,16,26,"regular","False",7,17,0,9,18,2,1,13,123,27.05,-3,"Loss",0.25,0.55,"South Carolina_2024",2.05,0.6105527638190955
4,26,26,"regular","False",15,7,7,21,27,1,0,7,70,36.05,43,"Win",0.35714285714285715,0.7037037037037037,"South Carolina_2024",1.962962962962963,0.4972677595628415
6,12,26,"regular","False",0,3,0,0,19,1,1,8,80,32.63,-24,"Loss",0.3125,0.6060606060606061,"South Carolina_2024",1.303030303030303,0.48242811501597443
10,10,26,"regular","False",14,6,10,14,26,1,0,3,25,29.2,24,"Win",0.3076923076923077,0.48148148148148145,"South Carolina_2024",1.5925925925925926,0.539622641509434
12,23,21,"regular","False",7,14,0,13,22,0,1,4,24,28.27,4,"Win",0.4,0.7,"South Carolina_2024",1.2,0.23593073593073594
13,26,18,"regular","False",7,14,14,21,34,1,1,8,67,32.0,44,"Win",0.8333333333333334,0.84375,"South Carolina_2024",1.4375,0.43585526315789475
1,26,26,"regular","False",14,3,7,14,24,0,0,6,40,34.48,31,"Win",0.4444444444444444,0.7,"Tennessee_2014",0.975,0.28720626631853785
2,26,26,"regular","False",10,14,7,3,23,0,1,2,14,30.75,15,"Win",0.5,0.5789473684210527,"Tennessee_2014",1.1842105263157894,0.40481927710843374
6,26,26,"regular","False",0,3,6,0,12,1,2,8,49,28.5,-1,"Loss",0.29411764705882354,0.6666666666666666,"Tennessee_2014",0.7435897435897436,0.12017167381974249
7,26,26,"regular","False",7,17,14,7,20,1,0,1,5,28.55,35,"Win",0.46153846153846156,0.7586206896551724,"Tennessee_2014",1.4482758620689655,0.36176470588235293
9,4,26,"regular","False",0,10,7,3,21,1,1,4,33,30.57,-14,"Loss",0.5789473684210527,0.5833333333333334,"Tennessee_2014",1.1944444444444444,0.4725848563968668
12,26,26,"regular","False",14,19,17,0,28,0,0,3,40,33.68,34,"Win",0.4117647058823529,0.6551724137931034,"Tennessee_2014",1.7586206896551724,0.4187866927592955
13,20,26,"regular","False",3,10,0,8,18,1,1,5,40,27.5,-8,"Loss",0.3333333333333333,0.6578947368421053,"Tennessee_2014",0.7631578947368421,0.18996415770609318
17,26,26,"post","True",21,14,7,3,27,0,1,4,55,31.88,17,"Win",0.4166666666666667,0.7727272727272727,"Tennessee_2014",2.3181818181818183,0.613882863340564
1,26,25,"regular","True",21,14,14,10,29,0,0,4,40,33.85,29,"Win",0.5625,0.6521739130434783,"Tennessee_2015",2.782608695652174,0.6605960264900662
2,19,23,"regular","False",10,7,0,0,19,0,1,10,80,27.33,-7,"Loss",0.3333333333333333,0.41935483870967744,"Tennessee_2015",1.4516129032258065,0.5078740157480315
3,26,26,"regular","False",10,31,14,0,25,0,0,3,15,32.9,45,"Win",0.35714285714285715,0.7241379310344828,"Tennessee_2015",1.6896551724137931,0.4697986577181208
5,26,26,"regular","False",14,3,3,0,19,1,0,4,39,24.7,-4,"Loss",0.4375,0.5405405405405406,"Tennessee_2015",0.8918918918918919,0.3643835616438356
6,19,26,"regular","False",3,14,14,7,26,1,1,3,15,34.05,7,"Win",0.4444444444444444,0.5952380952380952,"Tennessee_2015",1.1428571428571428,0.3988439306358382
10,26,26,"regular","False",14,3,7,3,19,2,1,6,47,27.65,3,"Win",0.5,0.5882352941176471,"Tennessee_2015",1.2058823529411764,0.375
11,26,26,"regular","False",7,10,0,7,24,0,1,2,10,29.02,24,"Win",0.4375,0.6428571428571429,"Tennessee_2015",1.7142857142857142,0.5794621026894865
13,26,26,"regular","False",17,10,16,10,27,0,0,6,47,31.03,25,"Win",0.5384615384615384,0.6,"Tennessee_2015",2.08,0.6328871892925431
17,13,23,"post","True",7,10,7,21,24,0,0,8,90,34.15,39,"Win",0.5,0.5333333333333333,"Tennessee_2015",1.7666666666666666,0.5380952380952381
1,26,9,"regular","False",3,0,3,7,19,1,1,6,55,26.52,7,"Win",0.4375,0.5517241379310345,"Tennessee_2016",1.4827586206896552,0.3981191222570533
2,26,17,"regular","True",0,24,7,14,16,0,1,6,60,28.27,21,"Win",0.23076923076923078,0.5263157894736842,"Tennessee_2016",2.4210526315789473,0.7242424242424242
3,26,15,"regular","False",7,7,7,7,23,0,1,9,94,29.6,9,"Win",0.5,0.7037037037037037,"Tennessee_2016",1.5555555555555556,0.4975247524752475
4,19,14,"regular","False",0,3,14,21,22,0,2,5,40,30.77,10,"Win",0.4117647058823529,0.48484848484848486,"Tennessee_2016",1.393939393939394,0.35943775100401604
7,1,9,"regular","False",0,7,3,0,11,0,1,1,10,28.45,-39,"Loss",0.1875,0.5806451612903226,"Tennessee_2016",1.032258064516129,0.19631901840490798
10,26,26,"regular","False",21,17,7,10,21,0,0,6,71,18.73,55,"Win",0.5,0.8148148148148148,"Tennessee_2016",0.9259259259259259,0.37579617834394907
11,26,26,"regular","False",14,7,14,14,29,2,1,9,64,24.65,13,"Win",0.2,0.6111111111111112,"Tennessee_2016",2.2777777777777777,0.6277128547579299
12,26,19,"regular","False",7,14,14,28,24,0,0,5,45,28.85,26,"Win",0.6,0.6818181818181818,"Tennessee_2016",2.0454545454545454,0.6338259441707718
17,26,21,"post","True",0,21,3,14,25,1,0,6,65,31.53,14,"Win",0.42857142857142855,0.6052631578947368,"Tennessee_2016",1.0,0.44145873320537427
2,26,25,"regular","False",14,14,7,7,24,1,1,6,53,29.12,35,"Win",0.5384615384615384,0.5666666666666667,"Tennessee_2017",1.2333333333333334,0.4050632911392405
4,26,26,"regular","False",0,14,3,0,18,1,0,5,51,29.53,4,"Win",0.3888888888888889,0.59375,"Tennessee_2017",1.21875,0.4231974921630094
5,7,26,"regular","False",0,0,0,0,7,2,2,5,26,25.02,-41,"Loss",0.08333333333333333,0.4782608695652174,"Tennessee_2017",1.2608695652173914,0.43661971830985913
7,26,26,"regular","False",6,3,0,0,16,0,0,7,40,27.3,-6,"Loss",0.23076923076923078,0.5789473684210527,"Tennessee_2017",2.0526315789473686,0.4743083003952569
10,26,26,"regular","False",7,3,14,0,14,0,0,3,29,28.88,14,"Win",0.15384615384615385,0.47619047619047616,"Tennessee_2017",1.8095238095238095,0.4523809523809524
12,20,26,"regular","False",0,10,0,0,12,2,0,5,26,31.48,-20,"Loss",0.375,0.56,"Tennessee_2017",1.36,0.13240418118466898
13,26,26,"regular","False",14,0,3,7,15,0,1,5,27,21.75,-18,"Loss",0.25,0.6363636363636364,"Tennessee_2017",0.9545454545454546,0.23109243697478993
1,17,26,"regular","True",0,7,7,0,19,0,0,6,48,32.38,-26,"Loss",0.35714285714285715,0.76,"Tennessee_2018",1.52,0.42857142857142855
2,26,26,"regular","False",10,28,7,14,19,0,0,3,19,30.87,56,"Win",0.4,0.6875,"Tennessee_2018",2.75,0.45893719806763283
3,26,26,"regular","False",3,7,7,7,24,2,0,8,65,33.4,24,"Win",0.3333333333333333,0.6842105263157895,"Tennessee_2018",2.6315789473684212,0.673828125
4,26,26,"regular","False",0,3,10,8,18,4,2,6,58,34.42,-26,"Loss",0.4444444444444444,0.4,"Tennessee_2018",2.16,0.42857142857142855
8,1,26,"regular","False",0,14,7,0,13,1,0,9,59,27.45,-37,"Loss",0.23076923076923078,0.56,"Tennessee_2018",1.2,0.12015503875968993
10,26,26,"regular","False",14,0,0,0,10,0,0,4,55,26.78,11,"Win",0.3333333333333333,0.7619047619047619,"Tennessee_2018",1.2380952380952381,0.10416666666666667
11,11,26,"regular","False",3,14,7,0,16,2,0,4,30,30.17,17,"Win",0.3333333333333333,0.6,"Tennessee_2018",2.0,0.5218446601941747
12,26,26,"regular","False",0,10,7,0,11,1,2,6,59,22.63,-33,"Loss",0.2,0.3333333333333333,"Tennessee_2018",1.3333333333333333,0.3215686274509804
1,26,26,"regular","False",14,3,3,10,21,2,1,3,24,29.43,-8,"Loss",0.6153846153846154,0.65,"Tennessee_2019",0.775,0.2301980198019802
2,26,26,"regular","False",7,6,0,3,20,0,1,6,50,33.98,-3,"Loss",0.3125,0.6071428571428571,"Tennessee_2019",1.75,0.5789473684210527
3,26,26,"regular","False",21,17,7,0,22,0,0,5,65,26.78,45,"Win",0.4,0.5263157894736842,"Tennessee_2019",2.0,0.5416666666666666
6,3,26,"regular","False",7,7,0,0,20,1,1,6,51,23.53,-29,"Loss",0.4166666666666667,0.45454545454545453,"Tennessee_2019",0.8787878787878788,0.20408163265306123
7,26,26,"regular","False",7,3,3,7,14,0,2,3,34,33.03,10,"Win",0.4666666666666667,0.7142857142857143,"Tennessee_2019",3.142857142857143,0.5322128851540616
9,26,26,"regular","False",3,14,14,10,20,0,0,8,49,34.47,20,"Win",0.35714285714285715,0.6,"Tennessee_2019",1.2666666666666666,0.27628865979381445
10,26,26,"regular","False",6,17,7,0,20,0,1,3,5,33.92,23,"Win",0.38461538461538464,0.5925925925925926,"Tennessee_2019",1.4444444444444444,0.40066225165562913
14,26,26,"regular","False",7,14,0,7,16,0,1,9,66,28.5,18,"Win",0.46153846153846156,0.35294117647058826,"Tennessee_2019",2.411764705882353,0.7122302158273381
17,26,26,"post","True",0,6,3,14,19,0,2,7,55,30.55,1,"Win",0.4,0.5588235294117647,"Tennessee_2019",1.0294117647058822,0.36363636363636365
5,26,21,"regular","False",7,14,7,7,26,0,0,3,20,31.83,23,"Win",0.46153846153846156,0.6086956521739131,"Tennessee_2020",2.217391304347826,0.5497630331753555
7,26,18,"regular","False",0,7,0,0,18,1,3,6,63,26.02,-27,"Loss",0.25,0.5769230769230769,"Tennessee_2020",1.5769230769230769,0.6097560975609756
8,2,26,"regular","False",0,10,7,0,16,1,0,8,33,25.37,-31,"Loss",0.25,0.56,"Tennessee_2020",1.52,0.4602649006622517
14,6,26,"regular","False",0,7,0,12,24,0,0,5,40,33.75,-12,"Loss",0.26666666666666666,0.7297297297297297,"Tennessee_2020",1.054054054054054,0.281437125748503
16,5,26,"regular","False",7,6,0,0,13,1,1,6,55,15.85,-21,"Loss",0.16666666666666666,0.6,"Tennessee_2020",0.85,0.11267605633802817
1,26,26,"regular","False",14,0,14,10,30,2,0,5,45,26.12,32,"Win",0.4666666666666667,0.5,"Tennessee_2021",2.6666666666666665,0.6863157894736842
2,26,26,"regular","False",10,10,7,7,20,2,1,13,134,23.92,-7,"Loss",0.46153846153846156,0.6666666666666666,"Tennessee_2021",1.0,0.36363636363636365
3,26,26,"regular","False",14,14,21,7,24,1,0,3,35,25.57,56,"Win",0.3076923076923077,0.625,"Tennessee_2021",1.46875,0.4844124700239808
6,26,26,"regular","False",28,10,0,7,24,0,0,2,30,26.08,25,"Win",0.7058823529411765,0.7391304347826086,"Tennessee_2021",2.130434782608696,0.5233050847457628
7,13,26,"regular","False",9,3,7,7,29,1,0,6,48,25.85,-5,"Loss",0.5294117647058824,0.6206896551724138,"Tennessee_2021",1.7241379310344827,0.4753747323340471
11,1,26,"regular","False",10,0,0,7,22,1,1,6,40,27.33,-24,"Loss",0.45,0.625,"Tennessee_2021",0.75,0.1421188630490956
12,26,26,"regular","False",14,21,14,11,28,0,0,6,45,23.0,46,"Win",0.7272727272727273,0.8275862068965517,"Tennessee_2021",1.4827586206896552,0.44563279857397503
13,26,26,"regular","False",7,17,14,7,25,1,0,4,40,21.73,24,"Win",0.25,0.5555555555555556,"Tennessee_2021",2.3333333333333335,0.6462585034013606
1,26,26,"regular","False",17,21,14,7,32,1,0,6,48,29.92,49,"Win",0.38461538461538464,0.7714285714285715,"Tennessee_2022",1.457142857142857,0.38312829525483305
3,26,15,"regular","False",14,21,14,14,28,0,0,11,118,24.72,57,"Win",0.46153846153846156,0.8,"Tennessee_2022",1.8,0.3520710059171598
4,20,11,"regular","False",3,14,14,7,27,2,0,6,50,25.05,5,"Win",0.6666666666666666,0.7857142857142857,"Tennessee_2022",1.5,0.3940972222222222
7,3,6,"regular","False",21,7,6,18,29,1,1,6,39,22.52,3,"Win",0.5,0.6774193548387096,"Tennessee_2022",1.2580645161290323,0.32098765432098764
8,26,3,"regular","False",21,31,6,7,27,0,1,13,109,29.67,41,"Win",0.75,0.7027027027027027,"Tennessee_2022",1.2432432432432432,0.28879310344827586
9,19,3,"regular","False",7,20,10,7,19,0,0,6,50,24.82,38,"Win",0.4166666666666667,0.76,"Tennessee_2022",1.6,0.4194312796208531
11,26,5,"regular","False",7,21,21,17,33,0,0,8,59,26.0,42,"Win",0.36363636363636365,0.7368421052631579,"Tennessee_2022",0.9736842105263158,0.36464088397790057
1,26,12,"regular","True",7,14,14,14,29,1,0,4,35,27.1,36,"Win",0.38461538461538464,0.696969696969697,"Tennessee_2023",1.5757575757575757,0.5751503006012024
2,26,9,"regular","False",3,10,10,7,17,1,0,10,88,20.73,17,"Win",0.25,0.6363636363636364,"Tennessee_2023",0.9696969696969697,0.5
4,26,23,"regular","False",14,17,0,14,21,1,0,5,40,22.8,31,"Win",0.4,0.5454545454545454,"Tennessee_2023",1.0,0.591796875
5,26,21,"regular","False",14,10,7,10,24,0,2,7,58,29.75,21,"Win",0.4666666666666667,0.65625,"Tennessee_2023",1.25,0.4989517819706499
7,26,19,"regular","False",7,0,7,6,20,0,1,12,115,29.2,7,"Win",0.4666666666666667,0.5,"Tennessee_2023",2.227272727272727,0.6987951807228916
10,26,17,"regular","False",14,21,21,3,26,0,0,11,90,21.6,56,"Win",0.6666666666666666,0.6774193548387096,"Tennessee_2023",1.096774193548387,0.4230769230769231
12,1,18,"regular","False",7,3,0,0,13,0,0,3,20,19.03,-28,"Loss",0.18181818181818182,0.5666666666666667,"Tennessee_2023",0.8333333333333334,0.4693140794223827
13,26,21,"regular","False",14,17,14,3,31,1,0,10,108,25.65,24,"Win",0.5,0.6595744680851063,"Tennessee_2023",0.6808510638297872,0.27228525121555913
17,17,21,"post","True",0,14,7,14,25,0,0,3,30,31.2,35,"Win",0.25,0.6,"Tennessee_2023",2.7,0.6057441253263708
1,26,15,"regular","False",24,21,10,14,36,0,1,6,52,29.23,66,"Win",0.6,0.75,"Tennessee_2024",1.0454545454545454,0.4233983286908078
3,26,7,"regular","False",37,28,3,3,32,0,0,5,54,31.83,71,"Win",0.6,0.64,"Tennessee_2024",2.2,0.6162162162162163
7,26,8,"regular","False",0,0,10,7,18,1,1,6,47,25.07,6,"Win",0.26666666666666666,0.6153846153846154,"Tennessee_2024",1.6538461538461537,0.4583333333333333
8,7,11,"regular","False",0,0,14,10,21,1,2,11,95,26.75,7,"Win",0.42857142857142855,0.5,"Tennessee_2024",1.5357142857142858,0.5245098039215687
10,26,7,"regular","False",0,7,14,7,29,1,0,9,77,29.47,10,"Win",0.5,0.7368421052631579,"Tennessee_2024",1.1578947368421053,0.38784067085953877
11,26,7,"regular","False",7,13,10,3,25,1,0,6,50,34.3,19,"Win",0.35714285714285715,0.6190476190476191,"Tennessee_2024",2.7142857142857144,0.5309734513274337
13,26,11,"regular","False",0,28,21,7,26,0,0,7,60,26.18,56,"Win",0.5,0.6206896551724138,"Tennessee_2024",1.3448275862068966,0.5239130434782608
1,26,26,"regular","False",7,14,7,10,18,2,0,7,65,32.62,31,"Win",0.26666666666666666,0.5588235294117647,"Texas_2014",1.1764705882352942,0.46175637393767704
2,26,26,"regular","False",0,0,7,0,15,3,1,6,64,25.35,-34,"Loss",0.2,0.6451612903225806,"Texas_2014",1.1290322580645162,0.3178294573643411
3,12,26,"regular","True",0,10,0,7,14,0,0,7,50,28.52,-3,"Loss",0.35714285714285715,0.7058823529411765,"Texas_2014",0.8823529411764706,0.391304347826087
6,7,26,"regular","False",0,0,0,7,20,1,2,5,45,33.32,-21,"Loss",0.35294117647058826,0.47058823529411764,"Texas_2014",1.1764705882352942,0.5688622754491018
8,26,26,"regular","False",14,14,3,17,27,1,1,4,33,30.23,3,"Win",0.38461538461538464,0.6666666666666666,"Texas_2014",1.0833333333333333,0.373046875
11,23,26,"regular","False",7,17,0,9,19,0,1,5,60,28.23,17,"Win",0.26666666666666666,0.3793103448275862,"Texas_2014",1.3448275862068966,0.6467236467236467
14,5,26,"regular","False",0,3,0,7,12,2,4,3,17,30.92,-38,"Loss",0.2777777777777778,0.5882352941176471,"Texas_2014",1.0588235294117647,0.3103448275862069
17,26,26,"post","True",0,7,0,0,7,1,1,5,34,18.83,-24,"Loss",0.2727272727272727,0.52,"Texas_2014",0.72,0.03389830508474576
2,26,26,"regular","False",21,0,21,0,11,1,0,4,42,15.97,14,"Win",0.375,0.5,"Texas_2015",2.8,0.5379061371841155
3,26,26,"regular","False",7,17,0,20,28,1,1,10,93,30.53,-1,"Loss",0.46153846153846156,0.6451612903225806,"Texas_2015",1.6774193548387097,0.44
4,24,26,"regular","False",6,14,7,0,11,0,1,16,128,25.88,-3,"Loss",0.25,0.5294117647058824,"Texas_2015",2.4705882352941178,0.5896551724137931
6,10,26,"regular","True",14,0,3,7,20,0,0,5,67,31.92,7,"Win",0.5625,0.75,"Texas_2015",4.833333333333333,0.8505434782608695
8,26,26,"regular","False",3,13,0,7,20,0,0,3,35,30.67,14,"Win",0.4666666666666667,0.625,"Texas_2015",3.3125,0.7345844504021448
10,26,26,"regular","False",17,7,14,21,20,1,0,6,36,27.62,39,"Win",0.46153846153846156,0.6333333333333333,"Texas_2015",1.3333333333333333,0.5
13,26,26,"regular","False",0,10,14,21,19,1,1,8,64,29.83,-3,"Loss",0.2857142857142857,0.4782608695652174,"Texas_2015",2.0869565217391304,0.8629550321199143
1,10,26,"regular","False",7,14,10,6,26,0,1,11,104,27.3,3,"Win",0.4444444444444444,0.5925925925925926,"Texas_2016",2.185185185185185,0.4584139264990329
2,26,11,"regular","False",10,10,14,7,23,1,0,10,115,26.02,34,"Win",0.25,0.8214285714285714,"Texas_2016",1.6785714285714286,0.4110576923076923
7,26,26,"regular","False",0,3,21,3,28,1,1,9,100,28.73,21,"Win",0.55,0.6842105263157895,"Texas_2016",1.236842105263158,0.41386138613861384
9,8,26,"regular","False",14,9,3,9,19,1,1,4,23,27.08,1,"Win",0.4117647058823529,0.5714285714285714,"Texas_2016",2.4285714285714284,0.46897810218978103
11,16,26,"regular","False",3,10,7,0,33,2,1,5,50,33.7,-4,"Loss",0.29411764705882354,0.62,"Texas_2016",1.0,0.40671641791044777
13,26,26,"regular","False",3,3,3,0,19,0,1,6,42,30.23,-22,"Loss",0.21052631578947367,0.41025641025641024,"Texas_2016",1.1794871794871795,0.4643734643734644
1,26,23,"regular","False",7,7,20,7,26,1,1,11,117,30.27,-10,"Loss",0.5,0.6415094339622641,"Texas_2017",0.5849056603773585,0.20718816067653276
2,26,26,"regular","False",7,14,14,21,32,0,0,6,68,38.98,56,"Win",0.6666666666666666,0.5517241379310345,"Texas_2017",2.0344827586206895,0.651685393258427
6,26,26,"regular","False",0,21,3,3,32,0,1,3,30,31.78,6,"Win",0.5333333333333333,0.5882352941176471,"Texas_2017",0.7843137254901961,0.304029304029304
7,12,26,"regular","True",0,10,7,7,23,0,0,5,33,28.23,-5,"Loss",0.47058823529411764,0.4883720930232558,"Texas_2017",0.9069767441860465,0.3247663551401869
8,10,26,"regular","False",0,7,3,0,13,0,1,8,73,25.75,-3,"Loss",0.17647058823529413,0.6111111111111112,"Texas_2017",0.9166666666666666,0.14840989399293286
11,26,26,"regular","False",28,7,0,7,18,1,1,8,68,29.62,15,"Win",0.29411764705882354,0.7058823529411765,"Texas_2017",1.1764705882352942,0.3045822102425876
13,26,26,"regular","False",7,13,0,3,18,2,2,5,37,31.27,-4,"Loss",0.3181818181818182,0.5686274509803921,"Texas_2017",0.6470588235294118,0.29896907216494845
2,26,26,"regular","False",14,7,0,7,24,1,0,8,65,34.48,7,"Win",0.4166666666666667,0.7777777777777778,"Texas_2018",1.7407407407407407,0.50418410041841
3,22,26,"regular","False",3,13,21,0,25,1,0,7,46,34.63,23,"Win",0.5263157894736842,0.47058823529411764,"Texas_2018",1.411764705882353,0.40609137055837563
4,17,26,"regular","False",7,3,14,7,20,0,0,4,25,34.05,15,"Win",0.3333333333333333,0.6875,"Texas_2018",1.40625,0.30517711171662126
7,26,9,"regular","False",3,20,0,0,25,0,1,8,52,32.3,6,"Win",0.5,0.6153846153846154,"Texas_2018",1.0512820512820513,0.4370179948586118
10,13,17,"regular","False",14,14,3,10,28,1,0,7,64,34.0,-1,"Loss",0.5454545454545454,0.6944444444444444,"Texas_2018",1.0833333333333333,0.3192307692307692
12,16,15,"regular","False",7,10,7,0,20,1,0,3,25,35.22,14,"Win",0.5333333333333333,0.88,"Texas_2018",1.84,0.4419753086419753
1,26,10,"regular","False",7,17,14,7,24,1,0,6,47,27.73,31,"Win",0.5333333333333333,0.7209302325581395,"Texas_2019",0.6976744186046512,0.3370044052863436
2,6,9,"regular","False",0,7,14,17,30,0,0,6,50,33.88,-7,"Loss",0.5333333333333333,0.6666666666666666,"Texas_2019",0.7708333333333334,0.22830188679245284
4,26,12,"regular","False",0,21,7,8,26,2,1,6,65,30.68,6,"Win",0.5714285714285714,0.7142857142857143,"Texas_2019",1.5357142857142858,0.4357429718875502
7,6,11,"regular","True",0,3,14,10,25,0,0,9,49,30.83,-7,"Loss",0.4,0.6842105263157895,"Texas_2019",0.9473684210526315,0.3225806451612903
8,26,15,"regular","False",14,7,3,26,33,1,1,8,86,28.48,2,"Win",0.6428571428571429,0.6888888888888889,"Texas_2019",0.8888888888888888,0.37460815047021945
11,16,26,"regular","False",0,7,10,10,24,0,1,9,85,31.32,3,"Win",0.36363636363636365,0.7586206896551724,"Texas_2019",1.2413793103448276,0.44863731656184486
14,26,26,"regular","False",6,22,14,7,29,0,0,9,100,34.15,25,"Win",0.5,0.6785714285714286,"Texas_2019",1.7142857142857142,0.42950819672131146
17,11,26,"post","True",3,7,14,14,22,0,1,4,38,28.57,28,"Win",0.4444444444444444,0.6842105263157895,"Texas_2019",1.9473684210526316,0.5273972602739726
2,26,14,"regular","False",21,24,7,7,28,0,0,6,55,25.72,56,"Win",0.5,0.7073170731707317,"Texas_2020",0.8048780487804879,0.3018867924528302
5,26,9,"regular","False",7,7,7,10,16,1,1,12,92,25.15,-2,"Loss",0.5,0.4722222222222222,"Texas_2020",0.6666666666666666,0.3917525773195876
8,26,26,"regular","False",0,13,14,0,19,0,1,5,50,32.12,11,"Win",0.5,0.6521739130434783,"Texas_2020",2.0434782608695654,0.3706293706293706
10,26,22,"regular","False",7,3,7,0,17,0,0,4,45,25.65,4,"Win",0.47058823529411764,0.4838709677419355,"Texas_2020",1.1612903225806452,0.4931129476584022
13,13,17,"regular","False",13,0,7,0,21,1,0,7,56,27.05,-3,"Loss",0.36363636363636365,0.6,"Texas_2020",1.1666666666666667,0.3236607142857143
1,23,21,"regular","False",7,7,14,10,21,0,0,7,64,33.22,20,"Win",0.6666666666666666,0.6923076923076923,"Texas_2021",1.6153846153846154,0.39080459770114945
3,26,26,"regular","False",16,28,14,0,26,0,1,2,12,29.43,58,"Win",0.7,0.8095238095238095,"Texas_2021",1.9523809523809523,0.6887096774193548
4,26,26,"regular","False",14,28,21,7,27,0,1,5,31,30.1,35,"Win",0.7142857142857143,0.782608695652174,"Texas_2021",2.260869565217391,0.5258215962441315
6,6,21,"regular","True",28,10,3,7,19,1,0,6,28,24.43,-7,"Loss",0.3333333333333333,0.5882352941176471,"Texas_2021",0.7941176470588235,0.24806201550387597
7,12,25,"regular","False",10,7,7,0,16,0,2,9,80,26.28,-8,"Loss",0.2857142857142857,0.5555555555555556,"Texas_2021",1.2222222222222223,0.4353312302839117
11,26,26,"regular","False",0,14,21,14,30,2,2,10,97,24.7,-1,"Loss",0.6363636363636364,0.673469387755102,"Texas_2021",0.6530612244897959,0.2857142857142857
13,26,26,"regular","False",7,9,3,3,20,0,1,2,15,33.5,5,"Win",0.5,0.75,"Texas_2021",1.8333333333333333,0.5485564304461942
1,26,26,"regular","False",14,10,21,7,22,0,1,5,25,24.57,42,"Win",0.38461538461538464,0.6896551724137931,"Texas_2022",1.0,0.34986945169712796
2,1,26,"regular","False",3,7,3,6,25,0,0,5,30,30.73,-1,"Loss",0.25,0.6764705882352942,"Texas_2022",0.9705882352941176,0.21293800539083557
3,26,21,"regular","False",0,17,14,10,21,0,0,9,88,23.65,21,"Win",0.36363636363636365,0.6521739130434783,"Texas_2022",1.565217391304348,0.6492374727668845
5,26,26,"regular","False",14,14,7,3,25,0,0,7,65,27.83,18,"Win",0.5555555555555556,0.7857142857142857,"Texas_2022",1.1428571428571428,0.24663677130044842
7,26,22,"regular","False",0,14,3,7,23,0,0,4,30,31.28,3,"Win",0.46153846153846156,0.6538461538461539,"Texas_2022",1.6538461538461537,0.5261707988980716
11,4,18,"regular","False",0,0,3,7,14,0,1,7,74,22.63,-7,"Loss",0.07692307692307693,0.4358974358974359,"Texas_2022",0.5641025641025641,0.1407035175879397
13,26,23,"regular","False",14,3,7,14,22,2,0,5,19,26.6,11,"Win",0.4444444444444444,0.75,"Texas_2022",3.0,0.5174129353233831
1,26,11,"regular","False",7,9,21,0,24,0,0,5,40,31.6,27,"Win",0.4,0.6111111111111112,"Texas_2023",1.0833333333333333,0.34497816593886466
3,26,4,"regular","False",3,7,0,21,13,1,0,6,40,21.22,21,"Win",0.3333333333333333,0.5238095238095238,"Texas_2023",1.4761904761904763,0.5854430379746836
5,24,3,"regular","False",10,3,13,14,33,0,1,4,34,39.68,26,"Win",0.6,0.7142857142857143,"Texas_2023",1.457142857142857,0.5083207261724659
6,12,3,"regular","True",7,10,3,10,25,1,2,9,70,32.18,-4,"Loss",0.35714285714285715,0.8421052631578947,"Texas_2023",1.0526315789473684,0.29601518026565465
9,26,7,"regular","False",14,7,0,14,16,1,1,6,40,26.9,29,"Win",0.5454545454545454,0.64,"Texas_2023",1.4,0.519774011299435
10,23,7,"regular","False",10,7,10,3,18,1,2,10,67,32.12,3,"Win",0.13333333333333333,0.5135135135135135,"Texas_2023",1.0,0.4811715481171548
13,26,7,"regular","False",10,16,24,7,27,0,1,9,74,33.0,50,"Win",0.2727272727272727,0.59375,"Texas_2023",1.34375,0.571969696969697
14,18,7,"regular","True",21,14,7,7,33,0,1,7,67,40.1,28,"Win",0.625,0.7659574468085106,"Texas_2023",0.851063829787234,0.2990936555891239
1,26,4,"regular","False",7,24,14,7,26,0,1,3,25,30.72,52,"Win",0.5,0.7575757575757576,"Texas_2024",1.2424242424242424,0.3486238532110092
3,26,2,"regular","False",14,14,14,14,24,1,1,7,59,28.98,49,"Win",0.3,0.78125,"Texas_2024",1.09375,0.30456026058631924
4,26,1,"regular","False",21,7,9,14,26,0,2,7,55,33.55,48,"Win",0.5384615384615384,0.5172413793103449,"Texas_2024",1.793103448275862,0.48088531187122735
5,26,1,"regular","False",7,7,7,14,21,2,0,8,65,25.05,22,"Win",0.5555555555555556,0.8387096774193549,"Texas_2024",1.0,0.37858508604206503
8,5,1,"regular","False",0,0,15,0,19,3,1,8,41,29.57,-15,"Loss",0.13333333333333333,0.5714285714285714,"Texas_2024",0.5510204081632653,0.11196911196911197
11,26,5,"regular","False",14,21,7,7,23,1,0,7,70,27.9,32,"Win",0.45454545454545453,0.6666666666666666,"Texas_2024",0.9393939393939394,0.3736654804270463
13,26,3,"regular","False",7,17,0,7,28,2,0,5,40,34.5,17,"Win",0.42857142857142855,0.6451612903225806,"Texas_2024",1.4838709677419355,0.5678733031674208
15,5,2,"regular","True",3,3,0,10,21,1,2,11,94,28.02,-3,"Loss",0.3333333333333333,0.5869565217391305,"Texas_2024",0.6086956521739131,0.07969151670951156
17,12,5,"post","False",7,21,3,7,26,0,1,2,10,32.95,14,"Win",0.5,0.7083333333333334,"Texas_2024",2.0,0.5910931174089069
17,8,5,"post","True",0,7,7,0,20,1,1,5,54,28.37,-14,"Loss",0.3333333333333333,0.5897435897435898,"Texas_2024",0.7435897435897436,0.17008797653958943
2,26,11,"regular","False",13,15,7,7,30,0,1,9,85,29.52,7,"Win",0.5,0.75,"UCLA_2014",0.9318181818181818,0.26666666666666666
6,26,8,"regular","False",0,7,7,14,24,0,1,3,29,27.08,-2,"Loss",0.4166666666666667,0.7272727272727273,"UCLA_2014",2.272727272727273,0.3374384236453202
7,12,18,"regular","False",0,10,0,20,31,1,1,7,81,37.18,-12,"Loss",0.5789473684210527,0.7105263157894737,"UCLA_2014",1.4210526315789473,0.593128390596745
10,12,22,"regular","False",0,3,14,0,21,1,0,11,118,38.15,10,"Win",0.47619047619047616,0.7307692307692307,"UCLA_2014",2.269230769230769,0.5891304347826087
13,19,9,"regular","False",14,10,14,0,24,1,1,7,63,30.6,18,"Win",0.5625,0.7096774193548387,"UCLA_2014",1.3870967741935485,0.2928416485900217
14,26,8,"regular","False",7,3,0,0,17,0,1,4,38,22.03,-21,"Loss",0.35714285714285715,0.4878048780487805,"UCLA_2014",0.6341463414634146,0.3816793893129771
17,11,14,"post","True",17,14,3,6,16,1,0,15,128,24.6,5,"Win",0.4666666666666667,0.5,"UCLA_2014",1.625,0.708779443254818
1,26,13,"regular","False",7,10,14,3,25,0,0,7,75,25.77,18,"Win",0.5384615384615384,0.7567567567567568,"UCLA_2015",0.918918918918919,0.30218687872763417
3,19,10,"regular","False",0,3,7,14,18,0,3,6,75,19.38,1,"Win",0.1111111111111111,0.4782608695652174,"UCLA_2015",1.6521739130434783,0.736318407960199
5,26,7,"regular","False",0,10,0,13,17,0,1,6,49,22.22,-15,"Loss",0.21428571428571427,0.55,"UCLA_2015",0.7,0.18128654970760233
8,20,26,"regular","False",10,16,14,0,31,1,0,9,74,30.87,16,"Win",0.5625,0.7083333333333334,"UCLA_2015",0.875,0.3036649214659686
9,26,24,"regular","False",7,14,7,7,16,2,0,10,101,18.92,4,"Win",0.42857142857142855,0.5757575757575758,"UCLA_2015",0.7878787878787878,0.345
11,26,19,"regular","False",6,10,0,11,30,2,0,13,75,27.42,-4,"Loss",0.631578947368421,0.5789473684210527,"UCLA_2015",0.5614035087719298,0.3862815884476534
2,26,26,"regular","False",7,21,0,14,30,1,0,9,74,33.63,21,"Win",0.6153846153846154,0.6153846153846154,"UCLA_2016",1.0256410256410255,0.43887775551102204
4,7,26,"regular","False",7,3,0,3,16,1,0,5,45,27.42,-9,"Loss",0.4666666666666667,0.6666666666666666,"UCLA_2016",1.2222222222222223,0.23692307692307693
5,26,26,"regular","False",14,0,10,21,20,0,0,5,60,28.47,21,"Win",0.3333333333333333,0.5405405405405406,"UCLA_2016",0.8648648648648649,0.2631578947368421
8,19,26,"regular","False",21,0,14,10,29,1,4,3,35,23.82,-7,"Loss",0.375,0.5633802816901409,"UCLA_2016",0.22535211267605634,0.09019607843137255
11,26,26,"regular","False",21,3,7,7,25,2,1,9,82,26.78,14,"Win",0.4,0.5208333333333334,"UCLA_2016",0.6041666666666666,0.36711711711711714
12,13,26,"regular","False",7,7,0,0,10,0,0,3,44,16.22,-22,"Loss",0.18181818181818182,0.5,"UCLA_2016",0.59375,0.20676691729323307
1,26,26,"regular","False",3,7,7,28,28,3,0,7,56,23.63,1,"Win",0.375,0.5932203389830508,"UCLA_2017",0.423728813559322,0.11371841155234658
2,26,26,"regular","False",14,21,14,7,25,0,0,10,83,23.92,33,"Win",0.7777777777777778,0.8275862068965517,"UCLA_2017",0.896551724137931,0.2613861386138614
5,26,26,"regular","False",7,7,7,6,25,0,1,9,85,30.32,4,"Win",0.5625,0.6222222222222222,"UCLA_2017",0.7777777777777778,0.20342612419700215
8,26,26,"regular","False",14,0,10,7,22,0,0,7,67,29.65,17,"Win",0.4666666666666667,0.5833333333333334,"UCLA_2017",1.0277777777777777,0.3480392156862745
11,26,26,"regular","False",7,13,14,10,25,0,1,5,39,23.87,7,"Win",0.375,0.5555555555555556,"UCLA_2017",0.7333333333333333,0.33507853403141363
13,26,26,"regular","False",7,10,7,6,24,1,0,7,64,26.75,3,"Win",0.35714285714285715,0.75,"UCLA_2017",1.0277777777777777,0.14935064935064934
17,26,26,"post","True",3,14,0,0,14,1,0,8,73,24.78,-18,"Loss",0.23076923076923078,0.6176470588235294,"UCLA_2017",0.7352941176470589,0.18956043956043955
1,26,26,"regular","False",10,0,7,0,15,0,1,6,26,25.65,-9,"Loss",0.4,0.6216216216216216,"UCLA_2018",0.8378378378378378,0.47058823529411764
3,26,26,"regular","False",0,7,7,0,14,2,2,11,96,20.05,-24,"Loss",0.1,0.4166666666666667,"UCLA_2018",1.2916666666666667,0.44074074074074077
6,10,26,"regular","False",0,7,3,14,20,0,1,4,45,21.85,-7,"Loss",0.5714285714285714,0.7105263157894737,"UCLA_2018",0.7105263157894737,0.35545023696682465
8,26,26,"regular","False",7,10,7,7,23,1,0,12,103,32.7,1,"Win",0.4444444444444444,0.6285714285714286,"UCLA_2018",1.3428571428571427,0.33260869565217394
9,23,26,"regular","False",7,0,3,0,17,1,2,5,40,26.3,-31,"Loss",0.3125,0.5,"UCLA_2018",0.65,0.436426116838488
12,26,26,"regular","False",14,7,0,13,25,0,1,2,15,32.97,7,"Win",0.5384615384615384,0.5909090909090909,"UCLA_2018",2.3636363636363638,0.6534446764091858
13,26,26,"regular","False",6,14,16,6,31,1,1,6,63,28.85,-7,"Loss",0.21428571428571427,0.6170212765957447,"UCLA_2018",0.7872340425531915,0.11742424242424243
2,26,26,"regular","False",7,0,7,0,16,2,0,7,52,21.73,-9,"Loss",0.35714285714285715,0.6857142857142857,"UCLA_2019",0.9142857142857143,0.23754789272030652
3,5,26,"regular","False",0,7,7,0,21,0,2,6,38,28.37,-34,"Loss",0.23076923076923078,0.5769230769230769,"UCLA_2019",1.4230769230769231,0.3536977491961415
6,26,26,"regular","False",0,10,14,7,27,0,0,2,25,35.28,-17,"Loss",0.631578947368421,0.6585365853658537,"UCLA_2019",1.170731707317073,0.5203252032520326
9,24,26,"regular","False",14,14,14,0,27,3,0,9,47,38.5,10,"Win",0.5,0.6956521739130435,"UCLA_2019",2.4782608695652173,0.5521628498727735
10,26,26,"regular","False",17,0,7,7,24,0,1,8,95,34.45,17,"Win",0.46153846153846156,0.75,"UCLA_2019",1.6428571428571428,0.4694835680751174
14,26,26,"regular","False",7,3,8,0,24,0,1,5,46,29.37,-10,"Loss",0.3333333333333333,0.6458333333333334,"UCLA_2019",0.7291666666666666,0.14463840399002495
11,26,26,"regular","False",7,20,0,7,23,0,1,6,50,33.7,24,"Win",0.4666666666666667,0.5384615384615384,"UCLA_2020",2.076923076923077,0.5545454545454546
13,26,26,"regular","False",3,17,0,7,23,0,0,6,43,31.52,17,"Win",0.35714285714285715,0.6,"UCLA_2020",2.8,0.6853658536585366
15,15,26,"regular","False",7,14,14,3,27,1,2,6,45,28.33,-5,"Loss",0.46153846153846156,0.8333333333333334,"UCLA_2020",1.1944444444444444,0.33697632058287796
16,26,26,"regular","False",3,0,14,17,27,1,0,8,70,30.52,-1,"Loss",0.38461538461538464,0.7391304347826086,"UCLA_2020",2.217391304347826,0.6024844720496895
1,26,26,"regular","False",24,7,13,0,20,0,0,7,85,29.28,34,"Win",0.3333333333333333,0.5454545454545454,"UCLA_2021",1.9545454545454546,0.6224489795918368
1,16,26,"regular","False",0,14,10,14,19,0,1,8,73,29.77,11,"Win",0.5384615384615384,0.5625,"UCLA_2021",2.9375,0.44680851063829785
3,26,13,"regular","False",7,3,7,20,17,2,0,5,29,19.67,-3,"Loss",0.4,0.5833333333333334,"UCLA_2021",1.2083333333333333,0.29620253164556964
5,26,20,"regular","False",3,20,0,0,23,1,0,8,89,34.7,-19,"Loss",0.45,0.65625,"UCLA_2021",1.625,0.45852534562211983
8,10,26,"regular","False",14,3,0,14,28,1,2,8,50,31.28,-3,"Loss",0.5263157894736842,0.5217391304347826,"UCLA_2021",0.9782608695652174,0.3125
11,26,26,"regular","False",0,10,20,14,27,0,1,9,67,27.25,24,"Win",0.4,0.6923076923076923,"UCLA_2021",1.5769230769230769,0.4870259481037924
13,26,26,"regular","False",3,14,10,15,26,1,0,6,47,32.32,28,"Win",0.6923076923076923,0.6785714285714286,"UCLA_2021",1.5714285714285714,0.6322869955156951
1,26,26,"regular","False",7,17,7,14,29,1,1,9,60,34.8,28,"Win",0.5263157894736842,0.7446808510638298,"UCLA_2022",0.9574468085106383,0.42971246006389774
2,26,26,"regular","False",14,17,7,7,28,0,1,6,65,24.2,38,"Win",0.4444444444444444,0.7666666666666667,"UCLA_2022",1.2666666666666666,0.4536082474226804
3,26,26,"regular","False",6,7,10,9,23,2,0,4,42,27.05,1,"Win",0.5384615384615384,0.6666666666666666,"UCLA_2022",1.2333333333333334,0.3538083538083538
5,15,26,"regular","False",9,17,14,0,27,0,0,7,39,28.6,8,"Win",0.7142857142857143,0.7272727272727273,"UCLA_2022",1.1818181818181819,0.3687374749498998
6,11,18,"regular","False",7,7,14,14,21,0,1,11,68,26.15,10,"Win",0.5555555555555556,0.782608695652174,"UCLA_2022",1.6521739130434783,0.4043824701195219
9,26,12,"regular","False",14,10,7,7,26,1,0,6,50,28.55,25,"Win",0.3333333333333333,0.6206896551724138,"UCLA_2022",1.5517241379310345,0.6195028680688337
11,26,12,"regular","False",0,14,7,7,26,1,0,4,23,25.67,-6,"Loss",0.3333333333333333,0.6666666666666666,"UCLA_2022",0.9487179487179487,0.47198275862068967
12,7,16,"regular","False",14,7,10,14,27,1,3,6,35,24.67,-3,"Loss",0.5384615384615384,0.6052631578947368,"UCLA_2022",0.9736842105263158,0.39766081871345027
17,26,18,"post","True",7,14,7,7,19,1,4,4,45,22.88,-2,"Loss",0.5,0.6666666666666666,"UCLA_2022",0.8181818181818182,0.31263858093126384
1,26,26,"regular","False",7,7,0,13,19,0,3,8,55,25.17,14,"Win",0.5833333333333334,0.5862068965517241,"UCLA_2023",1.0689655172413792,0.3669064748201439
3,26,24,"regular","False",35,10,14,0,22,0,1,3,20,23.78,52,"Win",0.5,0.5882352941176471,"UCLA_2023",2.2941176470588234,0.6579804560260586
6,13,26,"regular","False",0,9,3,13,24,0,2,8,60,38.25,8,"Win",0.32,0.5,"UCLA_2023",1.2045454545454546,0.3842887473460722
9,26,23,"regular","False",0,7,7,14,25,2,2,9,85,33.23,12,"Win",0.5384615384615384,0.7142857142857143,"UCLA_2023",1.6071428571428572,0.44763860369609854
11,26,26,"regular","False",0,0,0,7,15,1,0,9,86,23.1,-10,"Loss",0.2727272727272727,0.5238095238095238,"UCLA_2023",1.7619047619047619,0.61
13,26,26,"regular","False",0,7,0,0,23,2,2,5,41,29.98,-26,"Loss",0.42105263157894735,0.6382978723404256,"UCLA_2023",0.7659574468085106,0.18469656992084432
3,26,26,"regular","False",0,7,3,3,16,1,1,7,74,28.43,-29,"Loss",0.25,0.625,"UCLA_2024",1.0833333333333333,0.40336134453781514
5,8,26,"regular","False",3,7,3,0,11,0,2,9,86,26.47,-21,"Loss",0.1,0.5416666666666666,"UCLA_2024",1.0,0.27325581395348836
7,26,26,"regular","False",7,3,0,7,18,0,3,10,105,29.03,-4,"Loss",0.46153846153846156,0.6944444444444444,"UCLA_2024",0.7222222222222222,0.1094224924012158
11,26,26,"regular","False",0,17,0,3,23,1,2,9,84,37.55,3,"Win",0.6428571428571429,0.6176470588235294,"UCLA_2024",1.1470588235294117,0.5096618357487923
13,26,26,"regular","False",3,0,10,0,16,0,0,8,65,30.95,-6,"Loss",0.2727272727272727,0.6896551724137931,"UCLA_2024",0.896551724137931,0.29521276595744683
14,26,26,"regular","False",3,3,7,7,20,0,0,8,70,37.23,7,"Win",0.5,0.65,"UCLA_2024",0.8,0.20385674931129477
1,26,15,"regular","False",21,10,21,0,37,2,0,9,76,38.73,39,"Win",0.6111111111111112,0.6829268292682927,"USC_2014",1.5609756097560976,0.39514978601997147
5,26,18,"regular","False",7,14,0,14,26,0,0,14,124,34.55,25,"Win",0.42105263157894735,0.7272727272727273,"USC_2014",1.4545454545454546,0.43383947939262474
6,26,16,"regular","False",7,10,3,14,28,0,0,9,60,37.3,-4,"Loss",0.4782608695652174,0.6222222222222222,"USC_2014",1.1111111111111112,0.4462474645030426
8,26,22,"regular","False",28,7,21,0,21,1,0,7,85,23.87,28,"Win",0.36363636363636365,0.6785714285714286,"USC_2014",1.1785714285714286,0.40037593984962405
12,26,26,"regular","False",21,10,0,7,29,0,1,14,159,30.85,8,"Win",0.5625,0.7380952380952381,"USC_2014",0.8333333333333334,0.17555555555555555
14,26,26,"regular","False",21,14,14,0,35,0,0,6,45,37.65,35,"Win",0.7222222222222222,0.8,"USC_2014",1.325,0.35528596187175043
17,26,24,"post","True",10,14,21,0,22,0,1,12,97,25.38,3,"Win",0.21428571428571427,0.5897435897435898,"USC_2014",0.8717948717948718,0.3766990291262136
1,26,8,"regular","False",14,14,14,13,22,0,0,3,25,24.48,49,"Win",0.3,0.71875,"USC_2015",1.0,0.36345776031434185
2,26,8,"regular","False",21,17,14,7,35,0,0,6,67,25.6,50,"Win",0.16666666666666666,0.8108108108108109,"USC_2015",1.0,0.3853459972862958
3,26,6,"regular","False",14,7,7,3,20,0,0,8,87,20.52,-10,"Loss",0.4,0.78125,"USC_2015",0.875,0.3629976580796253
6,26,17,"regular","False",3,3,0,6,20,1,2,8,62,27.52,-5,"Loss",0.07692307692307693,0.5517241379310345,"USC_2015",1.3448275862068966,0.5491329479768786
8,3,26,"regular","False",7,21,7,7,21,0,0,5,49,34.83,18,"Win",0.38461538461538464,0.7241379310344828,"USC_2015",1.5517241379310345,0.30526315789473685
10,26,26,"regular","False",0,17,0,21,23,1,0,8,70,31.63,8,"Win",0.5555555555555556,0.6111111111111112,"USC_2015",1.1111111111111112,0.4851694915254237
13,22,26,"regular","False",3,17,13,7,24,0,0,7,56,40.02,19,"Win",0.42105263157894735,0.5769230769230769,"USC_2015",2.269230769230769,0.573170731707317
2,26,26,"regular","False",7,14,10,14,29,0,1,5,51,32.6,38,"Win",0.5384615384615384,0.7567567567567568,"USC_2016",1.1891891891891893,0.4218009478672986
5,26,26,"regular","False",7,20,14,0,23,0,0,7,68,29.55,21,"Win",0.23076923076923078,0.6666666666666666,"USC_2016",0.9166666666666666,0.30019120458891013
6,21,26,"regular","False",7,7,0,7,28,3,1,2,22,32.3,4,"Win",0.5,0.6756756756756757,"USC_2016",1.162162162162162,0.3467153284671533
9,26,26,"regular","False",14,14,14,3,31,2,1,13,125,31.85,21,"Win",0.6,0.72,"USC_2016",1.92,0.6327503974562798
10,26,26,"regular","False",17,7,14,7,28,0,1,13,129,34.85,25,"Win",0.6428571428571429,0.6829268292682927,"USC_2016",0.975609756097561,0.46632124352331605
13,26,12,"regular","False",10,14,14,7,23,1,0,7,65,31.05,18,"Win",0.4166666666666667,0.6333333333333333,"USC_2016",1.2666666666666666,0.5024271844660194
1,26,4,"regular","False",7,7,7,28,25,0,2,9,94,25.37,18,"Win",0.6363636363636364,0.696969696969697,"USC_2017",1.0303030303030303,0.44529750479846447
2,14,6,"regular","False",14,14,0,14,28,0,2,8,90,34.58,18,"Win",0.8333333333333334,0.8076923076923077,"USC_2017",1.8461538461538463,0.492776886035313
3,26,4,"regular","False",0,14,0,3,25,0,2,8,49,32.77,3,"Win",0.3333333333333333,0.5490196078431373,"USC_2017",0.7254901960784313,0.1517094017094017
6,26,14,"regular","False",14,7,7,10,26,2,1,4,46,30.57,28,"Win",0.46153846153846156,0.6666666666666666,"USC_2017",1.0277777777777777,0.359375
7,26,13,"regular","False",7,0,7,14,30,3,0,3,35,27.0,1,"Win",0.5,0.54,"USC_2017",0.66,0.32706766917293234
10,22,17,"regular","False",7,14,7,21,30,0,1,14,123,33.92,14,"Win",0.4166666666666667,0.7692307692307693,"USC_2017",2.0,0.5155763239875389
12,26,11,"regular","False",14,0,7,7,24,0,1,11,115,29.7,5,"Win",0.2,0.6071428571428571,"USC_2017",1.4642857142857142,0.3669064748201439
14,12,10,"regular","True",7,10,7,7,22,1,0,9,76,31.23,3,"Win",0.46153846153846156,0.7083333333333334,"USC_2017",1.7916666666666667,0.35129740518962077
1,26,15,"regular","False",6,13,0,24,23,0,0,6,58,31.1,22,"Win",0.4375,0.6,"USC_2018",1.0857142857142856,0.437125748502994
4,26,26,"regular","False",7,10,7,15,23,0,0,8,65,24.18,3,"Win",0.3333333333333333,0.6538461538461539,"USC_2018",1.1923076923076923,0.3192090395480226
7,19,26,"regular","False",0,21,7,3,16,1,2,13,123,25.15,11,"Win",0.2,0.5142857142857142,"USC_2018",0.7428571428571429,0.15269461077844312
9,26,26,"regular","False",7,7,14,7,19,1,0,7,73,27.75,-3,"Loss",0.18181818181818182,0.7,"USC_2018",1.1,0.3547619047619048
11,26,26,"regular","False",0,14,0,0,18,1,1,5,55,32.78,-1,"Loss",0.4117647058823529,0.6176470588235294,"USC_2018",1.1176470588235294,0.35018050541516244
13,3,26,"regular","False",7,3,0,7,24,2,0,8,71,34.18,-7,"Loss",0.4666666666666667,0.7254901960784313,"USC_2018",0.47058823529411764,0.21218961625282168
1,26,26,"regular","False",14,3,14,0,25,2,2,4,35,28.02,8,"Win",0.46153846153846156,0.7380952380952381,"USC_2019",0.8571428571428571,0.39149888143176736
2,23,26,"regular","False",3,21,7,14,23,1,0,8,93,26.52,25,"Win",0.5555555555555556,0.8484848484848485,"USC_2019",0.8484848484848485,0.23373983739837398
4,10,26,"regular","False",14,0,7,9,16,1,1,11,117,21.8,7,"Win",0.5,0.71875,"USC_2019",0.6875,0.03412073490813648
8,26,26,"regular","False",10,7,10,14,16,1,0,10,100,29.97,27,"Win",0.4666666666666667,0.7,"USC_2019",1.2,0.4486607142857143
10,7,26,"regular","False",10,7,0,7,31,1,3,8,92,31.22,-32,"Loss",0.5625,0.5614035087719298,"USC_2019",0.43859649122807015,0.2563380281690141
13,26,23,"regular","False",10,14,14,14,34,1,0,7,57,28.6,17,"Win",0.4,0.7872340425531915,"USC_2019",0.6808510638297872,0.19906687402799378
10,26,20,"regular","False",7,7,0,14,28,3,1,5,59,34.63,1,"Win",0.3684210526315789,0.7272727272727273,"USC_2020",0.7272727272727273,0.3147482014388489
14,26,20,"regular","False",28,7,3,0,15,0,0,5,50,24.45,25,"Win",0.5454545454545454,0.7878787878787878,"USC_2020",0.6060606060606061,0.017421602787456445
16,26,13,"regular","False",7,7,3,7,25,0,3,9,98,29.23,-7,"Loss",0.3333333333333333,0.5384615384615384,"USC_2020",0.5384615384615384,0.10614525139664804
1,26,15,"regular","False",10,3,0,17,23,1,0,4,35,32.03,23,"Win",0.4666666666666667,0.6666666666666666,"USC_2021",0.9444444444444444,0.38461538461538464
2,26,14,"regular","False",0,10,3,15,24,0,1,9,111,42.5,-14,"Loss",0.42857142857142855,0.6428571428571429,"USC_2021",0.7857142857142857,0.4534313725490196
4,26,26,"regular","False",7,10,0,10,32,1,3,11,98,25.35,-18,"Loss",0.5384615384615384,0.6326530612244898,"USC_2021",0.4489795918367347,0.17633410672853828
6,26,26,"regular","False",3,7,0,16,27,0,1,8,90,31.17,-16,"Loss",0.35714285714285715,0.6226415094339622,"USC_2021",0.4716981132075472,0.18661257606490872
9,26,26,"regular","False",14,21,3,3,35,0,1,9,100,32.97,7,"Win",0.38461538461538464,0.6923076923076923,"USC_2021",1.1282051282051282,0.42778793418647165
12,26,26,"regular","False",10,7,9,7,27,0,2,8,78,33.1,-29,"Loss",0.47368421052631576,0.574468085106383,"USC_2021",0.8297872340425532,0.3285123966942149
13,13,26,"regular","False",3,10,10,8,27,0,0,8,64,28.85,-4,"Loss",0.4375,0.6388888888888888,"USC_2021",1.2222222222222223,0.4585152838427948
1,26,14,"regular","False",7,24,28,7,27,0,0,6,60,27.13,52,"Win",0.7142857142857143,0.8333333333333334,"USC_2022",0.9333333333333333,0.38661710037174724
3,26,7,"regular","False",14,7,14,10,29,0,0,4,50,34.13,28,"Win",0.5,0.6756756756756757,"USC_2022",1.027027027027027,0.4506769825918762
5,26,6,"regular","False",14,7,7,14,29,0,1,8,65,30.08,17,"Win",0.8888888888888888,0.7297297297297297,"USC_2022",0.8108108108108109,0.2824742268041237
6,26,6,"regular","False",10,7,7,6,23,0,0,5,50,32.8,16,"Win",0.4,0.5172413793103449,"USC_2022",1.3793103448275863,0.4905149051490515
10,26,9,"regular","False",6,14,14,7,24,1,0,5,36,28.0,6,"Win",0.4166666666666667,0.6341463414634146,"USC_2022",0.6829268292682927,0.30097087378640774
11,26,8,"regular","False",2,24,15,14,27,0,1,8,82,34.5,38,"Win",0.75,0.6060606060606061,"USC_2022",1.2424242424242424,0.3483992467043315
13,15,6,"regular","False",10,7,7,14,23,0,0,6,55,35.38,11,"Win",0.6666666666666666,0.8181818181818182,"USC_2022",1.7727272727272727,0.46788990825688076
14,11,4,"regular","True",14,3,0,7,19,1,1,4,39,30.22,-23,"Loss",0.08333333333333333,0.6829268292682927,"USC_2022",0.6585365853658537,0.13365155131264916
17,16,10,"post","True",7,21,7,10,29,0,1,5,37,39.82,-1,"Loss",0.7333333333333333,0.7115384615384616,"USC_2022",0.6153846153846154,0.2222222222222222
1,26,6,"regular","False",7,14,21,14,25,0,0,8,57,29.3,28,"Win",0.6923076923076923,0.6857142857142857,"USC_2023",0.9714285714285714,0.3193612774451098
1,26,6,"regular","False",21,14,7,24,27,1,0,8,75,24.02,52,"Win",0.3333333333333333,0.7352941176470589,"USC_2023",0.5882352941176471,0.3218562874251497
2,26,6,"regular","False",21,28,0,7,27,0,0,8,85,27.87,46,"Win",0.4444444444444444,0.8333333333333334,"USC_2023",0.7777777777777778,0.31413612565445026
6,26,9,"regular","False",0,14,7,7,23,1,0,8,72,24.35,2,"Win",0.3333333333333333,0.56,"USC_2023",1.32,0.4
8,14,18,"regular","False",14,0,3,15,18,1,0,6,47,25.3,-2,"Loss",0.36363636363636365,0.6857142857142857,"USC_2023",0.6571428571428571,0.36159600997506236
10,5,20,"regular","False",14,14,14,0,24,1,0,6,65,25.33,-10,"Loss",0.4444444444444444,0.75,"USC_2023",0.75,0.3941747572815534
12,26,26,"regular","False",0,10,3,7,17,2,1,6,52,27.43,-18,"Loss",0.3076923076923077,0.7045454545454546,"USC_2023",0.5,0.007751937984496124
17,15,26,"post","True",7,21,7,7,19,0,1,3,32,23.43,14,"Win",0.6,0.696969696969697,"USC_2023",0.5757575757575758,0.16027088036117382
2,26,13,"regular","False",10,17,7,14,28,1,0,4,27,32.88,48,"Win",0.6,0.7073170731707317,"USC_2024",0.9024390243902439,0.4577205882352941
5,26,13,"regular","False",7,3,14,14,29,2,1,7,53,40.12,17,"Win",0.6470588235294118,0.6666666666666666,"USC_2024",0.8222222222222222,0.34328358208955223
7,4,26,"regular","False",7,13,3,7,16,0,1,5,60,27.6,-3,"Loss",0.18181818181818182,0.5882352941176471,"USC_2024",0.7058823529411765,0.4621026894865526
9,26,26,"regular","False",14,14,14,0,23,0,0,5,43,23.53,22,"Win",0.5,0.7142857142857143,"USC_2024",0.8214285714285714,0.3047404063205418
12,26,26,"regular","False",7,7,7,7,22,1,1,5,70,31.83,8,"Win",0.46153846153846156,0.7142857142857143,"USC_2024",0.9142857142857143,0.4126984126984127
14,5,26,"regular","False",0,14,7,14,29,0,2,7,69,30.25,-14,"Loss",0.4166666666666667,0.5510204081632653,"USC_2024",0.5714285714285714,0.35368043087971274
1,26,26,"regular","False",0,7,0,0,13,4,3,7,66,30.95,-30,"Loss",0.21428571428571427,0.47058823529411764,"Vanderbilt_2014",0.8529411764705882,0.19424460431654678
2,15,26,"regular","False",0,0,0,3,9,0,1,7,53,22.57,-38,"Loss",0.3076923076923077,0.24,"Vanderbilt_2014",1.0,0.6407185628742516
3,26,26,"regular","False",0,20,0,14,17,0,1,9,77,31.63,3,"Win",0.4166666666666667,0.6956521739130435,"Vanderbilt_2014",1.7391304347826086,0.5161290322580645
4,14,26,"regular","False",14,0,10,10,18,1,1,7,75,28.97,-14,"Loss",0.4,0.6,"Vanderbilt_2014",1.2,0.41160949868073876
7,26,26,"regular","False",3,18,0,0,11,0,1,10,85,27.88,1,"Win",0.3076923076923077,0.6521739130434783,"Vanderbilt_2014",1.3478260869565217,0.3593220338983051
10,26,26,"regular","False",7,21,0,14,33,2,0,4,38,44.95,14,"Win",0.46153846153846156,0.6896551724137931,"Vanderbilt_2014",1.9310344827586208,0.4637404580152672
11,26,26,"regular","False",7,0,0,3,17,2,2,6,49,24.45,-24,"Loss",0.25,0.4666666666666667,"Vanderbilt_2014",0.5333333333333333,0.2694805194805195
14,26,26,"regular","False",0,10,7,0,19,0,3,7,50,30.12,-7,"Loss",0.3076923076923077,0.43333333333333335,"Vanderbilt_2014",1.2,0.4522058823529412
1,26,26,"regular","False",0,3,0,9,20,1,2,5,40,36.65,-2,"Loss",0.3888888888888889,0.5294117647058824,"Vanderbilt_2015",1.2352941176470589,0.43636363636363634
2,10,26,"regular","False",0,6,0,8,21,0,3,4,20,32.95,-17,"Loss",0.3333333333333333,0.48,"Vanderbilt_2015",0.78,0.2625
3,26,26,"regular","False",3,16,21,7,26,1,1,7,50,30.32,40,"Win",0.6428571428571429,0.7692307692307693,"Vanderbilt_2015",0.8974358974358975,0.27171903881700554
8,26,26,"regular","False",0,7,0,3,18,1,0,5,59,38.4,7,"Win",0.42105263157894735,0.6071428571428571,"Vanderbilt_2015",1.75,0.5526315789473685
11,26,26,"regular","False",7,14,0,0,13,2,0,3,25,30.95,4,"Win",0.35294117647058826,0.5,"Vanderbilt_2015",1.6153846153846154,0.4485049833887043
12,26,26,"regular","False",0,0,0,0,10,0,1,7,68,31.15,-25,"Loss",0.1875,0.3125,"Vanderbilt_2015",2.75,0.8445945945945946
1,26,26,"regular","False",3,7,0,0,14,0,0,5,33,33.25,-3,"Loss",0.26666666666666666,0.34782608695652173,"Vanderbilt_2016",1.826086956521739,0.6983471074380165
2,26,26,"regular","False",5,28,0,14,20,1,0,4,40,31.03,23,"Win",0.3333333333333333,0.5357142857142857,"Vanderbilt_2016",1.6071428571428572,0.6715116279069767
5,23,26,"regular","False",0,3,3,0,21,1,2,6,47,32.92,-7,"Loss",0.3333333333333333,0.375,"Vanderbilt_2016",1.15625,0.5547169811320755
8,26,26,"regular","False",7,14,7,7,28,0,0,5,63,33.08,18,"Win",0.4444444444444444,0.625,"Vanderbilt_2016",1.75,0.7145708582834331
12,26,26,"regular","False",7,7,17,7,22,1,0,5,40,34.82,21,"Win",0.3333333333333333,0.5666666666666667,"Vanderbilt_2016",1.5333333333333334,0.43243243243243246
13,17,26,"regular","False",7,17,7,14,27,0,1,4,30,31.52,11,"Win",0.5714285714285714,0.6,"Vanderbilt_2016",1.0857142857142856,0.3157894736842105
17,26,26,"post","True",3,0,7,7,18,0,3,4,40,30.2,-24,"Loss",0.3333333333333333,0.41304347826086957,"Vanderbilt_2016",0.7608695652173914,0.4968152866242038
2,26,26,"regular","False",14,21,7,0,18,0,0,4,40,30.68,42,"Win",0.46153846153846156,0.7307692307692307,"Vanderbilt_2017",1.3461538461538463,0.4339152119700748
3,18,26,"regular","False",7,0,0,7,11,1,0,5,50,29.55,7,"Win",0.3076923076923077,0.6086956521739131,"Vanderbilt_2017",1.391304347826087,0.24074074074074073
4,1,26,"regular","False",0,0,0,0,3,1,1,5,20,17.08,-59,"Loss",0.09090909090909091,0.3181818181818182,"Vanderbilt_2017",0.7272727272727273,0.5128205128205128
6,5,26,"regular","False",0,7,0,7,11,0,0,5,25,25.62,-31,"Loss",0.4,0.5483870967741935,"Vanderbilt_2017",0.7096774193548387,0.2711864406779661
10,26,26,"regular","False",14,7,7,3,19,1,0,6,54,27.52,14,"Win",0.45454545454545453,0.6666666666666666,"Vanderbilt_2017",1.6666666666666667,0.4416243654822335
11,26,26,"regular","False",7,0,14,0,21,0,4,4,48,26.52,-23,"Loss",0.38461538461538464,0.6976744186046512,"Vanderbilt_2017",0.46511627906976744,0.16304347826086957
12,26,26,"regular","False",0,0,17,0,25,0,3,6,45,35.45,-28,"Loss",0.3125,0.5384615384615384,"Vanderbilt_2017",0.5769230769230769,0.12781954887218044
1,26,26,"regular","False",7,7,7,14,19,0,0,7,49,28.85,28,"Win",0.5384615384615384,0.5882352941176471,"Vanderbilt_2018",2.235294117647059,0.5086705202312138
2,26,26,"regular","False",0,17,17,7,25,2,0,6,44,36.03,31,"Win",0.3333333333333333,0.7058823529411765,"Vanderbilt_2018",1.1470588235294117,0.4230769230769231
4,26,26,"regular","False",0,14,0,0,22,1,1,4,21,30.27,-23,"Loss",0.14285714285714285,0.475,"Vanderbilt_2018",0.825,0.323943661971831
5,26,26,"regular","False",0,10,14,7,23,0,2,2,15,30.07,4,"Win",0.5,0.7333333333333333,"Vanderbilt_2018",1.1333333333333333,0.4629294755877034
7,14,26,"regular","False",7,14,0,6,17,0,1,5,28,23.77,-10,"Loss",0.25,0.5,"Vanderbilt_2018",0.6111111111111112,0.31845238095238093
12,26,26,"regular","False",0,12,14,3,21,0,1,10,83,32.85,7,"Win",0.23076923076923078,0.6285714285714286,"Vanderbilt_2018",1.0285714285714285,0.5064599483204134
13,26,26,"regular","False",7,10,0,21,28,0,0,3,43,43.05,25,"Win",0.4166666666666667,0.8857142857142857,"Vanderbilt_2018",1.2285714285714286,0.21413276231263384
17,26,26,"post","True",14,7,7,10,22,1,0,4,26,24.57,-7,"Loss",0.5384615384615384,0.47368421052631576,"Vanderbilt_2018",0.631578947368421,0.5008726003490401
1,3,26,"regular","False",0,6,0,0,17,1,0,10,63,25.98,-24,"Loss",0.21428571428571427,0.5,"Vanderbilt_2019",0.9375,0.5155555555555555
4,4,26,"regular","False",7,10,14,7,17,0,2,3,27,32.55,-28,"Loss",0.35294117647058826,0.48717948717948717,"Vanderbilt_2019",0.8717948717948718,0.3877005347593583
5,26,26,"regular","False",14,0,7,3,16,0,0,9,97,28.58,6,"Win",0.2727272727272727,0.75,"Vanderbilt_2019",0.9285714285714286,0.4932975871313673
7,26,26,"regular","False",7,3,0,0,12,1,1,3,38,22.55,-24,"Loss",0.4,0.3902439024390244,"Vanderbilt_2019",0.5365853658536586,0.5424836601307189
8,22,26,"regular","False",0,14,0,7,16,0,1,7,72,32.85,7,"Win",0.25,0.5263157894736842,"Vanderbilt_2019",2.210526315789474,0.47619047619047616
12,26,26,"regular","False",14,0,0,0,13,0,1,5,42,21.35,-24,"Loss",0.2222222222222222,0.4583333333333333,"Vanderbilt_2019",1.0416666666666667,0.5454545454545454
13,26,26,"regular","False",7,7,17,7,17,0,0,4,35,31.75,38,"Win",0.38461538461538464,0.6538461538461539,"Vanderbilt_2019",1.1923076923076923,0.5263157894736842
5,20,26,"regular","False",0,7,0,0,17,0,2,5,24,30.78,-34,"Loss",0.4117647058823529,0.44,"Vanderbilt_2020",1.72,0.575187969924812
6,26,26,"regular","False",0,0,7,0,15,1,1,2,21,28.55,-34,"Loss",0.09090909090909091,0.6666666666666666,"Vanderbilt_2020",1.2222222222222223,0.30522088353413657
9,26,26,"regular","False",0,14,0,7,24,2,1,6,50,30.13,-33,"Loss",0.5714285714285714,0.7560975609756098,"Vanderbilt_2020",0.8292682926829268,0.24228028503562946
12,6,26,"regular","False",10,0,7,0,21,0,1,4,30,25.72,-21,"Loss",0.4666666666666667,0.6470588235294118,"Vanderbilt_2020",1.0,0.21428571428571427
15,26,26,"regular","False",7,3,0,7,16,0,1,7,60,26.38,-25,"Loss",0.16666666666666666,0.5641025641025641,"Vanderbilt_2020",0.7948717948717948,0.1815068493150685
1,26,26,"regular","False",3,0,0,0,23,1,2,8,70,27.22,-20,"Loss",0.3333333333333333,0.5454545454545454,"Vanderbilt_2021",0.7045454545454546,0.26479750778816197
3,26,26,"regular","False",7,7,3,6,23,0,1,7,66,31.37,-18,"Loss",0.2777777777777778,0.45,"Vanderbilt_2021",1.1,0.6206030150753769
4,2,26,"regular","False",0,0,0,0,4,1,2,4,29,22.73,-62,"Loss",0.15384615384615385,0.2777777777777778,"Vanderbilt_2021",1.5555555555555556,0.6883116883116883
5,26,26,"regular","False",3,14,0,13,23,1,1,5,60,31.83,2,"Win",0.375,0.675,"Vanderbilt_2021",0.825,0.24145785876993167
8,26,26,"regular","False",0,3,3,0,5,0,1,5,40,20.97,-39,"Loss",0.09090909090909091,0.68,"Vanderbilt_2021",0.68,0.05806451612903226
9,26,26,"regular","False",7,7,7,7,20,0,1,5,31,26.25,-9,"Loss",0.3333333333333333,0.5,"Vanderbilt_2021",1.3214285714285714,0.6789473684210526
11,26,26,"regular","False",3,0,8,6,16,0,1,6,31,30.23,-17,"Loss",0.38461538461538464,0.6896551724137931,"Vanderbilt_2021",1.0344827586206897,0.3609022556390977
1,26,26,"regular","False",21,7,7,7,17,0,0,7,54,25.45,11,"Win",0.38461538461538464,0.6206896551724138,"Vanderbilt_2022",1.1379310344827587,0.4221698113207547
2,23,26,"regular","False",3,7,8,7,11,2,1,3,23,29.78,-20,"Loss",0.15384615384615385,0.6153846153846154,"Vanderbilt_2022",1.3076923076923077,0.3843537414965986
6,9,26,"regular","False",3,17,0,8,21,1,0,5,50,41.28,-24,"Loss",0.4117647058823529,0.7105263157894737,"Vanderbilt_2022",1.0526315789473684,0.3027295285359802
10,26,26,"regular","False",7,7,7,6,24,2,2,5,37,30.78,-11,"Loss",0.3,0.5454545454545454,"Vanderbilt_2022",1.2424242424242424,0.4977973568281938
12,26,26,"regular","False",0,14,14,3,18,1,1,4,35,33.43,7,"Win",0.5,0.625,"Vanderbilt_2022",2.875,0.6183745583038869
13,10,26,"regular","False",0,0,0,0,17,1,0,6,60,43.75,-56,"Loss",0.17647058823529413,0.6,"Vanderbilt_2022",1.5666666666666667,0.5787401574803149
1,26,26,"regular","False",14,7,7,7,17,0,0,8,72,28.63,7,"Win",0.4166666666666667,0.6333333333333333,"Vanderbilt_2023",0.8666666666666667,0.13131313131313133
1,26,26,"regular","False",5,7,14,21,24,0,1,3,20,27.63,34,"Win",0.6428571428571429,0.5483870967741935,"Vanderbilt_2023",1.096774193548387,0.46637744034707157
4,26,26,"regular","False",0,10,3,15,20,0,4,7,75,28.82,-17,"Loss",0.35294117647058826,0.425531914893617,"Vanderbilt_2023",0.574468085106383,0.29573170731707316
5,23,26,"regular","False",7,0,0,14,15,0,1,4,25,24.03,-17,"Loss",0.2,0.6451612903225806,"Vanderbilt_2023",0.6451612903225806,0.13666666666666666
7,1,26,"regular","False",7,0,0,13,9,0,1,5,30,22.68,-17,"Loss",0.2222222222222222,0.6551724137931034,"Vanderbilt_2023",0.5172413793103449,0.0821917808219178
10,26,26,"regular","False",0,7,8,0,12,0,1,4,36,33.35,-16,"Loss",0.14285714285714285,0.53125,"Vanderbilt_2023",0.9375,0.37593984962406013
1,26,26,"regular","False",3,14,3,7,20,0,0,6,65,34.53,7,"Win",0.4166666666666667,0.75,"Vanderbilt_2024",3.0,0.48787061994609165
2,26,26,"regular","False",10,17,7,21,18,0,0,9,90,31.05,55,"Win",0.6,0.7857142857142857,"Vanderbilt_2024",2.7857142857142856,0.7076023391812866
6,1,26,"regular","False",13,10,7,10,26,0,0,3,20,42.13,5,"Win",0.6666666666666666,0.7619047619047619,"Vanderbilt_2024",2.5714285714285716,0.39712918660287083
8,26,26,"regular","False",3,11,0,10,21,0,0,2,10,34.58,10,"Win",0.5625,0.5483870967741935,"Vanderbilt_2024",1.1935483870967742,0.34523809523809523
9,5,25,"regular","False",7,3,7,7,17,1,2,4,35,28.85,-3,"Loss",0.25,0.5483870967741935,"Vanderbilt_2024",1.0,0.42379182156133827
11,26,26,"regular","False",0,0,7,0,17,1,0,5,57,29.02,-21,"Loss",0.46153846153846156,0.5161290322580645,"Vanderbilt_2024",0.9032258064516129,0.39416058394160586
14,8,26,"regular","False",17,0,0,6,15,0,1,8,80,26.42,-13,"Loss",0.4,0.4444444444444444,"Vanderbilt_2024",1.7222222222222223,0.5094339622641509
17,26,26,"post","True",7,7,7,14,20,0,0,8,79,31.17,8,"Win",0.5,0.6190476190476191,"Vanderbilt_2024",1.8095238095238095,0.477124183006536
2,26,26,"regular","False",24,13,7,15,26,0,0,10,100,27.63,7,"Win",0.5333333333333333,0.5833333333333334,"Washington_2014",2.375,0.664179104477612
3,26,26,"regular","False",21,17,0,6,25,1,0,8,73,33.95,25,"Win",0.5,0.7272727272727273,"Washington_2014",2.6363636363636362,0.5280172413793104
4,26,26,"regular","False",0,0,21,24,17,0,0,6,53,23.7,31,"Win",0.4,0.7037037037037037,"Washington_2014",1.5185185185185186,0.5416666666666666
5,16,26,"regular","False",0,13,0,0,15,0,0,10,84,27.68,-7,"Loss",0.2777777777777778,0.5,"Washington_2014",1.2666666666666666,0.45251396648044695
9,14,26,"regular","False",0,0,7,3,19,1,2,4,30,29.28,-14,"Loss",0.14285714285714285,0.6923076923076923,"Washington_2014",1.7692307692307692,0.5206896551724138
11,18,26,"regular","False",3,7,10,10,22,0,1,7,65,28.45,-14,"Loss",0.35714285714285715,0.5833333333333334,"Washington_2014",2.0,0.5765027322404371
13,26,26,"regular","False",14,3,6,14,16,1,0,6,60,27.63,24,"Win",0.5384615384615384,0.7916666666666666,"Washington_2014",1.4583333333333333,0.4698544698544699
2,26,26,"regular","False",0,28,21,0,23,1,0,3,30,26.15,49,"Win",0.2727272727272727,0.68,"Washington_2015",1.44,0.4007352941176471
3,26,26,"regular","False",3,14,14,0,20,2,1,3,38,32.8,14,"Win",0.5,0.7096774193548387,"Washington_2015",1.1290322580645162,0.167420814479638
4,26,26,"regular","False",7,0,14,3,15,3,2,5,53,20.18,-6,"Loss",0.2222222222222222,0.6071428571428571,"Washington_2015",0.9642857142857143,0.41312741312741313
7,26,26,"regular","False",0,3,10,7,17,0,1,8,64,29.15,-6,"Loss",0.38461538461538464,0.625,"Washington_2015",0.9375,0.4675324675324675
9,26,26,"regular","False",7,14,21,7,22,0,0,4,49,27.9,46,"Win",0.45454545454545453,0.68,"Washington_2015",1.44,0.42948717948717946
10,12,26,"regular","False",3,10,7,3,20,3,1,6,65,31.67,-11,"Loss",0.4375,0.5897435897435898,"Washington_2015",1.0,0.32545931758530183
13,20,26,"regular","False",7,10,7,21,22,0,1,10,80,37.47,35,"Win",0.4666666666666667,0.7,"Washington_2015",2.75,0.5417607223476298
1,26,14,"regular","False",24,10,14,0,17,0,1,3,30,26.75,35,"Win",0.25,0.6896551724137931,"Washington_2016",1.0344827586206897,0.2394736842105263
2,26,8,"regular","False",7,28,14,10,27,1,0,4,30,26.75,45,"Win",0.5,0.8181818181818182,"Washington_2016",0.9090909090909091,0.26141078838174275
3,26,8,"regular","False",14,14,0,13,20,1,0,5,65,26.3,38,"Win",0.5,0.6363636363636364,"Washington_2016",1.5909090909090908,0.5233415233415234
5,7,10,"regular","False",13,10,7,14,22,0,0,5,60,32.53,38,"Win",0.75,0.7142857142857143,"Washington_2016",1.9523809523809523,0.5047169811320755
8,26,5,"regular","False",21,10,10,0,26,1,0,2,10,32.93,24,"Win",0.4166666666666667,0.4838709677419355,"Washington_2016",1.2580645161290323,0.42196531791907516
11,20,4,"regular","False",3,3,7,0,13,0,2,3,35,27.38,-13,"Loss",0.35294117647058826,0.4594594594594595,"Washington_2016",0.7297297297297297,0.06159420289855073
12,26,6,"regular","False",3,21,6,14,26,0,2,7,70,32.17,26,"Win",0.3333333333333333,0.6136363636363636,"Washington_2016",0.75,0.37291280148423006
14,8,4,"regular","True",7,7,17,10,22,0,0,3,35,38.57,31,"Win",0.47058823529411764,0.375,"Washington_2016",2.25,0.6919060052219321
2,26,7,"regular","False",21,14,14,14,25,0,1,6,50,30.38,56,"Win",0.5,0.8571428571428571,"Washington_2017",1.3214285714285714,0.4209486166007905
3,26,6,"regular","False",27,14,7,0,21,2,0,4,41,27.08,32,"Win",0.375,0.8928571428571429,"Washington_2017",1.0714285714285714,0.21904761904761905
6,26,6,"regular","False",7,17,7,7,22,1,0,6,40,34.6,31,"Win",0.6,0.6428571428571429,"Washington_2017",0.9047619047619048,0.4297082228116711
9,26,12,"regular","False",3,17,17,7,24,1,1,4,47,33.85,21,"Win",0.45454545454545453,0.75,"Washington_2017",4.833333333333333,0.753393665158371
10,26,12,"regular","False",0,17,21,0,19,0,1,4,35,27.58,35,"Win",0.5384615384615384,0.5789473684210527,"Washington_2017",2.0526315789473686,0.5476718403547672
12,26,18,"regular","False",6,10,7,10,23,0,0,2,10,28.35,3,"Win",0.5,0.7428571428571429,"Washington_2017",0.9142857142857143,0.2578616352201258
13,13,17,"regular","False",7,17,10,7,20,0,0,2,15,30.67,27,"Win",0.2222222222222222,0.6470588235294118,"Washington_2017",2.6470588235294117,0.7790973871733967
2,26,9,"regular","False",10,7,7,21,25,0,2,5,45,31.05,42,"Win",0.5333333333333333,0.6888888888888889,"Washington_2018",0.7555555555555555,0.30854430379746833
4,26,10,"regular","False",14,3,3,7,26,0,1,3,30,30.72,7,"Win",0.45454545454545453,0.6521739130434783,"Washington_2018",1.6956521739130435,0.4584450402144772
5,20,11,"regular","False",7,14,14,0,26,1,0,5,40,31.12,28,"Win",0.75,0.92,"Washington_2018",1.48,0.40301724137931033
8,26,15,"regular","False",0,14,3,10,23,1,1,3,45,30.9,14,"Win",0.2727272727272727,0.6,"Washington_2018",1.6,0.5726495726495726
10,26,26,"regular","False",14,7,3,3,19,0,0,8,85,32.63,4,"Win",0.2857142857142857,0.5925925925925926,"Washington_2018",1.6666666666666667,0.477088948787062
12,26,18,"regular","False",28,7,7,0,22,0,0,4,40,32.28,19,"Win",0.4166666666666667,0.72,"Washington_2018",1.68,0.5467196819085487
14,17,11,"regular","True",0,3,7,0,19,0,1,4,45,38.53,7,"Win",0.4444444444444444,0.6363636363636364,"Washington_2018",1.2121212121212122,0.3888888888888889
1,26,13,"regular","False",21,7,14,5,27,0,0,5,38,34.28,33,"Win",0.5333333333333333,0.7368421052631579,"Washington_2019",1.131578947368421,0.3508771929824561
2,26,14,"regular","False",0,10,3,6,23,1,1,6,62,32.72,-1,"Loss",0.375,0.6,"Washington_2019",1.5333333333333334,0.5344827586206896
3,26,23,"regular","False",21,17,0,14,22,0,0,3,30,24.52,32,"Win",0.5,0.7307692307692307,"Washington_2019",1.1923076923076923,0.4222222222222222
5,21,17,"regular","False",14,3,11,0,16,1,0,7,44,28.85,14,"Win",0.25,0.6153846153846154,"Washington_2019",1.3461538461538463,0.517426273458445
8,12,25,"regular","False",7,14,10,0,20,0,0,7,62,30.98,-4,"Loss",0.23076923076923078,0.7666666666666667,"Washington_2019",1.1333333333333333,0.30193236714975846
10,9,26,"regular","False",7,7,7,7,21,1,2,6,25,25.43,-5,"Loss",0.375,0.5576923076923077,"Washington_2019",0.4230769230769231,0.14363143631436315
14,26,26,"regular","False",7,14,7,3,16,1,0,4,50,25.27,18,"Win",0.25,0.6818181818181818,"Washington_2019",1.3181818181818181,0.28654970760233917
17,19,26,"post","True",7,10,7,14,22,0,0,1,10,34.1,31,"Win",0.5,0.696969696969697,"Washington_2019",1.0606060606060606,0.3460410557184751
11,26,26,"regular","False",10,14,0,3,24,0,0,5,35,36.98,6,"Win",0.47058823529411764,0.5833333333333334,"Washington_2020",2.125,0.6544117647058824
12,26,26,"regular","False",17,7,13,7,24,0,0,6,46,37.28,17,"Win",0.5333333333333333,0.6153846153846154,"Washington_2020",1.7307692307692308,0.4936440677966102
13,26,26,"regular","False",0,0,17,7,20,0,3,6,51,25.6,3,"Win",0.3076923076923077,0.6052631578947368,"Washington_2020",0.6842105263157895,0.24444444444444444
14,26,22,"regular","False",0,3,13,10,19,0,0,4,30,27.58,-5,"Loss",0.6,0.6521739130434783,"Washington_2020",1.4782608695652173,0.31536388140161725
1,26,20,"regular","False",7,0,0,0,21,0,3,3,30,31.47,-6,"Loss",0.2857142857142857,0.5869565217391305,"Washington_2021",0.5869565217391305,0.22336769759450173
3,26,26,"regular","False",14,14,7,17,30,1,2,6,57,34.9,49,"Win",0.5714285714285714,0.5681818181818182,"Washington_2021",0.8863636363636364,0.33444816053511706
4,26,26,"regular","False",7,14,3,0,18,1,0,7,62,27.4,7,"Win",0.42857142857142855,0.59375,"Washington_2021",0.9375,0.2822085889570552
7,26,26,"regular","False",3,7,7,0,19,0,2,3,20,30.67,-7,"Loss",0.6428571428571429,0.6666666666666666,"Washington_2021",1.0333333333333334,0.31086142322097376
10,4,26,"regular","False",9,0,0,7,7,0,1,5,43,23.45,-10,"Loss",0.25,0.5555555555555556,"Washington_2021",0.8888888888888888,0.3313253012048193
11,26,26,"regular","False",14,3,7,6,17,1,1,1,3,26.92,-5,"Loss",0.3333333333333333,0.5757575757575758,"Washington_2021",0.9090909090909091,0.35714285714285715
13,26,26,"regular","False",0,7,0,6,11,0,4,3,41,18.58,-27,"Loss",0.36363636363636365,0.5483870967741935,"Washington_2021",0.45161290322580644,0.05
1,26,26,"regular","False",21,10,7,7,29,1,0,5,52,32.65,25,"Win",0.6,0.6590909090909091,"Washington_2022",0.7727272727272727,0.25142857142857145
2,26,26,"regular","False",14,17,14,7,32,0,1,9,90,32.65,46,"Win",0.7,0.696969696969697,"Washington_2022",1.2121212121212122,0.3905996758508914
3,11,26,"regular","False",9,20,7,3,24,0,0,8,64,29.78,11,"Win",0.4375,0.6,"Washington_2022",0.9,0.21073558648111332
4,26,18,"regular","False",7,10,13,10,23,0,0,5,32,33.5,18,"Win",0.4,0.5945945945945946,"Washington_2022",0.8648648648648649,0.35355648535564854
7,26,26,"regular","False",7,14,21,7,31,0,0,4,43,31.25,10,"Win",0.6,0.8181818181818182,"Washington_2022",0.6590909090909091,0.13277310924369748
10,23,26,"regular","False",0,7,7,10,24,0,1,9,97,28.23,3,"Win",0.6111111111111112,0.5769230769230769,"Washington_2022",0.46153846153846156,0.25125628140703515
12,26,17,"regular","False",14,19,14,7,29,0,1,5,35,32.78,47,"Win",0.5454545454545454,0.6052631578947368,"Washington_2022",1.131578947368421,0.48695652173913045
17,20,12,"post","True",10,3,7,7,25,0,1,7,45,35.77,7,"Win",0.55,0.5818181818181818,"Washington_2022",0.509090909090909,0.3550561797752809
1,26,10,"regular","False",0,28,7,21,22,0,0,5,60,29.8,37,"Win",0.4,0.7380952380952381,"Washington_2023",0.4523809523809524,0.13732394366197184
2,26,8,"regular","False",14,8,14,7,30,1,1,7,93,29.93,33,"Win",0.7142857142857143,0.75,"Washington_2023",0.55,0.1936056838365897
4,26,8,"regular","False",24,21,7,7,23,0,1,9,83,30.17,27,"Win",0.45454545454545453,0.71875,"Washington_2023",0.9375,0.2646502835538752
7,8,7,"regular","False",14,8,7,7,24,0,1,5,45,25.65,3,"Win",0.45454545454545453,0.6052631578947368,"Washington_2023",0.6052631578947368,0.2385542168674699
8,26,5,"regular","False",0,3,0,12,17,2,2,5,51,22.52,8,"Win",0.2727272727272727,0.6428571428571429,"Washington_2023",0.30952380952380953,0.04513888888888889
11,18,5,"regular","False",10,14,11,0,26,1,0,11,100,34.97,7,"Win",0.35714285714285715,0.5714285714285714,"Washington_2023",0.7857142857142857,0.2735229759299781
13,26,4,"regular","False",7,7,7,3,17,0,1,7,49,27.32,3,"Win",0.42857142857142855,0.5454545454545454,"Washington_2023",0.9090909090909091,0.3333333333333333
14,5,3,"regular","True",10,10,0,14,26,0,1,7,50,37.13,3,"Win",0.6666666666666666,0.7073170731707317,"Washington_2023",0.9024390243902439,0.3264033264033264
17,3,2,"post","True",7,14,10,6,25,1,0,5,39,36.33,6,"Win",0.2727272727272727,0.7435897435897436,"Washington_2023",0.7948717948717948,0.19172932330827067
1,26,26,"regular","False",0,14,14,7,25,0,0,6,53,30.52,32,"Win",0.5,0.71875,"Washington_2024",1.09375,0.42323651452282157
2,26,26,"regular","False",0,21,9,0,23,1,0,8,100,28.08,21,"Win",0.4444444444444444,0.8275862068965517,"Washington_2024",0.9655172413793104,0.36926147704590817
3,26,26,"regular","True",7,6,6,0,21,0,0,16,135,32.08,-5,"Loss",0.3076923076923077,0.7428571428571429,"Washington_2024",0.8857142857142857,0.27876106194690264
4,26,26,"regular","False",7,10,0,7,22,1,0,7,47,32.87,19,"Win",0.5,0.7333333333333333,"Washington_2024",1.3,0.36828644501278773
6,10,26,"regular","False",7,7,0,13,23,0,1,2,20,29.5,10,"Win",0.45454545454545453,0.696969696969697,"Washington_2024",1.0606060606060606,0.26573426573426573
10,26,26,"regular","False",10,10,0,6,21,0,0,7,44,26.92,5,"Win",0.42857142857142855,0.625,"Washington_2024",0.725,0.30133333333333334
12,26,26,"regular","False",7,7,3,14,20,0,2,2,25,26.95,12,"Win",0.3333333333333333,0.6896551724137931,"Washington_2024",1.0344827586206897,0.40327868852459015
17,26,26,"post","True",7,14,0,13,21,0,1,4,40,31.6,-1,"Loss",0.4,0.8125,"Washington_2024",1.125,0.2076271186440678
2,26,18,"regular","False",2,7,14,14,25,0,1,4,38,35.27,34,"Win",0.5,0.8275862068965517,"Wisconsin_2014",1.3448275862068966,0.36622807017543857
4,26,19,"regular","False",14,27,21,6,29,2,1,5,55,36.6,51,"Win",0.42857142857142855,0.5,"Wisconsin_2014",3.3333333333333335,0.8518518518518519
5,26,19,"regular","False",3,0,17,7,26,1,0,4,35,40.85,17,"Win",0.4166666666666667,0.6111111111111112,"Wisconsin_2014",3.1666666666666665,0.6475770925110133
7,26,26,"regular","False",7,17,7,7,22,0,0,4,53,32.35,10,"Win",0.3076923076923077,0.5555555555555556,"Wisconsin_2014",2.611111111111111,0.8052208835341366
9,26,26,"regular","False",10,14,14,14,25,0,0,2,20,35.35,45,"Win",0.42857142857142855,0.6521739130434783,"Wisconsin_2014",2.130434782608696,0.5901328273244781
12,16,20,"regular","False",3,21,28,7,20,4,0,6,55,31.13,35,"Win",0.375,0.6363636363636364,"Wisconsin_2014",4.818181818181818,0.9266347687400319
14,18,14,"regular","False",3,10,7,14,20,1,0,7,69,32.72,10,"Win",0.4166666666666667,0.6111111111111112,"Wisconsin_2014",2.5555555555555554,0.5200892857142857
17,19,18,"post","True",7,0,14,10,31,0,3,3,28,33.07,3,"Win",0.25,0.5185185185185185,"Wisconsin_2014",2.0,0.7677543186180422
2,26,26,"regular","False",13,24,14,7,26,0,1,8,65,36.82,58,"Win",0.5625,0.6388888888888888,"Wisconsin_2015",1.25,0.41685144124168516
3,26,24,"regular","False",7,7,7,7,17,0,0,6,63,26.63,25,"Win",0.3,0.7222222222222222,"Wisconsin_2015",1.9444444444444444,0.49625935162094764
4,26,22,"regular","False",7,7,7,7,31,0,0,6,52,39.78,28,"Win",0.4,0.6,"Wisconsin_2015",2.16,0.63671875
5,26,19,"regular","False",3,0,3,0,21,2,2,8,90,30.77,-4,"Loss",0.3076923076923077,0.5526315789473685,"Wisconsin_2015",0.8947368421052632,0.26875
7,26,26,"regular","False",7,3,7,7,26,0,1,7,65,37.77,17,"Win",0.5,0.7692307692307693,"Wisconsin_2015",0.9487179487179487,0.22966507177033493
9,26,26,"regular","False",10,17,14,7,15,0,2,5,40,28.13,38,"Win",0.5,0.4642857142857143,"Wisconsin_2015",1.3571428571428572,0.49061032863849763
12,20,25,"regular","False",0,0,7,0,14,3,2,2,25,27.95,-6,"Loss",0.15384615384615385,0.5555555555555556,"Wisconsin_2015",0.7222222222222222,-0.12807881773399016
17,25,26,"post","True",0,13,7,3,21,0,0,5,36,37.3,2,"Win",0.4,0.6206896551724138,"Wisconsin_2015",1.5862068965517242,0.44923857868020306
1,5,26,"regular","True",0,6,7,3,21,1,2,5,55,36.95,2,"Win",0.2,0.6129032258064516,"Wisconsin_2016",1.3548387096774193,0.3952802359882006
2,26,10,"regular","False",9,21,10,14,32,0,0,3,40,40.87,44,"Win",0.6666666666666666,0.7407407407407407,"Wisconsin_2016",2.037037037037037,0.5017064846416383
3,26,9,"regular","False",6,0,7,10,25,1,1,0,0,37.47,6,"Win",0.5,0.6,"Wisconsin_2016",1.6333333333333333,0.4675
7,2,8,"regular","False",10,6,0,7,22,0,1,4,35,31.47,-7,"Loss",0.4,0.5714285714285714,"Wisconsin_2016",1.6428571428571428,0.5244444444444445
9,7,11,"regular","False",7,3,7,0,16,0,2,1,5,27.75,6,"Win",0.38461538461538464,0.6086956521739131,"Wisconsin_2016",1.6521739130434783,0.6617210682492581
11,26,7,"regular","False",21,10,3,14,23,0,0,4,34,42.05,45,"Win",0.5384615384615384,0.5714285714285714,"Wisconsin_2016",4.571428571428571,0.7978021978021979
13,26,6,"regular","False",0,7,3,21,19,1,0,3,35,32.98,14,"Win",0.3333333333333333,0.5909090909090909,"Wisconsin_2016",2.1363636363636362,0.580110497237569
17,15,8,"post","True",14,3,0,7,18,0,0,5,35,30.08,8,"Win",0.6363636363636364,0.9285714285714286,"Wisconsin_2016",2.7142857142857144,0.5082872928176796
1,26,9,"regular","False",0,10,28,21,25,2,0,9,73,33.32,49,"Win",0.6666666666666666,0.6521739130434783,"Wisconsin_2017",1.9565217391304348,0.4895397489539749
2,26,9,"regular","False",14,10,7,0,29,1,1,1,10,38.57,17,"Win",0.42857142857142855,0.5666666666666667,"Wisconsin_2017",1.8,0.6329787234042553
5,26,10,"regular","False",7,0,14,12,13,1,2,5,47,27.22,9,"Win",0.2727272727272727,0.55,"Wisconsin_2017",1.85,0.3562091503267974
7,26,7,"regular","False",14,3,0,0,24,1,2,8,65,39.3,8,"Win",0.6428571428571429,0.7222222222222222,"Wisconsin_2017",2.9444444444444446,0.597165991902834
8,26,5,"regular","False",7,14,7,10,23,1,1,6,49,32.53,25,"Win",0.6153846153846154,0.6666666666666666,"Wisconsin_2017",1.7083333333333333,0.48863636363636365
11,20,8,"regular","False",3,14,7,14,18,1,3,6,54,38.45,24,"Win",0.38461538461538464,0.6111111111111112,"Wisconsin_2017",2.7222222222222223,0.6465968586387435
12,24,5,"regular","False",7,0,14,3,14,0,1,4,35,31.75,14,"Win",0.3333333333333333,0.47368421052631576,"Wisconsin_2017",2.1052631578947367,0.56
14,8,4,"regular","True",7,3,3,8,16,0,2,6,55,34.1,-6,"Loss",0.3125,0.4878048780487805,"Wisconsin_2017",0.7804878048780488,0.20134228187919462
1,26,4,"regular","False",7,17,3,7,24,1,0,8,70,34.05,31,"Win",0.5384615384615384,0.5483870967741935,"Wisconsin_2018",1.2580645161290323,0.47657841140529533
2,26,5,"regular","False",3,7,14,21,29,1,1,4,39,36.57,31,"Win",0.6666666666666666,0.6923076923076923,"Wisconsin_2018",4.538461538461538,0.7341549295774648
3,26,6,"regular","False",7,7,0,7,20,0,1,6,33,34.33,-3,"Loss",0.3076923076923077,0.6428571428571429,"Wisconsin_2018",1.5357142857142858,0.5177664974619289
6,26,16,"regular","False",3,17,14,7,26,1,0,5,50,35.55,17,"Win",0.5,0.5416666666666666,"Wisconsin_2018",2.0,0.6941838649155723
8,26,23,"regular","False",14,14,14,7,31,0,2,5,50,37.87,29,"Win",0.375,0.5909090909090909,"Wisconsin_2018",2.4545454545454546,0.655045871559633
10,26,26,"regular","False",7,3,14,7,26,0,2,4,19,31.85,14,"Win",0.6666666666666666,0.5217391304347826,"Wisconsin_2018",2.0,0.6701902748414377
13,26,26,"regular","False",0,7,0,8,21,1,3,6,54,24.9,-22,"Loss",0.36363636363636365,0.6666666666666666,"Wisconsin_2018",0.9393939393939394,0.4735376044568245
17,26,26,"post","True",14,0,7,14,20,0,1,1,15,39.78,32,"Win",0.46153846153846156,0.5454545454545454,"Wisconsin_2018",5.2727272727272725,0.8201970443349754
2,26,17,"regular","False",16,28,10,7,37,1,0,1,10,39.45,61,"Win",0.8461538461538461,0.7948717948717948,"Wisconsin_2019",1.1025641025641026,0.332220367278798
4,11,13,"regular","False",14,14,7,0,25,0,0,9,69,41.12,21,"Win",0.38461538461538464,0.8125,"Wisconsin_2019",3.5625,0.7371663244353183
5,26,8,"regular","False",7,0,7,10,13,1,1,7,79,31.35,9,"Win",0.25,0.625,"Wisconsin_2019",1.5,0.5349794238683128
6,26,8,"regular","False",7,21,13,7,29,1,0,3,31,40.43,48,"Win",0.7333333333333333,0.85,"Wisconsin_2019",2.75,0.6692307692307692
7,26,8,"regular","False",7,10,0,21,22,0,0,1,10,39.17,38,"Win",0.46153846153846156,0.8571428571428571,"Wisconsin_2019",2.1904761904761907,0.5522388059701493
11,18,13,"regular","False",0,14,7,3,24,1,1,8,63,37.4,2,"Win",0.5714285714285714,0.64,"Wisconsin_2019",1.84,0.6342494714587738
13,26,12,"regular","False",14,10,14,7,31,3,1,3,25,36.78,21,"Win",0.8181818181818182,0.7894736842105263,"Wisconsin_2019",2.8947368421052633,0.665016501650165
15,1,8,"regular","True",7,14,0,0,23,0,0,4,41,28.23,-13,"Loss",0.4666666666666667,0.5,"Wisconsin_2019",1.088235294117647,0.46296296296296297
17,6,8,"post","True",10,7,7,3,18,3,1,9,79,38.05,-1,"Loss",0.29411764705882354,0.6571428571428571,"Wisconsin_2019",1.0571428571428572,0.422360248447205
8,26,14,"regular","False",7,21,0,17,23,1,0,3,15,43.47,38,"Win",0.5714285714285714,0.9523809523809523,"Wisconsin_2020",2.5714285714285716,0.4232558139534884
14,12,16,"regular","False",0,3,3,0,19,1,1,8,81,35.13,-8,"Loss",0.5,0.5882352941176471,"Wisconsin_2020",1.0294117647058822,0.4093567251461988
16,26,26,"regular","False",0,7,7,3,18,0,1,5,47,30.47,3,"Win",0.3333333333333333,0.64,"Wisconsin_2020",1.44,0.5434782608695652
17,26,26,"post","True",0,14,14,14,19,0,1,6,39,33.87,14,"Win",0.2727272727272727,0.65,"Wisconsin_2020",2.2,0.45864661654135336
1,19,12,"regular","False",0,0,7,3,29,1,2,7,42,42.85,-6,"Loss",0.3181818181818182,0.5945945945945946,"Wisconsin_2021",1.5675675675675675,0.4931506849315068
2,26,18,"regular","False",7,17,3,7,26,0,1,7,60,40.07,27,"Win",0.4166666666666667,0.8,"Wisconsin_2021",2.75,0.6795366795366795
4,12,18,"regular","True",3,0,7,3,16,1,4,5,33,28.62,-28,"Loss",0.07142857142857142,0.43902439024390244,"Wisconsin_2021",0.6829268292682927,0.24528301886792453
5,14,26,"regular","False",0,10,0,7,12,2,1,1,5,25.37,-21,"Loss",0.21428571428571427,0.4782608695652174,"Wisconsin_2021",1.391304347826087,0.20476190476190476
7,26,26,"regular","False",0,13,0,7,18,1,0,4,20,30.78,6,"Win",0.3,0.5333333333333333,"Wisconsin_2021",2.8666666666666667,0.6387096774193548
9,9,26,"regular","False",7,13,0,7,16,0,0,3,23,35.78,20,"Win",0.375,0.5,"Wisconsin_2021",2.1818181818181817,0.6148148148148148
11,26,18,"regular","False",0,21,14,0,24,2,1,7,39,34.37,28,"Win",0.5454545454545454,0.76,"Wisconsin_2021",1.76,0.5392354124748491
12,26,15,"regular","False",14,0,14,7,15,0,0,4,42,26.72,7,"Win",0.3333333333333333,0.6666666666666666,"Wisconsin_2021",1.7222222222222223,0.6347607052896725
1,26,18,"regular","False",7,10,14,7,18,0,0,5,51,30.38,38,"Win",0.4444444444444444,0.875,"Wisconsin_2022",2.3125,0.5022727272727273
2,26,19,"regular","False",0,14,0,0,22,2,1,11,106,38.03,-3,"Loss",0.5333333333333333,0.5806451612903226,"Wisconsin_2022",1.4193548387096775,0.4339152119700748
3,26,26,"regular","False",7,28,21,10,24,0,1,4,50,31.28,59,"Win",0.3333333333333333,0.8,"Wisconsin_2022",2.3,0.4369747899159664
5,26,26,"regular","False",7,3,0,0,12,1,2,10,78,26.02,-24,"Loss",0.2857142857142857,0.5151515151515151,"Wisconsin_2022",0.7272727272727273,0.009615384615384616
8,26,26,"regular","False",21,0,14,0,16,1,0,9,82,25.0,11,"Win",0.25,0.6190476190476191,"Wisconsin_2022",1.380952380952381,0.4671916010498688
10,26,26,"regular","False",7,10,3,3,15,0,0,5,35,29.4,13,"Win",0.3125,0.2777777777777778,"Wisconsin_2022",2.5555555555555554,0.7830985915492957
13,26,26,"regular","False",3,3,10,0,18,0,1,6,55,29.72,-7,"Loss",0.3125,0.5454545454545454,"Wisconsin_2022",1.0,0.4281437125748503
1,26,19,"regular","False",7,7,14,10,23,0,2,3,30,30.43,21,"Win",0.3333333333333333,0.7741935483870968,"Wisconsin_2023",1.2903225806451613,0.6242544731610338
3,26,26,"regular","False",0,7,21,7,22,0,0,8,88,28.62,21,"Win",0.2727272727272727,0.6451612903225806,"Wisconsin_2023",1.2258064516129032,0.458980044345898
6,26,26,"regular","False",3,14,0,7,23,2,0,2,25,32.78,11,"Win",0.5294117647058824,0.5483870967741935,"Wisconsin_2023",1.4838709677419355,0.5949720670391061
7,26,26,"regular","False",0,0,6,0,18,1,1,7,48,29.45,-9,"Loss",0.11764705882352941,0.54,"Wisconsin_2023",0.56,0.3132530120481928
9,3,26,"regular","False",0,3,7,0,14,1,0,5,26,24.17,-14,"Loss",0.375,0.46153846153846156,"Wisconsin_2023",0.6410256410256411,0.3643410852713178
11,26,26,"regular","False",3,0,0,7,17,1,0,5,50,27.83,-14,"Loss",0.5294117647058824,0.6888888888888889,"Wisconsin_2023",0.5333333333333333,0.25219941348973607
12,26,26,"regular","False",0,10,7,0,19,0,0,4,45,28.67,7,"Win",0.4666666666666667,0.6428571428571429,"Wisconsin_2023",1.4285714285714286,0.4936708860759494
1,26,26,"regular","False",0,10,3,15,27,1,0,3,11,35.3,14,"Win",0.625,0.5833333333333334,"Wisconsin_2024",1.2777777777777777,0.5051546391752577
2,26,26,"regular","False",14,3,3,7,23,1,0,4,19,32.48,14,"Win",0.5,0.6296296296296297,"Wisconsin_2024",1.5185185185185186,0.44415584415584414
3,4,26,"regular","False",3,0,7,0,17,2,0,4,23,34.27,-32,"Loss",0.21428571428571427,0.5806451612903226,"Wisconsin_2024",1.3225806451612903,0.5137931034482759
6,26,26,"regular","False",14,7,21,10,28,0,2,3,30,31.78,46,"Win",0.5714285714285714,0.65625,"Wisconsin_2024",1.28125,0.3870967741935484
9,3,26,"regular","False",3,7,3,0,16,0,1,5,33,25.48,-15,"Loss",0.3888888888888889,0.5238095238095238,"Wisconsin_2024",0.6428571428571429,0.27181208053691275
12,1,26,"regular","False",0,10,3,0,15,0,1,8,56,27.62,-3,"Loss",0.08333333333333333,0.42857142857142855,"Wisconsin_2024",1.2142857142857142,0.5752212389380531
14,26,26,"regular","False",0,0,7,0,12,0,0,7,62,24.15,-17,"Loss",0.21428571428571427,0.46875,"Wisconsin_2024",0.75,0.21686746987951808
